country,denomination,currency,year_start,year_end,mass_g,diameter_mm,thickness_mm,hole_mm,color_hint,notes,metal_1,pct_1,metal_2,pct_2,metal_3,pct_3,composition_source
United States,Cent,USD,1900,1900,3.11,19.05,1.52,0.0,brown,Wheat/MM/Lincoln types vary,copper,0.95,zinc,0.05,none,0.0,color:brown
United States,Nickel,USD,1900,1900,5.0,21.21,1.95,0.0,silver,,copper,0.75,nickel,0.25,none,0.0,color:silver
United States,Dime,USD,1900,1900,2.5,17.91,1.35,0.0,silver,90% silver,silver,0.9,copper,0.0999999999999999,none,0.0,notes:percent
United States,Quarter,USD,1900,1900,6.25,24.26,1.75,0.0,silver,90% silver,silver,0.9,copper,0.0999999999999999,none,0.0,notes:percent
United States,Half Dollar,USD,1900,1900,12.5,30.61,2.15,0.0,silver,90% silver,silver,0.9,copper,0.0999999999999999,none,0.0,notes:percent
United States,Dollar,USD,1900,1900,26.73,38.1,2.4,0.0,silver,90% silver (Morgan/Peace),silver,0.9,copper,0.0999999999999999,none,0.0,notes:percent
United States,Cent,USD,1901,1901,3.11,19.05,1.52,0.0,brown,Wheat/MM/Lincoln types vary,copper,0.95,zinc,0.05,none,0.0,color:brown
United States,Nickel,USD,1901,1901,5.0,21.21,1.95,0.0,silver,,copper,0.75,nickel,0.25,none,0.0,color:silver
United States,Dime,USD,1901,1901,2.5,17.91,1.35,0.0,silver,90% silver,silver,0.9,copper,0.0999999999999999,none,0.0,notes:percent
United States,Quarter,USD,1901,1901,6.25,24.26,1.75,0.0,silver,90% silver,silver,0.9,copper,0.0999999999999999,none,0.0,notes:percent
United States,Half Dollar,USD,1901,1901,12.5,30.61,2.15,0.0,silver,90% silver,silver,0.9,copper,0.0999999999999999,none,0.0,notes:percent
United States,Dollar,USD,1901,1901,26.73,38.1,2.4,0.0,silver,90% silver (Morgan/Peace),silver,0.9,copper,0.0999999999999999,none,0.0,notes:percent
United States,Cent,USD,1902,1902,3.11,19.05,1.52,0.0,brown,Wheat/MM/Lincoln types vary,copper,0.95,zinc,0.05,none,0.0,color:brown
United States,Nickel,USD,1902,1902,5.0,21.21,1.95,0.0,silver,,copper,0.75,nickel,0.25,none,0.0,color:silver
United States,Dime,USD,1902,1902,2.5,17.91,1.35,0.0,silver,90% silver,silver,0.9,copper,0.0999999999999999,none,0.0,notes:percent
United States,Quarter,USD,1902,1902,6.25,24.26,1.75,0.0,silver,90% silver,silver,0.9,copper,0.0999999999999999,none,0.0,notes:percent
United States,Half Dollar,USD,1902,1902,12.5,30.61,2.15,0.0,silver,90% silver,silver,0.9,copper,0.0999999999999999,none,0.0,notes:percent
United States,Dollar,USD,1902,1902,26.73,38.1,2.4,0.0,silver,90% silver (Morgan/Peace),silver,0.9,copper,0.0999999999999999,none,0.0,notes:percent
United States,Cent,USD,1903,1903,3.11,19.05,1.52,0.0,brown,Wheat/MM/Lincoln types vary,copper,0.95,zinc,0.05,none,0.0,color:brown
United States,Nickel,USD,1903,1903,5.0,21.21,1.95,0.0,silver,,copper,0.75,nickel,0.25,none,0.0,color:silver
United States,Dime,USD,1903,1903,2.5,17.91,1.35,0.0,silver,90% silver,silver,0.9,copper,0.0999999999999999,none,0.0,notes:percent
United States,Quarter,USD,1903,1903,6.25,24.26,1.75,0.0,silver,90% silver,silver,0.9,copper,0.0999999999999999,none,0.0,notes:percent
United States,Half Dollar,USD,1903,1903,12.5,30.61,2.15,0.0,silver,90% silver,silver,0.9,copper,0.0999999999999999,none,0.0,notes:percent
United States,Dollar,USD,1903,1903,26.73,38.1,2.4,0.0,silver,90% silver (Morgan/Peace),silver,0.9,copper,0.0999999999999999,none,0.0,notes:percent
United States,Cent,USD,1904,1904,3.11,19.05,1.52,0.0,brown,Wheat/MM/Lincoln types vary,copper,0.95,zinc,0.05,none,0.0,color:brown
United States,Nickel,USD,1904,1904,5.0,21.21,1.95,0.0,silver,,copper,0.75,nickel,0.25,none,0.0,color:silver
United States,Dime,USD,1904,1904,2.5,17.91,1.35,0.0,silver,90% silver,silver,0.9,copper,0.0999999999999999,none,0.0,notes:percent
United States,Quarter,USD,1904,1904,6.25,24.26,1.75,0.0,silver,90% silver,silver,0.9,copper,0.0999999999999999,none,0.0,notes:percent
United States,Half Dollar,USD,1904,1904,12.5,30.61,2.15,0.0,silver,90% silver,silver,0.9,copper,0.0999999999999999,none,0.0,notes:percent
United States,Dollar,USD,1904,1904,26.73,38.1,2.4,0.0,silver,90% silver (Morgan/Peace),silver,0.9,copper,0.0999999999999999,none,0.0,notes:percent
United States,Cent,USD,1905,1905,3.11,19.05,1.52,0.0,brown,Wheat/MM/Lincoln types vary,copper,0.95,zinc,0.05,none,0.0,color:brown
United States,Nickel,USD,1905,1905,5.0,21.21,1.95,0.0,silver,,copper,0.75,nickel,0.25,none,0.0,color:silver
United States,Dime,USD,1905,1905,2.5,17.91,1.35,0.0,silver,90% silver,silver,0.9,copper,0.0999999999999999,none,0.0,notes:percent
United States,Quarter,USD,1905,1905,6.25,24.26,1.75,0.0,silver,90% silver,silver,0.9,copper,0.0999999999999999,none,0.0,notes:percent
United States,Half Dollar,USD,1905,1905,12.5,30.61,2.15,0.0,silver,90% silver,silver,0.9,copper,0.0999999999999999,none,0.0,notes:percent
United States,Dollar,USD,1905,1905,26.73,38.1,2.4,0.0,silver,90% silver (Morgan/Peace),silver,0.9,copper,0.0999999999999999,none,0.0,notes:percent
United States,Cent,USD,1906,1906,3.11,19.05,1.52,0.0,brown,Wheat/MM/Lincoln types vary,copper,0.95,zinc,0.05,none,0.0,color:brown
United States,Nickel,USD,1906,1906,5.0,21.21,1.95,0.0,silver,,copper,0.75,nickel,0.25,none,0.0,color:silver
United States,Dime,USD,1906,1906,2.5,17.91,1.35,0.0,silver,90% silver,silver,0.9,copper,0.0999999999999999,none,0.0,notes:percent
United States,Quarter,USD,1906,1906,6.25,24.26,1.75,0.0,silver,90% silver,silver,0.9,copper,0.0999999999999999,none,0.0,notes:percent
United States,Half Dollar,USD,1906,1906,12.5,30.61,2.15,0.0,silver,90% silver,silver,0.9,copper,0.0999999999999999,none,0.0,notes:percent
United States,Dollar,USD,1906,1906,26.73,38.1,2.4,0.0,silver,90% silver (Morgan/Peace),silver,0.9,copper,0.0999999999999999,none,0.0,notes:percent
United States,Cent,USD,1907,1907,3.11,19.05,1.52,0.0,brown,Wheat/MM/Lincoln types vary,copper,0.95,zinc,0.05,none,0.0,color:brown
United States,Nickel,USD,1907,1907,5.0,21.21,1.95,0.0,silver,,copper,0.75,nickel,0.25,none,0.0,color:silver
United States,Dime,USD,1907,1907,2.5,17.91,1.35,0.0,silver,90% silver,silver,0.9,copper,0.0999999999999999,none,0.0,notes:percent
United States,Quarter,USD,1907,1907,6.25,24.26,1.75,0.0,silver,90% silver,silver,0.9,copper,0.0999999999999999,none,0.0,notes:percent
United States,Half Dollar,USD,1907,1907,12.5,30.61,2.15,0.0,silver,90% silver,silver,0.9,copper,0.0999999999999999,none,0.0,notes:percent
United States,Dollar,USD,1907,1907,26.73,38.1,2.4,0.0,silver,90% silver (Morgan/Peace),silver,0.9,copper,0.0999999999999999,none,0.0,notes:percent
United States,Cent,USD,1908,1908,3.11,19.05,1.52,0.0,brown,Wheat/MM/Lincoln types vary,copper,0.95,zinc,0.05,none,0.0,color:brown
United States,Nickel,USD,1908,1908,5.0,21.21,1.95,0.0,silver,,copper,0.75,nickel,0.25,none,0.0,color:silver
United States,Dime,USD,1908,1908,2.5,17.91,1.35,0.0,silver,90% silver,silver,0.9,copper,0.0999999999999999,none,0.0,notes:percent
United States,Quarter,USD,1908,1908,6.25,24.26,1.75,0.0,silver,90% silver,silver,0.9,copper,0.0999999999999999,none,0.0,notes:percent
United States,Half Dollar,USD,1908,1908,12.5,30.61,2.15,0.0,silver,90% silver,silver,0.9,copper,0.0999999999999999,none,0.0,notes:percent
United States,Dollar,USD,1908,1908,26.73,38.1,2.4,0.0,silver,90% silver (Morgan/Peace),silver,0.9,copper,0.0999999999999999,none,0.0,notes:percent
United States,Cent,USD,1909,1909,3.11,19.05,1.52,0.0,brown,Wheat/MM/Lincoln types vary,copper,0.95,zinc,0.05,none,0.0,color:brown
United States,Nickel,USD,1909,1909,5.0,21.21,1.95,0.0,silver,,copper,0.75,nickel,0.25,none,0.0,color:silver
United States,Dime,USD,1909,1909,2.5,17.91,1.35,0.0,silver,90% silver,silver,0.9,copper,0.0999999999999999,none,0.0,notes:percent
United States,Quarter,USD,1909,1909,6.25,24.26,1.75,0.0,silver,90% silver,silver,0.9,copper,0.0999999999999999,none,0.0,notes:percent
United States,Half Dollar,USD,1909,1909,12.5,30.61,2.15,0.0,silver,90% silver,silver,0.9,copper,0.0999999999999999,none,0.0,notes:percent
United States,Dollar,USD,1909,1909,26.73,38.1,2.4,0.0,silver,90% silver (Morgan/Peace),silver,0.9,copper,0.0999999999999999,none,0.0,notes:percent
United States,Cent,USD,1910,1910,3.11,19.05,1.52,0.0,brown,Wheat/MM/Lincoln types vary,copper,0.95,zinc,0.05,none,0.0,color:brown
United States,Nickel,USD,1910,1910,5.0,21.21,1.95,0.0,silver,,copper,0.75,nickel,0.25,none,0.0,color:silver
United States,Dime,USD,1910,1910,2.5,17.91,1.35,0.0,silver,90% silver,silver,0.9,copper,0.0999999999999999,none,0.0,notes:percent
United States,Quarter,USD,1910,1910,6.25,24.26,1.75,0.0,silver,90% silver,silver,0.9,copper,0.0999999999999999,none,0.0,notes:percent
United States,Half Dollar,USD,1910,1910,12.5,30.61,2.15,0.0,silver,90% silver,silver,0.9,copper,0.0999999999999999,none,0.0,notes:percent
United States,Dollar,USD,1910,1910,26.73,38.1,2.4,0.0,silver,90% silver (Morgan/Peace),silver,0.9,copper,0.0999999999999999,none,0.0,notes:percent
United States,Cent,USD,1911,1911,3.11,19.05,1.52,0.0,brown,Wheat/MM/Lincoln types vary,copper,0.95,zinc,0.05,none,0.0,color:brown
United States,Nickel,USD,1911,1911,5.0,21.21,1.95,0.0,silver,,copper,0.75,nickel,0.25,none,0.0,color:silver
United States,Dime,USD,1911,1911,2.5,17.91,1.35,0.0,silver,90% silver,silver,0.9,copper,0.0999999999999999,none,0.0,notes:percent
United States,Quarter,USD,1911,1911,6.25,24.26,1.75,0.0,silver,90% silver,silver,0.9,copper,0.0999999999999999,none,0.0,notes:percent
United States,Half Dollar,USD,1911,1911,12.5,30.61,2.15,0.0,silver,90% silver,silver,0.9,copper,0.0999999999999999,none,0.0,notes:percent
United States,Dollar,USD,1911,1911,26.73,38.1,2.4,0.0,silver,90% silver (Morgan/Peace),silver,0.9,copper,0.0999999999999999,none,0.0,notes:percent
United States,Cent,USD,1912,1912,3.11,19.05,1.52,0.0,brown,Wheat/MM/Lincoln types vary,copper,0.95,zinc,0.05,none,0.0,color:brown
United States,Nickel,USD,1912,1912,5.0,21.21,1.95,0.0,silver,,copper,0.75,nickel,0.25,none,0.0,color:silver
United States,Dime,USD,1912,1912,2.5,17.91,1.35,0.0,silver,90% silver,silver,0.9,copper,0.0999999999999999,none,0.0,notes:percent
United States,Quarter,USD,1912,1912,6.25,24.26,1.75,0.0,silver,90% silver,silver,0.9,copper,0.0999999999999999,none,0.0,notes:percent
United States,Half Dollar,USD,1912,1912,12.5,30.61,2.15,0.0,silver,90% silver,silver,0.9,copper,0.0999999999999999,none,0.0,notes:percent
United States,Dollar,USD,1912,1912,26.73,38.1,2.4,0.0,silver,90% silver (Morgan/Peace),silver,0.9,copper,0.0999999999999999,none,0.0,notes:percent
United States,Cent,USD,1913,1913,3.11,19.05,1.52,0.0,brown,Wheat/MM/Lincoln types vary,copper,0.95,zinc,0.05,none,0.0,color:brown
United States,Nickel,USD,1913,1913,5.0,21.21,1.95,0.0,silver,,copper,0.75,nickel,0.25,none,0.0,color:silver
United States,Dime,USD,1913,1913,2.5,17.91,1.35,0.0,silver,90% silver,silver,0.9,copper,0.0999999999999999,none,0.0,notes:percent
United States,Quarter,USD,1913,1913,6.25,24.26,1.75,0.0,silver,90% silver,silver,0.9,copper,0.0999999999999999,none,0.0,notes:percent
United States,Half Dollar,USD,1913,1913,12.5,30.61,2.15,0.0,silver,90% silver,silver,0.9,copper,0.0999999999999999,none,0.0,notes:percent
United States,Dollar,USD,1913,1913,26.73,38.1,2.4,0.0,silver,90% silver (Morgan/Peace),silver,0.9,copper,0.0999999999999999,none,0.0,notes:percent
United States,Cent,USD,1914,1914,3.11,19.05,1.52,0.0,brown,Wheat/MM/Lincoln types vary,copper,0.95,zinc,0.05,none,0.0,color:brown
United States,Nickel,USD,1914,1914,5.0,21.21,1.95,0.0,silver,,copper,0.75,nickel,0.25,none,0.0,color:silver
United States,Dime,USD,1914,1914,2.5,17.91,1.35,0.0,silver,90% silver,silver,0.9,copper,0.0999999999999999,none,0.0,notes:percent
United States,Quarter,USD,1914,1914,6.25,24.26,1.75,0.0,silver,90% silver,silver,0.9,copper,0.0999999999999999,none,0.0,notes:percent
United States,Half Dollar,USD,1914,1914,12.5,30.61,2.15,0.0,silver,90% silver,silver,0.9,copper,0.0999999999999999,none,0.0,notes:percent
United States,Dollar,USD,1914,1914,26.73,38.1,2.4,0.0,silver,90% silver (Morgan/Peace),silver,0.9,copper,0.0999999999999999,none,0.0,notes:percent
United States,Cent,USD,1915,1915,3.11,19.05,1.52,0.0,brown,Wheat/MM/Lincoln types vary,copper,0.95,zinc,0.05,none,0.0,color:brown
United States,Nickel,USD,1915,1915,5.0,21.21,1.95,0.0,silver,,copper,0.75,nickel,0.25,none,0.0,color:silver
United States,Dime,USD,1915,1915,2.5,17.91,1.35,0.0,silver,90% silver,silver,0.9,copper,0.0999999999999999,none,0.0,notes:percent
United States,Quarter,USD,1915,1915,6.25,24.26,1.75,0.0,silver,90% silver,silver,0.9,copper,0.0999999999999999,none,0.0,notes:percent
United States,Half Dollar,USD,1915,1915,12.5,30.61,2.15,0.0,silver,90% silver,silver,0.9,copper,0.0999999999999999,none,0.0,notes:percent
United States,Dollar,USD,1915,1915,26.73,38.1,2.4,0.0,silver,90% silver (Morgan/Peace),silver,0.9,copper,0.0999999999999999,none,0.0,notes:percent
United States,Cent,USD,1916,1916,3.11,19.05,1.52,0.0,brown,Wheat/MM/Lincoln types vary,copper,0.95,zinc,0.05,none,0.0,color:brown
United States,Nickel,USD,1916,1916,5.0,21.21,1.95,0.0,silver,,copper,0.75,nickel,0.25,none,0.0,color:silver
United States,Dime,USD,1916,1916,2.5,17.91,1.35,0.0,silver,90% silver,silver,0.9,copper,0.0999999999999999,none,0.0,notes:percent
United States,Quarter,USD,1916,1916,6.25,24.26,1.75,0.0,silver,90% silver,silver,0.9,copper,0.0999999999999999,none,0.0,notes:percent
United States,Half Dollar,USD,1916,1916,12.5,30.61,2.15,0.0,silver,90% silver,silver,0.9,copper,0.0999999999999999,none,0.0,notes:percent
United States,Dollar,USD,1916,1916,26.73,38.1,2.4,0.0,silver,90% silver (Morgan/Peace),silver,0.9,copper,0.0999999999999999,none,0.0,notes:percent
United States,Cent,USD,1917,1917,3.11,19.05,1.52,0.0,brown,Wheat/MM/Lincoln types vary,copper,0.95,zinc,0.05,none,0.0,color:brown
United States,Nickel,USD,1917,1917,5.0,21.21,1.95,0.0,silver,,copper,0.75,nickel,0.25,none,0.0,color:silver
United States,Dime,USD,1917,1917,2.5,17.91,1.35,0.0,silver,90% silver,silver,0.9,copper,0.0999999999999999,none,0.0,notes:percent
United States,Quarter,USD,1917,1917,6.25,24.26,1.75,0.0,silver,90% silver,silver,0.9,copper,0.0999999999999999,none,0.0,notes:percent
United States,Half Dollar,USD,1917,1917,12.5,30.61,2.15,0.0,silver,90% silver,silver,0.9,copper,0.0999999999999999,none,0.0,notes:percent
United States,Dollar,USD,1917,1917,26.73,38.1,2.4,0.0,silver,90% silver (Morgan/Peace),silver,0.9,copper,0.0999999999999999,none,0.0,notes:percent
United States,Cent,USD,1918,1918,3.11,19.05,1.52,0.0,brown,Wheat/MM/Lincoln types vary,copper,0.95,zinc,0.05,none,0.0,color:brown
United States,Nickel,USD,1918,1918,5.0,21.21,1.95,0.0,silver,,copper,0.75,nickel,0.25,none,0.0,color:silver
United States,Dime,USD,1918,1918,2.5,17.91,1.35,0.0,silver,90% silver,silver,0.9,copper,0.0999999999999999,none,0.0,notes:percent
United States,Quarter,USD,1918,1918,6.25,24.26,1.75,0.0,silver,90% silver,silver,0.9,copper,0.0999999999999999,none,0.0,notes:percent
United States,Half Dollar,USD,1918,1918,12.5,30.61,2.15,0.0,silver,90% silver,silver,0.9,copper,0.0999999999999999,none,0.0,notes:percent
United States,Dollar,USD,1918,1918,26.73,38.1,2.4,0.0,silver,90% silver (Morgan/Peace),silver,0.9,copper,0.0999999999999999,none,0.0,notes:percent
United States,Cent,USD,1919,1919,3.11,19.05,1.52,0.0,brown,Wheat/MM/Lincoln types vary,copper,0.95,zinc,0.05,none,0.0,color:brown
United States,Nickel,USD,1919,1919,5.0,21.21,1.95,0.0,silver,,copper,0.75,nickel,0.25,none,0.0,color:silver
United States,Dime,USD,1919,1919,2.5,17.91,1.35,0.0,silver,90% silver,silver,0.9,copper,0.0999999999999999,none,0.0,notes:percent
United States,Quarter,USD,1919,1919,6.25,24.26,1.75,0.0,silver,90% silver,silver,0.9,copper,0.0999999999999999,none,0.0,notes:percent
United States,Half Dollar,USD,1919,1919,12.5,30.61,2.15,0.0,silver,90% silver,silver,0.9,copper,0.0999999999999999,none,0.0,notes:percent
United States,Dollar,USD,1919,1919,26.73,38.1,2.4,0.0,silver,90% silver (Morgan/Peace),silver,0.9,copper,0.0999999999999999,none,0.0,notes:percent
United States,Cent,USD,1920,1920,3.11,19.05,1.52,0.0,brown,Wheat/MM/Lincoln types vary,copper,0.95,zinc,0.05,none,0.0,color:brown
United States,Nickel,USD,1920,1920,5.0,21.21,1.95,0.0,silver,,copper,0.75,nickel,0.25,none,0.0,color:silver
United States,Dime,USD,1920,1920,2.5,17.91,1.35,0.0,silver,90% silver,silver,0.9,copper,0.0999999999999999,none,0.0,notes:percent
United States,Quarter,USD,1920,1920,6.25,24.26,1.75,0.0,silver,90% silver,silver,0.9,copper,0.0999999999999999,none,0.0,notes:percent
United States,Half Dollar,USD,1920,1920,12.5,30.61,2.15,0.0,silver,90% silver,silver,0.9,copper,0.0999999999999999,none,0.0,notes:percent
United States,Dollar,USD,1920,1920,26.73,38.1,2.4,0.0,silver,90% silver (Morgan/Peace),silver,0.9,copper,0.0999999999999999,none,0.0,notes:percent
United States,Cent,USD,1921,1921,3.11,19.05,1.52,0.0,brown,Wheat/MM/Lincoln types vary,copper,0.95,zinc,0.05,none,0.0,color:brown
United States,Nickel,USD,1921,1921,5.0,21.21,1.95,0.0,silver,,copper,0.75,nickel,0.25,none,0.0,color:silver
United States,Dime,USD,1921,1921,2.5,17.91,1.35,0.0,silver,90% silver,silver,0.9,copper,0.0999999999999999,none,0.0,notes:percent
United States,Quarter,USD,1921,1921,6.25,24.26,1.75,0.0,silver,90% silver,silver,0.9,copper,0.0999999999999999,none,0.0,notes:percent
United States,Half Dollar,USD,1921,1921,12.5,30.61,2.15,0.0,silver,90% silver,silver,0.9,copper,0.0999999999999999,none,0.0,notes:percent
United States,Dollar,USD,1921,1921,26.73,38.1,2.4,0.0,silver,90% silver (Morgan/Peace),silver,0.9,copper,0.0999999999999999,none,0.0,notes:percent
United States,Cent,USD,1922,1922,3.11,19.05,1.52,0.0,brown,Wheat/MM/Lincoln types vary,copper,0.95,zinc,0.05,none,0.0,color:brown
United States,Nickel,USD,1922,1922,5.0,21.21,1.95,0.0,silver,,copper,0.75,nickel,0.25,none,0.0,color:silver
United States,Dime,USD,1922,1922,2.5,17.91,1.35,0.0,silver,90% silver,silver,0.9,copper,0.0999999999999999,none,0.0,notes:percent
United States,Quarter,USD,1922,1922,6.25,24.26,1.75,0.0,silver,90% silver,silver,0.9,copper,0.0999999999999999,none,0.0,notes:percent
United States,Half Dollar,USD,1922,1922,12.5,30.61,2.15,0.0,silver,90% silver,silver,0.9,copper,0.0999999999999999,none,0.0,notes:percent
United States,Dollar,USD,1922,1922,26.73,38.1,2.4,0.0,silver,90% silver (Morgan/Peace),silver,0.9,copper,0.0999999999999999,none,0.0,notes:percent
United States,Cent,USD,1923,1923,3.11,19.05,1.52,0.0,brown,Wheat/MM/Lincoln types vary,copper,0.95,zinc,0.05,none,0.0,color:brown
United States,Nickel,USD,1923,1923,5.0,21.21,1.95,0.0,silver,,copper,0.75,nickel,0.25,none,0.0,color:silver
United States,Dime,USD,1923,1923,2.5,17.91,1.35,0.0,silver,90% silver,silver,0.9,copper,0.0999999999999999,none,0.0,notes:percent
United States,Quarter,USD,1923,1923,6.25,24.26,1.75,0.0,silver,90% silver,silver,0.9,copper,0.0999999999999999,none,0.0,notes:percent
United States,Half Dollar,USD,1923,1923,12.5,30.61,2.15,0.0,silver,90% silver,silver,0.9,copper,0.0999999999999999,none,0.0,notes:percent
United States,Dollar,USD,1923,1923,26.73,38.1,2.4,0.0,silver,90% silver (Morgan/Peace),silver,0.9,copper,0.0999999999999999,none,0.0,notes:percent
United States,Cent,USD,1924,1924,3.11,19.05,1.52,0.0,brown,Wheat/MM/Lincoln types vary,copper,0.95,zinc,0.05,none,0.0,color:brown
United States,Nickel,USD,1924,1924,5.0,21.21,1.95,0.0,silver,,copper,0.75,nickel,0.25,none,0.0,color:silver
United States,Dime,USD,1924,1924,2.5,17.91,1.35,0.0,silver,90% silver,silver,0.9,copper,0.0999999999999999,none,0.0,notes:percent
United States,Quarter,USD,1924,1924,6.25,24.26,1.75,0.0,silver,90% silver,silver,0.9,copper,0.0999999999999999,none,0.0,notes:percent
United States,Half Dollar,USD,1924,1924,12.5,30.61,2.15,0.0,silver,90% silver,silver,0.9,copper,0.0999999999999999,none,0.0,notes:percent
United States,Dollar,USD,1924,1924,26.73,38.1,2.4,0.0,silver,90% silver (Morgan/Peace),silver,0.9,copper,0.0999999999999999,none,0.0,notes:percent
United States,Cent,USD,1925,1925,3.11,19.05,1.52,0.0,brown,Wheat/MM/Lincoln types vary,copper,0.95,zinc,0.05,none,0.0,color:brown
United States,Nickel,USD,1925,1925,5.0,21.21,1.95,0.0,silver,,copper,0.75,nickel,0.25,none,0.0,color:silver
United States,Dime,USD,1925,1925,2.5,17.91,1.35,0.0,silver,90% silver,silver,0.9,copper,0.0999999999999999,none,0.0,notes:percent
United States,Quarter,USD,1925,1925,6.25,24.26,1.75,0.0,silver,90% silver,silver,0.9,copper,0.0999999999999999,none,0.0,notes:percent
United States,Half Dollar,USD,1925,1925,12.5,30.61,2.15,0.0,silver,90% silver,silver,0.9,copper,0.0999999999999999,none,0.0,notes:percent
United States,Dollar,USD,1925,1925,26.73,38.1,2.4,0.0,silver,90% silver (Morgan/Peace),silver,0.9,copper,0.0999999999999999,none,0.0,notes:percent
United States,Cent,USD,1926,1926,3.11,19.05,1.52,0.0,brown,Wheat/MM/Lincoln types vary,copper,0.95,zinc,0.05,none,0.0,color:brown
United States,Nickel,USD,1926,1926,5.0,21.21,1.95,0.0,silver,,copper,0.75,nickel,0.25,none,0.0,color:silver
United States,Dime,USD,1926,1926,2.5,17.91,1.35,0.0,silver,90% silver,silver,0.9,copper,0.0999999999999999,none,0.0,notes:percent
United States,Quarter,USD,1926,1926,6.25,24.26,1.75,0.0,silver,90% silver,silver,0.9,copper,0.0999999999999999,none,0.0,notes:percent
United States,Half Dollar,USD,1926,1926,12.5,30.61,2.15,0.0,silver,90% silver,silver,0.9,copper,0.0999999999999999,none,0.0,notes:percent
United States,Dollar,USD,1926,1926,26.73,38.1,2.4,0.0,silver,90% silver (Morgan/Peace),silver,0.9,copper,0.0999999999999999,none,0.0,notes:percent
United States,Cent,USD,1927,1927,3.11,19.05,1.52,0.0,brown,Wheat/MM/Lincoln types vary,copper,0.95,zinc,0.05,none,0.0,color:brown
United States,Nickel,USD,1927,1927,5.0,21.21,1.95,0.0,silver,,copper,0.75,nickel,0.25,none,0.0,color:silver
United States,Dime,USD,1927,1927,2.5,17.91,1.35,0.0,silver,90% silver,silver,0.9,copper,0.0999999999999999,none,0.0,notes:percent
United States,Quarter,USD,1927,1927,6.25,24.26,1.75,0.0,silver,90% silver,silver,0.9,copper,0.0999999999999999,none,0.0,notes:percent
United States,Half Dollar,USD,1927,1927,12.5,30.61,2.15,0.0,silver,90% silver,silver,0.9,copper,0.0999999999999999,none,0.0,notes:percent
United States,Dollar,USD,1927,1927,26.73,38.1,2.4,0.0,silver,90% silver (Morgan/Peace),silver,0.9,copper,0.0999999999999999,none,0.0,notes:percent
United States,Cent,USD,1928,1928,3.11,19.05,1.52,0.0,brown,Wheat/MM/Lincoln types vary,copper,0.95,zinc,0.05,none,0.0,color:brown
United States,Nickel,USD,1928,1928,5.0,21.21,1.95,0.0,silver,,copper,0.75,nickel,0.25,none,0.0,color:silver
United States,Dime,USD,1928,1928,2.5,17.91,1.35,0.0,silver,90% silver,silver,0.9,copper,0.0999999999999999,none,0.0,notes:percent
United States,Quarter,USD,1928,1928,6.25,24.26,1.75,0.0,silver,90% silver,silver,0.9,copper,0.0999999999999999,none,0.0,notes:percent
United States,Half Dollar,USD,1928,1928,12.5,30.61,2.15,0.0,silver,90% silver,silver,0.9,copper,0.0999999999999999,none,0.0,notes:percent
United States,Dollar,USD,1928,1928,26.73,38.1,2.4,0.0,silver,90% silver (Morgan/Peace),silver,0.9,copper,0.0999999999999999,none,0.0,notes:percent
United States,Cent,USD,1929,1929,3.11,19.05,1.52,0.0,brown,Wheat/MM/Lincoln types vary,copper,0.95,zinc,0.05,none,0.0,color:brown
United States,Nickel,USD,1929,1929,5.0,21.21,1.95,0.0,silver,,copper,0.75,nickel,0.25,none,0.0,color:silver
United States,Dime,USD,1929,1929,2.5,17.91,1.35,0.0,silver,90% silver,silver,0.9,copper,0.0999999999999999,none,0.0,notes:percent
United States,Quarter,USD,1929,1929,6.25,24.26,1.75,0.0,silver,90% silver,silver,0.9,copper,0.0999999999999999,none,0.0,notes:percent
United States,Half Dollar,USD,1929,1929,12.5,30.61,2.15,0.0,silver,90% silver,silver,0.9,copper,0.0999999999999999,none,0.0,notes:percent
United States,Dollar,USD,1929,1929,26.73,38.1,2.4,0.0,silver,90% silver (Morgan/Peace),silver,0.9,copper,0.0999999999999999,none,0.0,notes:percent
United States,Cent,USD,1930,1930,3.11,19.05,1.52,0.0,brown,Wheat/MM/Lincoln types vary,copper,0.95,zinc,0.05,none,0.0,color:brown
United States,Nickel,USD,1930,1930,5.0,21.21,1.95,0.0,silver,,copper,0.75,nickel,0.25,none,0.0,color:silver
United States,Dime,USD,1930,1930,2.5,17.91,1.35,0.0,silver,90% silver,silver,0.9,copper,0.0999999999999999,none,0.0,notes:percent
United States,Quarter,USD,1930,1930,6.25,24.26,1.75,0.0,silver,90% silver,silver,0.9,copper,0.0999999999999999,none,0.0,notes:percent
United States,Half Dollar,USD,1930,1930,12.5,30.61,2.15,0.0,silver,90% silver,silver,0.9,copper,0.0999999999999999,none,0.0,notes:percent
United States,Dollar,USD,1930,1930,26.73,38.1,2.4,0.0,silver,90% silver (Morgan/Peace),silver,0.9,copper,0.0999999999999999,none,0.0,notes:percent
United States,Cent,USD,1931,1931,3.11,19.05,1.52,0.0,brown,Wheat/MM/Lincoln types vary,copper,0.95,zinc,0.05,none,0.0,color:brown
United States,Nickel,USD,1931,1931,5.0,21.21,1.95,0.0,silver,,copper,0.75,nickel,0.25,none,0.0,color:silver
United States,Dime,USD,1931,1931,2.5,17.91,1.35,0.0,silver,90% silver,silver,0.9,copper,0.0999999999999999,none,0.0,notes:percent
United States,Quarter,USD,1931,1931,6.25,24.26,1.75,0.0,silver,90% silver,silver,0.9,copper,0.0999999999999999,none,0.0,notes:percent
United States,Half Dollar,USD,1931,1931,12.5,30.61,2.15,0.0,silver,90% silver,silver,0.9,copper,0.0999999999999999,none,0.0,notes:percent
United States,Dollar,USD,1931,1931,26.73,38.1,2.4,0.0,silver,90% silver (Morgan/Peace),silver,0.9,copper,0.0999999999999999,none,0.0,notes:percent
United States,Cent,USD,1932,1932,3.11,19.05,1.52,0.0,brown,Wheat/MM/Lincoln types vary,copper,0.95,zinc,0.05,none,0.0,color:brown
United States,Nickel,USD,1932,1932,5.0,21.21,1.95,0.0,silver,,copper,0.75,nickel,0.25,none,0.0,color:silver
United States,Dime,USD,1932,1932,2.5,17.91,1.35,0.0,silver,90% silver,silver,0.9,copper,0.0999999999999999,none,0.0,notes:percent
United States,Quarter,USD,1932,1932,6.25,24.26,1.75,0.0,silver,90% silver,silver,0.9,copper,0.0999999999999999,none,0.0,notes:percent
United States,Half Dollar,USD,1932,1932,12.5,30.61,2.15,0.0,silver,90% silver,silver,0.9,copper,0.0999999999999999,none,0.0,notes:percent
United States,Dollar,USD,1932,1932,26.73,38.1,2.4,0.0,silver,90% silver (Morgan/Peace),silver,0.9,copper,0.0999999999999999,none,0.0,notes:percent
United States,Cent,USD,1933,1933,3.11,19.05,1.52,0.0,brown,Wheat/MM/Lincoln types vary,copper,0.95,zinc,0.05,none,0.0,color:brown
United States,Nickel,USD,1933,1933,5.0,21.21,1.95,0.0,silver,,copper,0.75,nickel,0.25,none,0.0,color:silver
United States,Dime,USD,1933,1933,2.5,17.91,1.35,0.0,silver,90% silver,silver,0.9,copper,0.0999999999999999,none,0.0,notes:percent
United States,Quarter,USD,1933,1933,6.25,24.26,1.75,0.0,silver,90% silver,silver,0.9,copper,0.0999999999999999,none,0.0,notes:percent
United States,Half Dollar,USD,1933,1933,12.5,30.61,2.15,0.0,silver,90% silver,silver,0.9,copper,0.0999999999999999,none,0.0,notes:percent
United States,Dollar,USD,1933,1933,26.73,38.1,2.4,0.0,silver,90% silver (Morgan/Peace),silver,0.9,copper,0.0999999999999999,none,0.0,notes:percent
United States,Cent,USD,1934,1934,3.11,19.05,1.52,0.0,brown,Wheat/MM/Lincoln types vary,copper,0.95,zinc,0.05,none,0.0,color:brown
United States,Nickel,USD,1934,1934,5.0,21.21,1.95,0.0,silver,,copper,0.75,nickel,0.25,none,0.0,color:silver
United States,Dime,USD,1934,1934,2.5,17.91,1.35,0.0,silver,90% silver,silver,0.9,copper,0.0999999999999999,none,0.0,notes:percent
United States,Quarter,USD,1934,1934,6.25,24.26,1.75,0.0,silver,90% silver,silver,0.9,copper,0.0999999999999999,none,0.0,notes:percent
United States,Half Dollar,USD,1934,1934,12.5,30.61,2.15,0.0,silver,90% silver,silver,0.9,copper,0.0999999999999999,none,0.0,notes:percent
United States,Dollar,USD,1934,1934,26.73,38.1,2.4,0.0,silver,90% silver (Morgan/Peace),silver,0.9,copper,0.0999999999999999,none,0.0,notes:percent
United States,Cent,USD,1935,1935,3.11,19.05,1.52,0.0,brown,Wheat/MM/Lincoln types vary,copper,0.95,zinc,0.05,none,0.0,color:brown
United States,Nickel,USD,1935,1935,5.0,21.21,1.95,0.0,silver,,copper,0.75,nickel,0.25,none,0.0,color:silver
United States,Dime,USD,1935,1935,2.5,17.91,1.35,0.0,silver,90% silver,silver,0.9,copper,0.0999999999999999,none,0.0,notes:percent
United States,Quarter,USD,1935,1935,6.25,24.26,1.75,0.0,silver,90% silver,silver,0.9,copper,0.0999999999999999,none,0.0,notes:percent
United States,Half Dollar,USD,1935,1935,12.5,30.61,2.15,0.0,silver,90% silver,silver,0.9,copper,0.0999999999999999,none,0.0,notes:percent
United States,Dollar,USD,1935,1935,26.73,38.1,2.4,0.0,silver,90% silver (Morgan/Peace),silver,0.9,copper,0.0999999999999999,none,0.0,notes:percent
United States,Cent,USD,1936,1936,3.11,19.05,1.52,0.0,brown,Wheat/MM/Lincoln types vary,copper,0.95,zinc,0.05,none,0.0,color:brown
United States,Nickel,USD,1936,1936,5.0,21.21,1.95,0.0,silver,,copper,0.75,nickel,0.25,none,0.0,color:silver
United States,Dime,USD,1936,1936,2.5,17.91,1.35,0.0,silver,90% silver,silver,0.9,copper,0.0999999999999999,none,0.0,notes:percent
United States,Quarter,USD,1936,1936,6.25,24.26,1.75,0.0,silver,90% silver,silver,0.9,copper,0.0999999999999999,none,0.0,notes:percent
United States,Half Dollar,USD,1936,1936,12.5,30.61,2.15,0.0,silver,90% silver,silver,0.9,copper,0.0999999999999999,none,0.0,notes:percent
United States,Dollar,USD,1936,1936,8.1,26.5,2.0,0.0,gold,Native American $1,copper,0.7,zinc,0.3,none,0.0,color:gold
United States,Cent,USD,1937,1937,3.11,19.05,1.52,0.0,brown,Wheat/MM/Lincoln types vary,copper,0.95,zinc,0.05,none,0.0,color:brown
United States,Nickel,USD,1937,1937,5.0,21.21,1.95,0.0,silver,,copper,0.75,nickel,0.25,none,0.0,color:silver
United States,Dime,USD,1937,1937,2.5,17.91,1.35,0.0,silver,90% silver,silver,0.9,copper,0.0999999999999999,none,0.0,notes:percent
United States,Quarter,USD,1937,1937,6.25,24.26,1.75,0.0,silver,90% silver,silver,0.9,copper,0.0999999999999999,none,0.0,notes:percent
United States,Half Dollar,USD,1937,1937,12.5,30.61,2.15,0.0,silver,90% silver,silver,0.9,copper,0.0999999999999999,none,0.0,notes:percent
United States,Dollar,USD,1937,1937,8.1,26.5,2.0,0.0,gold,Native American $1,copper,0.7,zinc,0.3,none,0.0,color:gold
United States,Cent,USD,1938,1938,3.11,19.05,1.52,0.0,brown,Wheat/MM/Lincoln types vary,copper,0.95,zinc,0.05,none,0.0,color:brown
United States,Nickel,USD,1938,1938,5.0,21.21,1.95,0.0,silver,,copper,0.75,nickel,0.25,none,0.0,color:silver
United States,Dime,USD,1938,1938,2.5,17.91,1.35,0.0,silver,90% silver,silver,0.9,copper,0.0999999999999999,none,0.0,notes:percent
United States,Quarter,USD,1938,1938,6.25,24.26,1.75,0.0,silver,90% silver,silver,0.9,copper,0.0999999999999999,none,0.0,notes:percent
United States,Half Dollar,USD,1938,1938,12.5,30.61,2.15,0.0,silver,90% silver,silver,0.9,copper,0.0999999999999999,none,0.0,notes:percent
United States,Dollar,USD,1938,1938,8.1,26.5,2.0,0.0,gold,Native American $1,copper,0.7,zinc,0.3,none,0.0,color:gold
United States,Cent,USD,1939,1939,3.11,19.05,1.52,0.0,brown,Wheat/MM/Lincoln types vary,copper,0.95,zinc,0.05,none,0.0,color:brown
United States,Nickel,USD,1939,1939,5.0,21.21,1.95,0.0,silver,,copper,0.75,nickel,0.25,none,0.0,color:silver
United States,Dime,USD,1939,1939,2.5,17.91,1.35,0.0,silver,90% silver,silver,0.9,copper,0.0999999999999999,none,0.0,notes:percent
United States,Quarter,USD,1939,1939,6.25,24.26,1.75,0.0,silver,90% silver,silver,0.9,copper,0.0999999999999999,none,0.0,notes:percent
United States,Half Dollar,USD,1939,1939,12.5,30.61,2.15,0.0,silver,90% silver,silver,0.9,copper,0.0999999999999999,none,0.0,notes:percent
United States,Dollar,USD,1939,1939,8.1,26.5,2.0,0.0,gold,Native American $1,copper,0.7,zinc,0.3,none,0.0,color:gold
United States,Cent,USD,1940,1940,3.11,19.05,1.52,0.0,brown,Wheat/MM/Lincoln types vary,copper,0.95,zinc,0.05,none,0.0,color:brown
United States,Nickel,USD,1940,1940,5.0,21.21,1.95,0.0,silver,,copper,0.75,nickel,0.25,none,0.0,color:silver
United States,Dime,USD,1940,1940,2.5,17.91,1.35,0.0,silver,90% silver,silver,0.9,copper,0.0999999999999999,none,0.0,notes:percent
United States,Quarter,USD,1940,1940,6.25,24.26,1.75,0.0,silver,90% silver,silver,0.9,copper,0.0999999999999999,none,0.0,notes:percent
United States,Half Dollar,USD,1940,1940,12.5,30.61,2.15,0.0,silver,90% silver,silver,0.9,copper,0.0999999999999999,none,0.0,notes:percent
United States,Dollar,USD,1940,1940,8.1,26.5,2.0,0.0,gold,Native American $1,copper,0.7,zinc,0.3,none,0.0,color:gold
United States,Cent,USD,1941,1941,3.11,19.05,1.52,0.0,brown,Wheat/MM/Lincoln types vary,copper,0.95,zinc,0.05,none,0.0,color:brown
United States,Nickel,USD,1941,1941,5.0,21.21,1.95,0.0,silver,,copper,0.75,nickel,0.25,none,0.0,color:silver
United States,Dime,USD,1941,1941,2.5,17.91,1.35,0.0,silver,90% silver,silver,0.9,copper,0.0999999999999999,none,0.0,notes:percent
United States,Quarter,USD,1941,1941,6.25,24.26,1.75,0.0,silver,90% silver,silver,0.9,copper,0.0999999999999999,none,0.0,notes:percent
United States,Half Dollar,USD,1941,1941,12.5,30.61,2.15,0.0,silver,90% silver,silver,0.9,copper,0.0999999999999999,none,0.0,notes:percent
United States,Dollar,USD,1941,1941,8.1,26.5,2.0,0.0,gold,Native American $1,copper,0.7,zinc,0.3,none,0.0,color:gold
United States,Cent,USD,1942,1942,3.11,19.05,1.52,0.0,brown,Wheat/MM/Lincoln types vary,copper,0.95,zinc,0.05,none,0.0,color:brown
United States,Nickel,USD,1942,1942,5.0,21.21,1.95,0.0,silver,,copper,0.75,nickel,0.25,none,0.0,color:silver
United States,Dime,USD,1942,1942,2.5,17.91,1.35,0.0,silver,90% silver,silver,0.9,copper,0.0999999999999999,none,0.0,notes:percent
United States,Quarter,USD,1942,1942,6.25,24.26,1.75,0.0,silver,90% silver,silver,0.9,copper,0.0999999999999999,none,0.0,notes:percent
United States,Half Dollar,USD,1942,1942,12.5,30.61,2.15,0.0,silver,90% silver,silver,0.9,copper,0.0999999999999999,none,0.0,notes:percent
United States,Dollar,USD,1942,1942,8.1,26.5,2.0,0.0,gold,Native American $1,copper,0.7,zinc,0.3,none,0.0,color:gold
United States,Cent,USD,1943,1943,3.11,19.05,1.52,0.0,brown,Wheat/MM/Lincoln types vary,copper,0.95,zinc,0.05,none,0.0,color:brown
United States,Nickel,USD,1943,1943,5.0,21.21,1.95,0.0,silver,,copper,0.75,nickel,0.25,none,0.0,color:silver
United States,Dime,USD,1943,1943,2.5,17.91,1.35,0.0,silver,90% silver,silver,0.9,copper,0.0999999999999999,none,0.0,notes:percent
United States,Quarter,USD,1943,1943,6.25,24.26,1.75,0.0,silver,90% silver,silver,0.9,copper,0.0999999999999999,none,0.0,notes:percent
United States,Half Dollar,USD,1943,1943,12.5,30.61,2.15,0.0,silver,90% silver,silver,0.9,copper,0.0999999999999999,none,0.0,notes:percent
United States,Dollar,USD,1943,1943,8.1,26.5,2.0,0.0,gold,Native American $1,copper,0.7,zinc,0.3,none,0.0,color:gold
United States,Cent,USD,1944,1944,3.11,19.05,1.52,0.0,brown,Wheat/MM/Lincoln types vary,copper,0.95,zinc,0.05,none,0.0,color:brown
United States,Nickel,USD,1944,1944,5.0,21.21,1.95,0.0,silver,,copper,0.75,nickel,0.25,none,0.0,color:silver
United States,Dime,USD,1944,1944,2.5,17.91,1.35,0.0,silver,90% silver,silver,0.9,copper,0.0999999999999999,none,0.0,notes:percent
United States,Quarter,USD,1944,1944,6.25,24.26,1.75,0.0,silver,90% silver,silver,0.9,copper,0.0999999999999999,none,0.0,notes:percent
United States,Half Dollar,USD,1944,1944,12.5,30.61,2.15,0.0,silver,90% silver,silver,0.9,copper,0.0999999999999999,none,0.0,notes:percent
United States,Dollar,USD,1944,1944,8.1,26.5,2.0,0.0,gold,Native American $1,copper,0.7,zinc,0.3,none,0.0,color:gold
United States,Cent,USD,1945,1945,3.11,19.05,1.52,0.0,brown,Wheat/MM/Lincoln types vary,copper,0.95,zinc,0.05,none,0.0,color:brown
United States,Nickel,USD,1945,1945,5.0,21.21,1.95,0.0,silver,,copper,0.75,nickel,0.25,none,0.0,color:silver
United States,Dime,USD,1945,1945,2.5,17.91,1.35,0.0,silver,90% silver,silver,0.9,copper,0.0999999999999999,none,0.0,notes:percent
United States,Quarter,USD,1945,1945,6.25,24.26,1.75,0.0,silver,90% silver,silver,0.9,copper,0.0999999999999999,none,0.0,notes:percent
United States,Half Dollar,USD,1945,1945,12.5,30.61,2.15,0.0,silver,90% silver,silver,0.9,copper,0.0999999999999999,none,0.0,notes:percent
United States,Dollar,USD,1945,1945,8.1,26.5,2.0,0.0,gold,Native American $1,copper,0.7,zinc,0.3,none,0.0,color:gold
United States,Cent,USD,1946,1946,3.11,19.05,1.52,0.0,brown,Wheat/MM/Lincoln types vary,copper,0.95,zinc,0.05,none,0.0,color:brown
United States,Nickel,USD,1946,1946,5.0,21.21,1.95,0.0,silver,,copper,0.75,nickel,0.25,none,0.0,color:silver
United States,Dime,USD,1946,1946,2.5,17.91,1.35,0.0,silver,90% silver,silver,0.9,copper,0.0999999999999999,none,0.0,notes:percent
United States,Quarter,USD,1946,1946,6.25,24.26,1.75,0.0,silver,90% silver,silver,0.9,copper,0.0999999999999999,none,0.0,notes:percent
United States,Half Dollar,USD,1946,1946,12.5,30.61,2.15,0.0,silver,90% silver,silver,0.9,copper,0.0999999999999999,none,0.0,notes:percent
United States,Dollar,USD,1946,1946,8.1,26.5,2.0,0.0,gold,Native American $1,copper,0.7,zinc,0.3,none,0.0,color:gold
United States,Cent,USD,1947,1947,3.11,19.05,1.52,0.0,brown,Wheat/MM/Lincoln types vary,copper,0.95,zinc,0.05,none,0.0,color:brown
United States,Nickel,USD,1947,1947,5.0,21.21,1.95,0.0,silver,,copper,0.75,nickel,0.25,none,0.0,color:silver
United States,Dime,USD,1947,1947,2.5,17.91,1.35,0.0,silver,90% silver,silver,0.9,copper,0.0999999999999999,none,0.0,notes:percent
United States,Quarter,USD,1947,1947,6.25,24.26,1.75,0.0,silver,90% silver,silver,0.9,copper,0.0999999999999999,none,0.0,notes:percent
United States,Half Dollar,USD,1947,1947,12.5,30.61,2.15,0.0,silver,90% silver,silver,0.9,copper,0.0999999999999999,none,0.0,notes:percent
United States,Dollar,USD,1947,1947,8.1,26.5,2.0,0.0,gold,Native American $1,copper,0.7,zinc,0.3,none,0.0,color:gold
United States,Cent,USD,1948,1948,3.11,19.05,1.52,0.0,brown,Wheat/MM/Lincoln types vary,copper,0.95,zinc,0.05,none,0.0,color:brown
United States,Nickel,USD,1948,1948,5.0,21.21,1.95,0.0,silver,,copper,0.75,nickel,0.25,none,0.0,color:silver
United States,Dime,USD,1948,1948,2.5,17.91,1.35,0.0,silver,90% silver,silver,0.9,copper,0.0999999999999999,none,0.0,notes:percent
United States,Quarter,USD,1948,1948,6.25,24.26,1.75,0.0,silver,90% silver,silver,0.9,copper,0.0999999999999999,none,0.0,notes:percent
United States,Half Dollar,USD,1948,1948,12.5,30.61,2.15,0.0,silver,90% silver,silver,0.9,copper,0.0999999999999999,none,0.0,notes:percent
United States,Dollar,USD,1948,1948,8.1,26.5,2.0,0.0,gold,Native American $1,copper,0.7,zinc,0.3,none,0.0,color:gold
United States,Cent,USD,1949,1949,3.11,19.05,1.52,0.0,brown,Wheat/MM/Lincoln types vary,copper,0.95,zinc,0.05,none,0.0,color:brown
United States,Nickel,USD,1949,1949,5.0,21.21,1.95,0.0,silver,,copper,0.75,nickel,0.25,none,0.0,color:silver
United States,Dime,USD,1949,1949,2.5,17.91,1.35,0.0,silver,90% silver,silver,0.9,copper,0.0999999999999999,none,0.0,notes:percent
United States,Quarter,USD,1949,1949,6.25,24.26,1.75,0.0,silver,90% silver,silver,0.9,copper,0.0999999999999999,none,0.0,notes:percent
United States,Half Dollar,USD,1949,1949,12.5,30.61,2.15,0.0,silver,90% silver,silver,0.9,copper,0.0999999999999999,none,0.0,notes:percent
United States,Dollar,USD,1949,1949,8.1,26.5,2.0,0.0,gold,Native American $1,copper,0.7,zinc,0.3,none,0.0,color:gold
United States,Cent,USD,1950,1950,3.11,19.05,1.52,0.0,brown,Wheat/MM/Lincoln types vary,copper,0.95,zinc,0.05,none,0.0,color:brown
United States,Nickel,USD,1950,1950,5.0,21.21,1.95,0.0,silver,,copper,0.75,nickel,0.25,none,0.0,color:silver
United States,Dime,USD,1950,1950,2.5,17.91,1.35,0.0,silver,90% silver,silver,0.9,copper,0.0999999999999999,none,0.0,notes:percent
United States,Quarter,USD,1950,1950,6.25,24.26,1.75,0.0,silver,90% silver,silver,0.9,copper,0.0999999999999999,none,0.0,notes:percent
United States,Half Dollar,USD,1950,1950,12.5,30.61,2.15,0.0,silver,90% silver,silver,0.9,copper,0.0999999999999999,none,0.0,notes:percent
United States,Dollar,USD,1950,1950,8.1,26.5,2.0,0.0,gold,Native American $1,copper,0.7,zinc,0.3,none,0.0,color:gold
United States,Cent,USD,1951,1951,3.11,19.05,1.52,0.0,brown,Wheat/MM/Lincoln types vary,copper,0.95,zinc,0.05,none,0.0,color:brown
United States,Nickel,USD,1951,1951,5.0,21.21,1.95,0.0,silver,,copper,0.75,nickel,0.25,none,0.0,color:silver
United States,Dime,USD,1951,1951,2.5,17.91,1.35,0.0,silver,90% silver,silver,0.9,copper,0.0999999999999999,none,0.0,notes:percent
United States,Quarter,USD,1951,1951,6.25,24.26,1.75,0.0,silver,90% silver,silver,0.9,copper,0.0999999999999999,none,0.0,notes:percent
United States,Half Dollar,USD,1951,1951,12.5,30.61,2.15,0.0,silver,90% silver,silver,0.9,copper,0.0999999999999999,none,0.0,notes:percent
United States,Dollar,USD,1951,1951,8.1,26.5,2.0,0.0,gold,Native American $1,copper,0.7,zinc,0.3,none,0.0,color:gold
United States,Cent,USD,1952,1952,3.11,19.05,1.52,0.0,brown,Wheat/MM/Lincoln types vary,copper,0.95,zinc,0.05,none,0.0,color:brown
United States,Nickel,USD,1952,1952,5.0,21.21,1.95,0.0,silver,,copper,0.75,nickel,0.25,none,0.0,color:silver
United States,Dime,USD,1952,1952,2.5,17.91,1.35,0.0,silver,90% silver,silver,0.9,copper,0.0999999999999999,none,0.0,notes:percent
United States,Quarter,USD,1952,1952,6.25,24.26,1.75,0.0,silver,90% silver,silver,0.9,copper,0.0999999999999999,none,0.0,notes:percent
United States,Half Dollar,USD,1952,1952,12.5,30.61,2.15,0.0,silver,90% silver,silver,0.9,copper,0.0999999999999999,none,0.0,notes:percent
United States,Dollar,USD,1952,1952,8.1,26.5,2.0,0.0,gold,Native American $1,copper,0.7,zinc,0.3,none,0.0,color:gold
United States,Cent,USD,1953,1953,3.11,19.05,1.52,0.0,brown,Wheat/MM/Lincoln types vary,copper,0.95,zinc,0.05,none,0.0,color:brown
United States,Nickel,USD,1953,1953,5.0,21.21,1.95,0.0,silver,,copper,0.75,nickel,0.25,none,0.0,color:silver
United States,Dime,USD,1953,1953,2.5,17.91,1.35,0.0,silver,90% silver,silver,0.9,copper,0.0999999999999999,none,0.0,notes:percent
United States,Quarter,USD,1953,1953,6.25,24.26,1.75,0.0,silver,90% silver,silver,0.9,copper,0.0999999999999999,none,0.0,notes:percent
United States,Half Dollar,USD,1953,1953,12.5,30.61,2.15,0.0,silver,90% silver,silver,0.9,copper,0.0999999999999999,none,0.0,notes:percent
United States,Dollar,USD,1953,1953,8.1,26.5,2.0,0.0,gold,Native American $1,copper,0.7,zinc,0.3,none,0.0,color:gold
United States,Cent,USD,1954,1954,3.11,19.05,1.52,0.0,brown,Wheat/MM/Lincoln types vary,copper,0.95,zinc,0.05,none,0.0,color:brown
United States,Nickel,USD,1954,1954,5.0,21.21,1.95,0.0,silver,,copper,0.75,nickel,0.25,none,0.0,color:silver
United States,Dime,USD,1954,1954,2.5,17.91,1.35,0.0,silver,90% silver,silver,0.9,copper,0.0999999999999999,none,0.0,notes:percent
United States,Quarter,USD,1954,1954,6.25,24.26,1.75,0.0,silver,90% silver,silver,0.9,copper,0.0999999999999999,none,0.0,notes:percent
United States,Half Dollar,USD,1954,1954,12.5,30.61,2.15,0.0,silver,90% silver,silver,0.9,copper,0.0999999999999999,none,0.0,notes:percent
United States,Dollar,USD,1954,1954,8.1,26.5,2.0,0.0,gold,Native American $1,copper,0.7,zinc,0.3,none,0.0,color:gold
United States,Cent,USD,1955,1955,3.11,19.05,1.52,0.0,brown,Wheat/MM/Lincoln types vary,copper,0.95,zinc,0.05,none,0.0,color:brown
United States,Nickel,USD,1955,1955,5.0,21.21,1.95,0.0,silver,,copper,0.75,nickel,0.25,none,0.0,color:silver
United States,Dime,USD,1955,1955,2.5,17.91,1.35,0.0,silver,90% silver,silver,0.9,copper,0.0999999999999999,none,0.0,notes:percent
United States,Quarter,USD,1955,1955,6.25,24.26,1.75,0.0,silver,90% silver,silver,0.9,copper,0.0999999999999999,none,0.0,notes:percent
United States,Half Dollar,USD,1955,1955,12.5,30.61,2.15,0.0,silver,90% silver,silver,0.9,copper,0.0999999999999999,none,0.0,notes:percent
United States,Dollar,USD,1955,1955,8.1,26.5,2.0,0.0,gold,Native American $1,copper,0.7,zinc,0.3,none,0.0,color:gold
United States,Cent,USD,1956,1956,3.11,19.05,1.52,0.0,brown,Wheat/MM/Lincoln types vary,copper,0.95,zinc,0.05,none,0.0,color:brown
United States,Nickel,USD,1956,1956,5.0,21.21,1.95,0.0,silver,,copper,0.75,nickel,0.25,none,0.0,color:silver
United States,Dime,USD,1956,1956,2.5,17.91,1.35,0.0,silver,90% silver,silver,0.9,copper,0.0999999999999999,none,0.0,notes:percent
United States,Quarter,USD,1956,1956,6.25,24.26,1.75,0.0,silver,90% silver,silver,0.9,copper,0.0999999999999999,none,0.0,notes:percent
United States,Half Dollar,USD,1956,1956,12.5,30.61,2.15,0.0,silver,90% silver,silver,0.9,copper,0.0999999999999999,none,0.0,notes:percent
United States,Dollar,USD,1956,1956,8.1,26.5,2.0,0.0,gold,Native American $1,copper,0.7,zinc,0.3,none,0.0,color:gold
United States,Cent,USD,1957,1957,3.11,19.05,1.52,0.0,brown,Wheat/MM/Lincoln types vary,copper,0.95,zinc,0.05,none,0.0,color:brown
United States,Nickel,USD,1957,1957,5.0,21.21,1.95,0.0,silver,,copper,0.75,nickel,0.25,none,0.0,color:silver
United States,Dime,USD,1957,1957,2.5,17.91,1.35,0.0,silver,90% silver,silver,0.9,copper,0.0999999999999999,none,0.0,notes:percent
United States,Quarter,USD,1957,1957,6.25,24.26,1.75,0.0,silver,90% silver,silver,0.9,copper,0.0999999999999999,none,0.0,notes:percent
United States,Half Dollar,USD,1957,1957,12.5,30.61,2.15,0.0,silver,90% silver,silver,0.9,copper,0.0999999999999999,none,0.0,notes:percent
United States,Dollar,USD,1957,1957,8.1,26.5,2.0,0.0,gold,Native American $1,copper,0.7,zinc,0.3,none,0.0,color:gold
United States,Cent,USD,1958,1958,3.11,19.05,1.52,0.0,brown,Wheat/MM/Lincoln types vary,copper,0.95,zinc,0.05,none,0.0,color:brown
United States,Nickel,USD,1958,1958,5.0,21.21,1.95,0.0,silver,,copper,0.75,nickel,0.25,none,0.0,color:silver
United States,Dime,USD,1958,1958,2.5,17.91,1.35,0.0,silver,90% silver,silver,0.9,copper,0.0999999999999999,none,0.0,notes:percent
United States,Quarter,USD,1958,1958,6.25,24.26,1.75,0.0,silver,90% silver,silver,0.9,copper,0.0999999999999999,none,0.0,notes:percent
United States,Half Dollar,USD,1958,1958,12.5,30.61,2.15,0.0,silver,90% silver,silver,0.9,copper,0.0999999999999999,none,0.0,notes:percent
United States,Dollar,USD,1958,1958,8.1,26.5,2.0,0.0,gold,Native American $1,copper,0.7,zinc,0.3,none,0.0,color:gold
United States,Cent,USD,1959,1959,3.11,19.05,1.52,0.0,brown,Wheat/MM/Lincoln types vary,copper,0.95,zinc,0.05,none,0.0,color:brown
United States,Nickel,USD,1959,1959,5.0,21.21,1.95,0.0,silver,,copper,0.75,nickel,0.25,none,0.0,color:silver
United States,Dime,USD,1959,1959,2.5,17.91,1.35,0.0,silver,90% silver,silver,0.9,copper,0.0999999999999999,none,0.0,notes:percent
United States,Quarter,USD,1959,1959,6.25,24.26,1.75,0.0,silver,90% silver,silver,0.9,copper,0.0999999999999999,none,0.0,notes:percent
United States,Half Dollar,USD,1959,1959,12.5,30.61,2.15,0.0,silver,90% silver,silver,0.9,copper,0.0999999999999999,none,0.0,notes:percent
United States,Dollar,USD,1959,1959,8.1,26.5,2.0,0.0,gold,Native American $1,copper,0.7,zinc,0.3,none,0.0,color:gold
United States,Cent,USD,1960,1960,3.11,19.05,1.52,0.0,brown,Wheat/MM/Lincoln types vary,copper,0.95,zinc,0.05,none,0.0,color:brown
United States,Nickel,USD,1960,1960,5.0,21.21,1.95,0.0,silver,,copper,0.75,nickel,0.25,none,0.0,color:silver
United States,Dime,USD,1960,1960,2.5,17.91,1.35,0.0,silver,90% silver,silver,0.9,copper,0.0999999999999999,none,0.0,notes:percent
United States,Quarter,USD,1960,1960,6.25,24.26,1.75,0.0,silver,90% silver,silver,0.9,copper,0.0999999999999999,none,0.0,notes:percent
United States,Half Dollar,USD,1960,1960,12.5,30.61,2.15,0.0,silver,90% silver,silver,0.9,copper,0.0999999999999999,none,0.0,notes:percent
United States,Dollar,USD,1960,1960,8.1,26.5,2.0,0.0,gold,Native American $1,copper,0.7,zinc,0.3,none,0.0,color:gold
United States,Cent,USD,1961,1961,3.11,19.05,1.52,0.0,brown,Wheat/MM/Lincoln types vary,copper,0.95,zinc,0.05,none,0.0,color:brown
United States,Nickel,USD,1961,1961,5.0,21.21,1.95,0.0,silver,,copper,0.75,nickel,0.25,none,0.0,color:silver
United States,Dime,USD,1961,1961,2.5,17.91,1.35,0.0,silver,90% silver,silver,0.9,copper,0.0999999999999999,none,0.0,notes:percent
United States,Quarter,USD,1961,1961,6.25,24.26,1.75,0.0,silver,90% silver,silver,0.9,copper,0.0999999999999999,none,0.0,notes:percent
United States,Half Dollar,USD,1961,1961,12.5,30.61,2.15,0.0,silver,90% silver,silver,0.9,copper,0.0999999999999999,none,0.0,notes:percent
United States,Dollar,USD,1961,1961,8.1,26.5,2.0,0.0,gold,Native American $1,copper,0.7,zinc,0.3,none,0.0,color:gold
United States,Cent,USD,1962,1962,3.11,19.05,1.52,0.0,brown,Wheat/MM/Lincoln types vary,copper,0.95,zinc,0.05,none,0.0,color:brown
United States,Nickel,USD,1962,1962,5.0,21.21,1.95,0.0,silver,,copper,0.75,nickel,0.25,none,0.0,color:silver
United States,Dime,USD,1962,1962,2.5,17.91,1.35,0.0,silver,90% silver,silver,0.9,copper,0.0999999999999999,none,0.0,notes:percent
United States,Quarter,USD,1962,1962,6.25,24.26,1.75,0.0,silver,90% silver,silver,0.9,copper,0.0999999999999999,none,0.0,notes:percent
United States,Half Dollar,USD,1962,1962,12.5,30.61,2.15,0.0,silver,90% silver,silver,0.9,copper,0.0999999999999999,none,0.0,notes:percent
United States,Dollar,USD,1962,1962,8.1,26.5,2.0,0.0,gold,Native American $1,copper,0.7,zinc,0.3,none,0.0,color:gold
United States,Cent,USD,1963,1963,3.11,19.05,1.52,0.0,brown,Wheat/MM/Lincoln types vary,copper,0.95,zinc,0.05,none,0.0,color:brown
United States,Nickel,USD,1963,1963,5.0,21.21,1.95,0.0,silver,,copper,0.75,nickel,0.25,none,0.0,color:silver
United States,Dime,USD,1963,1963,2.5,17.91,1.35,0.0,silver,90% silver,silver,0.9,copper,0.0999999999999999,none,0.0,notes:percent
United States,Quarter,USD,1963,1963,6.25,24.26,1.75,0.0,silver,90% silver,silver,0.9,copper,0.0999999999999999,none,0.0,notes:percent
United States,Half Dollar,USD,1963,1963,12.5,30.61,2.15,0.0,silver,90% silver,silver,0.9,copper,0.0999999999999999,none,0.0,notes:percent
United States,Dollar,USD,1963,1963,8.1,26.5,2.0,0.0,gold,Native American $1,copper,0.7,zinc,0.3,none,0.0,color:gold
United States,Cent,USD,1964,1964,3.11,19.05,1.52,0.0,brown,Wheat/MM/Lincoln types vary,copper,0.95,zinc,0.05,none,0.0,color:brown
United States,Nickel,USD,1964,1964,5.0,21.21,1.95,0.0,silver,,copper,0.75,nickel,0.25,none,0.0,color:silver
United States,Dime,USD,1964,1964,2.5,17.91,1.35,0.0,silver,90% silver,silver,0.9,copper,0.0999999999999999,none,0.0,notes:percent
United States,Quarter,USD,1964,1964,6.25,24.26,1.75,0.0,silver,90% silver,silver,0.9,copper,0.0999999999999999,none,0.0,notes:percent
United States,Half Dollar,USD,1964,1964,12.5,30.61,2.15,0.0,silver,90% silver,silver,0.9,copper,0.0999999999999999,none,0.0,notes:percent
United States,Dollar,USD,1964,1964,8.1,26.5,2.0,0.0,gold,Native American $1,copper,0.7,zinc,0.3,none,0.0,color:gold
United States,Cent,USD,1965,1965,3.11,19.05,1.52,0.0,brown,Wheat/MM/Lincoln types vary,copper,0.95,zinc,0.05,none,0.0,color:brown
United States,Nickel,USD,1965,1965,5.0,21.21,1.95,0.0,silver,,copper,0.75,nickel,0.25,none,0.0,color:silver
United States,Dime,USD,1965,1965,2.268,17.91,1.35,0.0,silver,Cu-Ni clad,copper,0.9167,nickel,0.0833,none,0.0,phrase:clad
United States,Quarter,USD,1965,1965,5.67,24.26,1.75,0.0,silver,Cu-Ni clad; designs vary,copper,0.9167,nickel,0.0833,none,0.0,phrase:clad
United States,Half Dollar,USD,1965,1965,11.5,30.61,2.15,0.0,silver,40% silver,copper,0.6,silver,0.4,none,0.0,notes:percent
United States,Dollar,USD,1965,1965,8.1,26.5,2.0,0.0,gold,Native American $1,copper,0.7,zinc,0.3,none,0.0,color:gold
United States,Cent,USD,1966,1966,3.11,19.05,1.52,0.0,brown,Wheat/MM/Lincoln types vary,copper,0.95,zinc,0.05,none,0.0,color:brown
United States,Nickel,USD,1966,1966,5.0,21.21,1.95,0.0,silver,,copper,0.75,nickel,0.25,none,0.0,color:silver
United States,Dime,USD,1966,1966,2.268,17.91,1.35,0.0,silver,Cu-Ni clad,copper,0.9167,nickel,0.0833,none,0.0,phrase:clad
United States,Quarter,USD,1966,1966,5.67,24.26,1.75,0.0,silver,Cu-Ni clad; designs vary,copper,0.9167,nickel,0.0833,none,0.0,phrase:clad
United States,Half Dollar,USD,1966,1966,11.5,30.61,2.15,0.0,silver,40% silver,copper,0.6,silver,0.4,none,0.0,notes:percent
United States,Dollar,USD,1966,1966,8.1,26.5,2.0,0.0,gold,Native American $1,copper,0.7,zinc,0.3,none,0.0,color:gold
United States,Cent,USD,1967,1967,3.11,19.05,1.52,0.0,brown,Wheat/MM/Lincoln types vary,copper,0.95,zinc,0.05,none,0.0,color:brown
United States,Nickel,USD,1967,1967,5.0,21.21,1.95,0.0,silver,,copper,0.75,nickel,0.25,none,0.0,color:silver
United States,Dime,USD,1967,1967,2.268,17.91,1.35,0.0,silver,Cu-Ni clad,copper,0.9167,nickel,0.0833,none,0.0,phrase:clad
United States,Quarter,USD,1967,1967,5.67,24.26,1.75,0.0,silver,Cu-Ni clad; designs vary,copper,0.9167,nickel,0.0833,none,0.0,phrase:clad
United States,Half Dollar,USD,1967,1967,11.5,30.61,2.15,0.0,silver,40% silver,copper,0.6,silver,0.4,none,0.0,notes:percent
United States,Dollar,USD,1967,1967,8.1,26.5,2.0,0.0,gold,Native American $1,copper,0.7,zinc,0.3,none,0.0,color:gold
United States,Cent,USD,1968,1968,3.11,19.05,1.52,0.0,brown,Wheat/MM/Lincoln types vary,copper,0.95,zinc,0.05,none,0.0,color:brown
United States,Nickel,USD,1968,1968,5.0,21.21,1.95,0.0,silver,,copper,0.75,nickel,0.25,none,0.0,color:silver
United States,Dime,USD,1968,1968,2.268,17.91,1.35,0.0,silver,Cu-Ni clad,copper,0.9167,nickel,0.0833,none,0.0,phrase:clad
United States,Quarter,USD,1968,1968,5.67,24.26,1.75,0.0,silver,Cu-Ni clad; designs vary,copper,0.9167,nickel,0.0833,none,0.0,phrase:clad
United States,Half Dollar,USD,1968,1968,11.5,30.61,2.15,0.0,silver,40% silver,copper,0.6,silver,0.4,none,0.0,notes:percent
United States,Dollar,USD,1968,1968,8.1,26.5,2.0,0.0,gold,Native American $1,copper,0.7,zinc,0.3,none,0.0,color:gold
United States,Cent,USD,1969,1969,3.11,19.05,1.52,0.0,brown,Wheat/MM/Lincoln types vary,copper,0.95,zinc,0.05,none,0.0,color:brown
United States,Nickel,USD,1969,1969,5.0,21.21,1.95,0.0,silver,,copper,0.75,nickel,0.25,none,0.0,color:silver
United States,Dime,USD,1969,1969,2.268,17.91,1.35,0.0,silver,Cu-Ni clad,copper,0.9167,nickel,0.0833,none,0.0,phrase:clad
United States,Quarter,USD,1969,1969,5.67,24.26,1.75,0.0,silver,Cu-Ni clad; designs vary,copper,0.9167,nickel,0.0833,none,0.0,phrase:clad
United States,Half Dollar,USD,1969,1969,11.5,30.61,2.15,0.0,silver,40% silver,copper,0.6,silver,0.4,none,0.0,notes:percent
United States,Dollar,USD,1969,1969,8.1,26.5,2.0,0.0,gold,Native American $1,copper,0.7,zinc,0.3,none,0.0,color:gold
United States,Cent,USD,1970,1970,3.11,19.05,1.52,0.0,brown,Wheat/MM/Lincoln types vary,copper,0.95,zinc,0.05,none,0.0,color:brown
United States,Nickel,USD,1970,1970,5.0,21.21,1.95,0.0,silver,,copper,0.75,nickel,0.25,none,0.0,color:silver
United States,Dime,USD,1970,1970,2.268,17.91,1.35,0.0,silver,Cu-Ni clad,copper,0.9167,nickel,0.0833,none,0.0,phrase:clad
United States,Quarter,USD,1970,1970,5.67,24.26,1.75,0.0,silver,Cu-Ni clad; designs vary,copper,0.9167,nickel,0.0833,none,0.0,phrase:clad
United States,Half Dollar,USD,1970,1970,11.5,30.61,2.15,0.0,silver,40% silver,copper,0.6,silver,0.4,none,0.0,notes:percent
United States,Dollar,USD,1970,1970,8.1,26.5,2.0,0.0,gold,Native American $1,copper,0.7,zinc,0.3,none,0.0,color:gold
United States,Cent,USD,1971,1971,3.11,19.05,1.52,0.0,brown,Wheat/MM/Lincoln types vary,copper,0.95,zinc,0.05,none,0.0,color:brown
United States,Nickel,USD,1971,1971,5.0,21.21,1.95,0.0,silver,,copper,0.75,nickel,0.25,none,0.0,color:silver
United States,Dime,USD,1971,1971,2.268,17.91,1.35,0.0,silver,Cu-Ni clad,copper,0.9167,nickel,0.0833,none,0.0,phrase:clad
United States,Quarter,USD,1971,1971,5.67,24.26,1.75,0.0,silver,Cu-Ni clad; designs vary,copper,0.9167,nickel,0.0833,none,0.0,phrase:clad
United States,Half Dollar,USD,1971,1971,11.34,30.61,2.15,0.0,silver,Cu-Ni clad,copper,0.9167,nickel,0.0833,none,0.0,phrase:clad
United States,Dollar,USD,1971,1971,22.68,38.1,2.58,0.0,silver,Eisenhower Cu-Ni; some 40% Ag issues,copper,0.75,nickel,0.25,none,0.0,color:silver
United States,Cent,USD,1972,1972,3.11,19.05,1.52,0.0,brown,Wheat/MM/Lincoln types vary,copper,0.95,zinc,0.05,none,0.0,color:brown
United States,Nickel,USD,1972,1972,5.0,21.21,1.95,0.0,silver,,copper,0.75,nickel,0.25,none,0.0,color:silver
United States,Dime,USD,1972,1972,2.268,17.91,1.35,0.0,silver,Cu-Ni clad,copper,0.9167,nickel,0.0833,none,0.0,phrase:clad
United States,Quarter,USD,1972,1972,5.67,24.26,1.75,0.0,silver,Cu-Ni clad; designs vary,copper,0.9167,nickel,0.0833,none,0.0,phrase:clad
United States,Half Dollar,USD,1972,1972,11.34,30.61,2.15,0.0,silver,Cu-Ni clad,copper,0.9167,nickel,0.0833,none,0.0,phrase:clad
United States,Dollar,USD,1972,1972,22.68,38.1,2.58,0.0,silver,Eisenhower Cu-Ni; some 40% Ag issues,copper,0.75,nickel,0.25,none,0.0,color:silver
United States,Cent,USD,1973,1973,3.11,19.05,1.52,0.0,brown,Wheat/MM/Lincoln types vary,copper,0.95,zinc,0.05,none,0.0,color:brown
United States,Nickel,USD,1973,1973,5.0,21.21,1.95,0.0,silver,,copper,0.75,nickel,0.25,none,0.0,color:silver
United States,Dime,USD,1973,1973,2.268,17.91,1.35,0.0,silver,Cu-Ni clad,copper,0.9167,nickel,0.0833,none,0.0,phrase:clad
United States,Quarter,USD,1973,1973,5.67,24.26,1.75,0.0,silver,Cu-Ni clad; designs vary,copper,0.9167,nickel,0.0833,none,0.0,phrase:clad
United States,Half Dollar,USD,1973,1973,11.34,30.61,2.15,0.0,silver,Cu-Ni clad,copper,0.9167,nickel,0.0833,none,0.0,phrase:clad
United States,Dollar,USD,1973,1973,22.68,38.1,2.58,0.0,silver,Eisenhower Cu-Ni; some 40% Ag issues,copper,0.75,nickel,0.25,none,0.0,color:silver
United States,Cent,USD,1974,1974,3.11,19.05,1.52,0.0,brown,Wheat/MM/Lincoln types vary,copper,0.95,zinc,0.05,none,0.0,color:brown
United States,Nickel,USD,1974,1974,5.0,21.21,1.95,0.0,silver,,copper,0.75,nickel,0.25,none,0.0,color:silver
United States,Dime,USD,1974,1974,2.268,17.91,1.35,0.0,silver,Cu-Ni clad,copper,0.9167,nickel,0.0833,none,0.0,phrase:clad
United States,Quarter,USD,1974,1974,5.67,24.26,1.75,0.0,silver,Cu-Ni clad; designs vary,copper,0.9167,nickel,0.0833,none,0.0,phrase:clad
United States,Half Dollar,USD,1974,1974,11.34,30.61,2.15,0.0,silver,Cu-Ni clad,copper,0.9167,nickel,0.0833,none,0.0,phrase:clad
United States,Dollar,USD,1974,1974,22.68,38.1,2.58,0.0,silver,Eisenhower Cu-Ni; some 40% Ag issues,copper,0.75,nickel,0.25,none,0.0,color:silver
United States,Cent,USD,1975,1975,3.11,19.05,1.52,0.0,brown,Wheat/MM/Lincoln types vary,copper,0.95,zinc,0.05,none,0.0,color:brown
United States,Nickel,USD,1975,1975,5.0,21.21,1.95,0.0,silver,,copper,0.75,nickel,0.25,none,0.0,color:silver
United States,Dime,USD,1975,1975,2.268,17.91,1.35,0.0,silver,Cu-Ni clad,copper,0.9167,nickel,0.0833,none,0.0,phrase:clad
United States,Quarter,USD,1975,1975,5.67,24.26,1.75,0.0,silver,Cu-Ni clad; designs vary,copper,0.9167,nickel,0.0833,none,0.0,phrase:clad
United States,Half Dollar,USD,1975,1975,11.34,30.61,2.15,0.0,silver,Cu-Ni clad,copper,0.9167,nickel,0.0833,none,0.0,phrase:clad
United States,Dollar,USD,1975,1975,22.68,38.1,2.58,0.0,silver,Eisenhower Cu-Ni; some 40% Ag issues,copper,0.75,nickel,0.25,none,0.0,color:silver
United States,Cent,USD,1976,1976,3.11,19.05,1.52,0.0,brown,Wheat/MM/Lincoln types vary,copper,0.95,zinc,0.05,none,0.0,color:brown
United States,Nickel,USD,1976,1976,5.0,21.21,1.95,0.0,silver,,copper,0.75,nickel,0.25,none,0.0,color:silver
United States,Dime,USD,1976,1976,2.268,17.91,1.35,0.0,silver,Cu-Ni clad,copper,0.9167,nickel,0.0833,none,0.0,phrase:clad
United States,Quarter,USD,1976,1976,5.67,24.26,1.75,0.0,silver,Cu-Ni clad; designs vary,copper,0.9167,nickel,0.0833,none,0.0,phrase:clad
United States,Half Dollar,USD,1976,1976,11.34,30.61,2.15,0.0,silver,Cu-Ni clad,copper,0.9167,nickel,0.0833,none,0.0,phrase:clad
United States,Dollar,USD,1976,1976,22.68,38.1,2.58,0.0,silver,Eisenhower Cu-Ni; some 40% Ag issues,copper,0.75,nickel,0.25,none,0.0,color:silver
United States,Cent,USD,1977,1977,3.11,19.05,1.52,0.0,brown,Wheat/MM/Lincoln types vary,copper,0.95,zinc,0.05,none,0.0,color:brown
United States,Nickel,USD,1977,1977,5.0,21.21,1.95,0.0,silver,,copper,0.75,nickel,0.25,none,0.0,color:silver
United States,Dime,USD,1977,1977,2.268,17.91,1.35,0.0,silver,Cu-Ni clad,copper,0.9167,nickel,0.0833,none,0.0,phrase:clad
United States,Quarter,USD,1977,1977,5.67,24.26,1.75,0.0,silver,Cu-Ni clad; designs vary,copper,0.9167,nickel,0.0833,none,0.0,phrase:clad
United States,Half Dollar,USD,1977,1977,11.34,30.61,2.15,0.0,silver,Cu-Ni clad,copper,0.9167,nickel,0.0833,none,0.0,phrase:clad
United States,Dollar,USD,1977,1977,22.68,38.1,2.58,0.0,silver,Eisenhower Cu-Ni; some 40% Ag issues,copper,0.75,nickel,0.25,none,0.0,color:silver
United States,Cent,USD,1978,1978,3.11,19.05,1.52,0.0,brown,Wheat/MM/Lincoln types vary,copper,0.95,zinc,0.05,none,0.0,color:brown
United States,Nickel,USD,1978,1978,5.0,21.21,1.95,0.0,silver,,copper,0.75,nickel,0.25,none,0.0,color:silver
United States,Dime,USD,1978,1978,2.268,17.91,1.35,0.0,silver,Cu-Ni clad,copper,0.9167,nickel,0.0833,none,0.0,phrase:clad
United States,Quarter,USD,1978,1978,5.67,24.26,1.75,0.0,silver,Cu-Ni clad; designs vary,copper,0.9167,nickel,0.0833,none,0.0,phrase:clad
United States,Half Dollar,USD,1978,1978,11.34,30.61,2.15,0.0,silver,Cu-Ni clad,copper,0.9167,nickel,0.0833,none,0.0,phrase:clad
United States,Dollar,USD,1978,1978,22.68,38.1,2.58,0.0,silver,Eisenhower Cu-Ni; some 40% Ag issues,copper,0.75,nickel,0.25,none,0.0,color:silver
United States,Cent,USD,1979,1979,3.11,19.05,1.52,0.0,brown,Wheat/MM/Lincoln types vary,copper,0.95,zinc,0.05,none,0.0,color:brown
United States,Nickel,USD,1979,1979,5.0,21.21,1.95,0.0,silver,,copper,0.75,nickel,0.25,none,0.0,color:silver
United States,Dime,USD,1979,1979,2.268,17.91,1.35,0.0,silver,Cu-Ni clad,copper,0.9167,nickel,0.0833,none,0.0,phrase:clad
United States,Quarter,USD,1979,1979,5.67,24.26,1.75,0.0,silver,Cu-Ni clad; designs vary,copper,0.9167,nickel,0.0833,none,0.0,phrase:clad
United States,Half Dollar,USD,1979,1979,11.34,30.61,2.15,0.0,silver,Cu-Ni clad,copper,0.9167,nickel,0.0833,none,0.0,phrase:clad
United States,Dollar,USD,1979,1979,8.1,26.5,2.0,0.0,gold,Susan B. Anthony Cu-Ni,copper,0.7,zinc,0.3,none,0.0,color:gold
United States,Cent,USD,1980,1980,3.11,19.05,1.52,0.0,brown,Wheat/MM/Lincoln types vary,copper,0.95,zinc,0.05,none,0.0,color:brown
United States,Nickel,USD,1980,1980,5.0,21.21,1.95,0.0,silver,,copper,0.75,nickel,0.25,none,0.0,color:silver
United States,Dime,USD,1980,1980,2.268,17.91,1.35,0.0,silver,Cu-Ni clad,copper,0.9167,nickel,0.0833,none,0.0,phrase:clad
United States,Quarter,USD,1980,1980,5.67,24.26,1.75,0.0,silver,Cu-Ni clad; designs vary,copper,0.9167,nickel,0.0833,none,0.0,phrase:clad
United States,Half Dollar,USD,1980,1980,11.34,30.61,2.15,0.0,silver,Cu-Ni clad,copper,0.9167,nickel,0.0833,none,0.0,phrase:clad
United States,Dollar,USD,1980,1980,8.1,26.5,2.0,0.0,gold,Susan B. Anthony Cu-Ni,copper,0.7,zinc,0.3,none,0.0,color:gold
United States,Cent,USD,1981,1981,3.11,19.05,1.52,0.0,brown,Wheat/MM/Lincoln types vary,copper,0.95,zinc,0.05,none,0.0,color:brown
United States,Nickel,USD,1981,1981,5.0,21.21,1.95,0.0,silver,,copper,0.75,nickel,0.25,none,0.0,color:silver
United States,Dime,USD,1981,1981,2.268,17.91,1.35,0.0,silver,Cu-Ni clad,copper,0.9167,nickel,0.0833,none,0.0,phrase:clad
United States,Quarter,USD,1981,1981,5.67,24.26,1.75,0.0,silver,Cu-Ni clad; designs vary,copper,0.9167,nickel,0.0833,none,0.0,phrase:clad
United States,Half Dollar,USD,1981,1981,11.34,30.61,2.15,0.0,silver,Cu-Ni clad,copper,0.9167,nickel,0.0833,none,0.0,phrase:clad
United States,Dollar,USD,1981,1981,8.1,26.5,2.0,0.0,gold,Susan B. Anthony Cu-Ni,copper,0.7,zinc,0.3,none,0.0,color:gold
United States,Cent,USD,1982,1982,3.11,19.05,1.52,0.0,brown,Bronze (95% Cu),copper,0.95,tin,0.05,none,0.0,phrase:bronze
United States,Cent,USD,1982,1982,2.5,19.05,1.52,0.0,copper,Copper-plated zinc,zinc,0.975,copper,0.025,none,0.0,phrase:copper-plated zinc
United States,Cent,USD,1983,1983,2.5,19.05,1.52,0.0,copper,Wheat/MM/Lincoln types vary,unknown,1.0,none,0.0,none,0.0,color:unknown
United States,Nickel,USD,1983,1983,5.0,21.21,1.95,0.0,silver,,copper,0.75,nickel,0.25,none,0.0,color:silver
United States,Dime,USD,1983,1983,2.268,17.91,1.35,0.0,silver,Cu-Ni clad,copper,0.9167,nickel,0.0833,none,0.0,phrase:clad
United States,Quarter,USD,1983,1983,5.67,24.26,1.75,0.0,silver,Cu-Ni clad; designs vary,copper,0.9167,nickel,0.0833,none,0.0,phrase:clad
United States,Half Dollar,USD,1983,1983,11.34,30.61,2.15,0.0,silver,Cu-Ni clad,copper,0.9167,nickel,0.0833,none,0.0,phrase:clad
United States,Dollar,USD,1983,1983,8.1,26.5,2.0,0.0,gold,Native American $1,copper,0.7,zinc,0.3,none,0.0,color:gold
United States,Cent,USD,1984,1984,2.5,19.05,1.52,0.0,copper,Wheat/MM/Lincoln types vary,unknown,1.0,none,0.0,none,0.0,color:unknown
United States,Nickel,USD,1984,1984,5.0,21.21,1.95,0.0,silver,,copper,0.75,nickel,0.25,none,0.0,color:silver
United States,Dime,USD,1984,1984,2.268,17.91,1.35,0.0,silver,Cu-Ni clad,copper,0.9167,nickel,0.0833,none,0.0,phrase:clad
United States,Quarter,USD,1984,1984,5.67,24.26,1.75,0.0,silver,Cu-Ni clad; designs vary,copper,0.9167,nickel,0.0833,none,0.0,phrase:clad
United States,Half Dollar,USD,1984,1984,11.34,30.61,2.15,0.0,silver,Cu-Ni clad,copper,0.9167,nickel,0.0833,none,0.0,phrase:clad
United States,Dollar,USD,1984,1984,8.1,26.5,2.0,0.0,gold,Native American $1,copper,0.7,zinc,0.3,none,0.0,color:gold
United States,Cent,USD,1985,1985,2.5,19.05,1.52,0.0,copper,Wheat/MM/Lincoln types vary,unknown,1.0,none,0.0,none,0.0,color:unknown
United States,Nickel,USD,1985,1985,5.0,21.21,1.95,0.0,silver,,copper,0.75,nickel,0.25,none,0.0,color:silver
United States,Dime,USD,1985,1985,2.268,17.91,1.35,0.0,silver,Cu-Ni clad,copper,0.9167,nickel,0.0833,none,0.0,phrase:clad
United States,Quarter,USD,1985,1985,5.67,24.26,1.75,0.0,silver,Cu-Ni clad; designs vary,copper,0.9167,nickel,0.0833,none,0.0,phrase:clad
United States,Half Dollar,USD,1985,1985,11.34,30.61,2.15,0.0,silver,Cu-Ni clad,copper,0.9167,nickel,0.0833,none,0.0,phrase:clad
United States,Dollar,USD,1985,1985,8.1,26.5,2.0,0.0,gold,Native American $1,copper,0.7,zinc,0.3,none,0.0,color:gold
United States,Cent,USD,1986,1986,2.5,19.05,1.52,0.0,copper,Wheat/MM/Lincoln types vary,unknown,1.0,none,0.0,none,0.0,color:unknown
United States,Nickel,USD,1986,1986,5.0,21.21,1.95,0.0,silver,,copper,0.75,nickel,0.25,none,0.0,color:silver
United States,Dime,USD,1986,1986,2.268,17.91,1.35,0.0,silver,Cu-Ni clad,copper,0.9167,nickel,0.0833,none,0.0,phrase:clad
United States,Quarter,USD,1986,1986,5.67,24.26,1.75,0.0,silver,Cu-Ni clad; designs vary,copper,0.9167,nickel,0.0833,none,0.0,phrase:clad
United States,Half Dollar,USD,1986,1986,11.34,30.61,2.15,0.0,silver,Cu-Ni clad,copper,0.9167,nickel,0.0833,none,0.0,phrase:clad
United States,Dollar,USD,1986,1986,8.1,26.5,2.0,0.0,gold,Native American $1,copper,0.7,zinc,0.3,none,0.0,color:gold
United States,Cent,USD,1987,1987,2.5,19.05,1.52,0.0,copper,Wheat/MM/Lincoln types vary,unknown,1.0,none,0.0,none,0.0,color:unknown
United States,Nickel,USD,1987,1987,5.0,21.21,1.95,0.0,silver,,copper,0.75,nickel,0.25,none,0.0,color:silver
United States,Dime,USD,1987,1987,2.268,17.91,1.35,0.0,silver,Cu-Ni clad,copper,0.9167,nickel,0.0833,none,0.0,phrase:clad
United States,Quarter,USD,1987,1987,5.67,24.26,1.75,0.0,silver,Cu-Ni clad; designs vary,copper,0.9167,nickel,0.0833,none,0.0,phrase:clad
United States,Half Dollar,USD,1987,1987,11.34,30.61,2.15,0.0,silver,Cu-Ni clad,copper,0.9167,nickel,0.0833,none,0.0,phrase:clad
United States,Dollar,USD,1987,1987,8.1,26.5,2.0,0.0,gold,Native American $1,copper,0.7,zinc,0.3,none,0.0,color:gold
United States,Cent,USD,1988,1988,2.5,19.05,1.52,0.0,copper,Wheat/MM/Lincoln types vary,unknown,1.0,none,0.0,none,0.0,color:unknown
United States,Nickel,USD,1988,1988,5.0,21.21,1.95,0.0,silver,,copper,0.75,nickel,0.25,none,0.0,color:silver
United States,Dime,USD,1988,1988,2.268,17.91,1.35,0.0,silver,Cu-Ni clad,copper,0.9167,nickel,0.0833,none,0.0,phrase:clad
United States,Quarter,USD,1988,1988,5.67,24.26,1.75,0.0,silver,Cu-Ni clad; designs vary,copper,0.9167,nickel,0.0833,none,0.0,phrase:clad
United States,Half Dollar,USD,1988,1988,11.34,30.61,2.15,0.0,silver,Cu-Ni clad,copper,0.9167,nickel,0.0833,none,0.0,phrase:clad
United States,Dollar,USD,1988,1988,8.1,26.5,2.0,0.0,gold,Native American $1,copper,0.7,zinc,0.3,none,0.0,color:gold
United States,Cent,USD,1989,1989,2.5,19.05,1.52,0.0,copper,Wheat/MM/Lincoln types vary,unknown,1.0,none,0.0,none,0.0,color:unknown
United States,Nickel,USD,1989,1989,5.0,21.21,1.95,0.0,silver,,copper,0.75,nickel,0.25,none,0.0,color:silver
United States,Dime,USD,1989,1989,2.268,17.91,1.35,0.0,silver,Cu-Ni clad,copper,0.9167,nickel,0.0833,none,0.0,phrase:clad
United States,Quarter,USD,1989,1989,5.67,24.26,1.75,0.0,silver,Cu-Ni clad; designs vary,copper,0.9167,nickel,0.0833,none,0.0,phrase:clad
United States,Half Dollar,USD,1989,1989,11.34,30.61,2.15,0.0,silver,Cu-Ni clad,copper,0.9167,nickel,0.0833,none,0.0,phrase:clad
United States,Dollar,USD,1989,1989,8.1,26.5,2.0,0.0,gold,Native American $1,copper,0.7,zinc,0.3,none,0.0,color:gold
United States,Cent,USD,1990,1990,2.5,19.05,1.52,0.0,copper,Wheat/MM/Lincoln types vary,unknown,1.0,none,0.0,none,0.0,color:unknown
United States,Nickel,USD,1990,1990,5.0,21.21,1.95,0.0,silver,,copper,0.75,nickel,0.25,none,0.0,color:silver
United States,Dime,USD,1990,1990,2.268,17.91,1.35,0.0,silver,Cu-Ni clad,copper,0.9167,nickel,0.0833,none,0.0,phrase:clad
United States,Quarter,USD,1990,1990,5.67,24.26,1.75,0.0,silver,Cu-Ni clad; designs vary,copper,0.9167,nickel,0.0833,none,0.0,phrase:clad
United States,Half Dollar,USD,1990,1990,11.34,30.61,2.15,0.0,silver,Cu-Ni clad,copper,0.9167,nickel,0.0833,none,0.0,phrase:clad
United States,Dollar,USD,1990,1990,8.1,26.5,2.0,0.0,gold,Native American $1,copper,0.7,zinc,0.3,none,0.0,color:gold
United States,Cent,USD,1991,1991,2.5,19.05,1.52,0.0,copper,Wheat/MM/Lincoln types vary,unknown,1.0,none,0.0,none,0.0,color:unknown
United States,Nickel,USD,1991,1991,5.0,21.21,1.95,0.0,silver,,copper,0.75,nickel,0.25,none,0.0,color:silver
United States,Dime,USD,1991,1991,2.268,17.91,1.35,0.0,silver,Cu-Ni clad,copper,0.9167,nickel,0.0833,none,0.0,phrase:clad
United States,Quarter,USD,1991,1991,5.67,24.26,1.75,0.0,silver,Cu-Ni clad; designs vary,copper,0.9167,nickel,0.0833,none,0.0,phrase:clad
United States,Half Dollar,USD,1991,1991,11.34,30.61,2.15,0.0,silver,Cu-Ni clad,copper,0.9167,nickel,0.0833,none,0.0,phrase:clad
United States,Dollar,USD,1991,1991,8.1,26.5,2.0,0.0,gold,Native American $1,copper,0.7,zinc,0.3,none,0.0,color:gold
United States,Cent,USD,1992,1992,2.5,19.05,1.52,0.0,copper,Wheat/MM/Lincoln types vary,unknown,1.0,none,0.0,none,0.0,color:unknown
United States,Nickel,USD,1992,1992,5.0,21.21,1.95,0.0,silver,,copper,0.75,nickel,0.25,none,0.0,color:silver
United States,Dime,USD,1992,1992,2.268,17.91,1.35,0.0,silver,Cu-Ni clad,copper,0.9167,nickel,0.0833,none,0.0,phrase:clad
United States,Quarter,USD,1992,1992,5.67,24.26,1.75,0.0,silver,Cu-Ni clad; designs vary,copper,0.9167,nickel,0.0833,none,0.0,phrase:clad
United States,Half Dollar,USD,1992,1992,11.34,30.61,2.15,0.0,silver,Cu-Ni clad,copper,0.9167,nickel,0.0833,none,0.0,phrase:clad
United States,Dollar,USD,1992,1992,8.1,26.5,2.0,0.0,gold,Native American $1,copper,0.7,zinc,0.3,none,0.0,color:gold
United States,Cent,USD,1993,1993,2.5,19.05,1.52,0.0,copper,Wheat/MM/Lincoln types vary,unknown,1.0,none,0.0,none,0.0,color:unknown
United States,Nickel,USD,1993,1993,5.0,21.21,1.95,0.0,silver,,copper,0.75,nickel,0.25,none,0.0,color:silver
United States,Dime,USD,1993,1993,2.268,17.91,1.35,0.0,silver,Cu-Ni clad,copper,0.9167,nickel,0.0833,none,0.0,phrase:clad
United States,Quarter,USD,1993,1993,5.67,24.26,1.75,0.0,silver,Cu-Ni clad; designs vary,copper,0.9167,nickel,0.0833,none,0.0,phrase:clad
United States,Half Dollar,USD,1993,1993,11.34,30.61,2.15,0.0,silver,Cu-Ni clad,copper,0.9167,nickel,0.0833,none,0.0,phrase:clad
United States,Dollar,USD,1993,1993,8.1,26.5,2.0,0.0,gold,Native American $1,copper,0.7,zinc,0.3,none,0.0,color:gold
United States,Cent,USD,1994,1994,2.5,19.05,1.52,0.0,copper,Wheat/MM/Lincoln types vary,unknown,1.0,none,0.0,none,0.0,color:unknown
United States,Nickel,USD,1994,1994,5.0,21.21,1.95,0.0,silver,,copper,0.75,nickel,0.25,none,0.0,color:silver
United States,Dime,USD,1994,1994,2.268,17.91,1.35,0.0,silver,Cu-Ni clad,copper,0.9167,nickel,0.0833,none,0.0,phrase:clad
United States,Quarter,USD,1994,1994,5.67,24.26,1.75,0.0,silver,Cu-Ni clad; designs vary,copper,0.9167,nickel,0.0833,none,0.0,phrase:clad
United States,Half Dollar,USD,1994,1994,11.34,30.61,2.15,0.0,silver,Cu-Ni clad,copper,0.9167,nickel,0.0833,none,0.0,phrase:clad
United States,Dollar,USD,1994,1994,8.1,26.5,2.0,0.0,gold,Native American $1,copper,0.7,zinc,0.3,none,0.0,color:gold
United States,Cent,USD,1995,1995,2.5,19.05,1.52,0.0,copper,Wheat/MM/Lincoln types vary,unknown,1.0,none,0.0,none,0.0,color:unknown
United States,Nickel,USD,1995,1995,5.0,21.21,1.95,0.0,silver,,copper,0.75,nickel,0.25,none,0.0,color:silver
United States,Dime,USD,1995,1995,2.268,17.91,1.35,0.0,silver,Cu-Ni clad,copper,0.9167,nickel,0.0833,none,0.0,phrase:clad
United States,Quarter,USD,1995,1995,5.67,24.26,1.75,0.0,silver,Cu-Ni clad; designs vary,copper,0.9167,nickel,0.0833,none,0.0,phrase:clad
United States,Half Dollar,USD,1995,1995,11.34,30.61,2.15,0.0,silver,Cu-Ni clad,copper,0.9167,nickel,0.0833,none,0.0,phrase:clad
United States,Dollar,USD,1995,1995,8.1,26.5,2.0,0.0,gold,Native American $1,copper,0.7,zinc,0.3,none,0.0,color:gold
United States,Cent,USD,1996,1996,2.5,19.05,1.52,0.0,copper,Wheat/MM/Lincoln types vary,unknown,1.0,none,0.0,none,0.0,color:unknown
United States,Nickel,USD,1996,1996,5.0,21.21,1.95,0.0,silver,,copper,0.75,nickel,0.25,none,0.0,color:silver
United States,Dime,USD,1996,1996,2.268,17.91,1.35,0.0,silver,Cu-Ni clad,copper,0.9167,nickel,0.0833,none,0.0,phrase:clad
United States,Quarter,USD,1996,1996,5.67,24.26,1.75,0.0,silver,Cu-Ni clad; designs vary,copper,0.9167,nickel,0.0833,none,0.0,phrase:clad
United States,Half Dollar,USD,1996,1996,11.34,30.61,2.15,0.0,silver,Cu-Ni clad,copper,0.9167,nickel,0.0833,none,0.0,phrase:clad
United States,Dollar,USD,1996,1996,8.1,26.5,2.0,0.0,gold,Native American $1,copper,0.7,zinc,0.3,none,0.0,color:gold
United States,Cent,USD,1997,1997,2.5,19.05,1.52,0.0,copper,Wheat/MM/Lincoln types vary,unknown,1.0,none,0.0,none,0.0,color:unknown
United States,Nickel,USD,1997,1997,5.0,21.21,1.95,0.0,silver,,copper,0.75,nickel,0.25,none,0.0,color:silver
United States,Dime,USD,1997,1997,2.268,17.91,1.35,0.0,silver,Cu-Ni clad,copper,0.9167,nickel,0.0833,none,0.0,phrase:clad
United States,Quarter,USD,1997,1997,5.67,24.26,1.75,0.0,silver,Cu-Ni clad; designs vary,copper,0.9167,nickel,0.0833,none,0.0,phrase:clad
United States,Half Dollar,USD,1997,1997,11.34,30.61,2.15,0.0,silver,Cu-Ni clad,copper,0.9167,nickel,0.0833,none,0.0,phrase:clad
United States,Dollar,USD,1997,1997,8.1,26.5,2.0,0.0,gold,Native American $1,copper,0.7,zinc,0.3,none,0.0,color:gold
United States,Cent,USD,1998,1998,2.5,19.05,1.52,0.0,copper,Wheat/MM/Lincoln types vary,unknown,1.0,none,0.0,none,0.0,color:unknown
United States,Nickel,USD,1998,1998,5.0,21.21,1.95,0.0,silver,,copper,0.75,nickel,0.25,none,0.0,color:silver
United States,Dime,USD,1998,1998,2.268,17.91,1.35,0.0,silver,Cu-Ni clad,copper,0.9167,nickel,0.0833,none,0.0,phrase:clad
United States,Quarter,USD,1998,1998,5.67,24.26,1.75,0.0,silver,Cu-Ni clad; designs vary,copper,0.9167,nickel,0.0833,none,0.0,phrase:clad
United States,Half Dollar,USD,1998,1998,11.34,30.61,2.15,0.0,silver,Cu-Ni clad,copper,0.9167,nickel,0.0833,none,0.0,phrase:clad
United States,Dollar,USD,1998,1998,8.1,26.5,2.0,0.0,gold,Native American $1,copper,0.7,zinc,0.3,none,0.0,color:gold
United States,Cent,USD,1999,1999,2.5,19.05,1.52,0.0,copper,Wheat/MM/Lincoln types vary,unknown,1.0,none,0.0,none,0.0,color:unknown
United States,Nickel,USD,1999,1999,5.0,21.21,1.95,0.0,silver,,copper,0.75,nickel,0.25,none,0.0,color:silver
United States,Dime,USD,1999,1999,2.268,17.91,1.35,0.0,silver,Cu-Ni clad,copper,0.9167,nickel,0.0833,none,0.0,phrase:clad
United States,Quarter,USD,1999,1999,5.67,24.26,1.75,0.0,silver,Cu-Ni clad; designs vary,copper,0.9167,nickel,0.0833,none,0.0,phrase:clad
United States,Half Dollar,USD,1999,1999,11.34,30.61,2.15,0.0,silver,Cu-Ni clad,copper,0.9167,nickel,0.0833,none,0.0,phrase:clad
United States,Dollar,USD,1999,1999,8.1,26.5,2.0,0.0,gold,Susan B. Anthony Cu-Ni,copper,0.7,zinc,0.3,none,0.0,color:gold
United States,Cent,USD,2000,2000,2.5,19.05,1.52,0.0,copper,Wheat/MM/Lincoln types vary,unknown,1.0,none,0.0,none,0.0,color:unknown
United States,Nickel,USD,2000,2000,5.0,21.21,1.95,0.0,silver,,copper,0.75,nickel,0.25,none,0.0,color:silver
United States,Dime,USD,2000,2000,2.268,17.91,1.35,0.0,silver,Cu-Ni clad,copper,0.9167,nickel,0.0833,none,0.0,phrase:clad
United States,Quarter,USD,2000,2000,5.67,24.26,1.75,0.0,silver,Cu-Ni clad; designs vary,copper,0.9167,nickel,0.0833,none,0.0,phrase:clad
United States,Half Dollar,USD,2000,2000,11.34,30.61,2.15,0.0,silver,Cu-Ni clad,copper,0.9167,nickel,0.0833,none,0.0,phrase:clad
United States,Dollar,USD,2000,2000,8.1,26.5,2.0,0.0,gold,Sacagawea Mn-brass,copper,0.7,zinc,0.3,none,0.0,phrase:brass
United States,Cent,USD,2001,2001,2.5,19.05,1.52,0.0,copper,Wheat/MM/Lincoln types vary,unknown,1.0,none,0.0,none,0.0,color:unknown
United States,Nickel,USD,2001,2001,5.0,21.21,1.95,0.0,silver,,copper,0.75,nickel,0.25,none,0.0,color:silver
United States,Dime,USD,2001,2001,2.268,17.91,1.35,0.0,silver,Cu-Ni clad,copper,0.9167,nickel,0.0833,none,0.0,phrase:clad
United States,Quarter,USD,2001,2001,5.67,24.26,1.75,0.0,silver,Cu-Ni clad; designs vary,copper,0.9167,nickel,0.0833,none,0.0,phrase:clad
United States,Half Dollar,USD,2001,2001,11.34,30.61,2.15,0.0,silver,Cu-Ni clad,copper,0.9167,nickel,0.0833,none,0.0,phrase:clad
United States,Dollar,USD,2001,2001,8.1,26.5,2.0,0.0,gold,Sacagawea Mn-brass,copper,0.7,zinc,0.3,none,0.0,phrase:brass
United States,Cent,USD,2002,2002,2.5,19.05,1.52,0.0,copper,Wheat/MM/Lincoln types vary,unknown,1.0,none,0.0,none,0.0,color:unknown
United States,Nickel,USD,2002,2002,5.0,21.21,1.95,0.0,silver,,copper,0.75,nickel,0.25,none,0.0,color:silver
United States,Dime,USD,2002,2002,2.268,17.91,1.35,0.0,silver,Cu-Ni clad,copper,0.9167,nickel,0.0833,none,0.0,phrase:clad
United States,Quarter,USD,2002,2002,5.67,24.26,1.75,0.0,silver,Cu-Ni clad; designs vary,copper,0.9167,nickel,0.0833,none,0.0,phrase:clad
United States,Half Dollar,USD,2002,2002,11.34,30.61,2.15,0.0,silver,Cu-Ni clad,copper,0.9167,nickel,0.0833,none,0.0,phrase:clad
United States,Dollar,USD,2002,2002,8.1,26.5,2.0,0.0,gold,Sacagawea Mn-brass,copper,0.7,zinc,0.3,none,0.0,phrase:brass
United States,Cent,USD,2003,2003,2.5,19.05,1.52,0.0,copper,Wheat/MM/Lincoln types vary,unknown,1.0,none,0.0,none,0.0,color:unknown
United States,Nickel,USD,2003,2003,5.0,21.21,1.95,0.0,silver,,copper,0.75,nickel,0.25,none,0.0,color:silver
United States,Dime,USD,2003,2003,2.268,17.91,1.35,0.0,silver,Cu-Ni clad,copper,0.9167,nickel,0.0833,none,0.0,phrase:clad
United States,Quarter,USD,2003,2003,5.67,24.26,1.75,0.0,silver,Cu-Ni clad; designs vary,copper,0.9167,nickel,0.0833,none,0.0,phrase:clad
United States,Half Dollar,USD,2003,2003,11.34,30.61,2.15,0.0,silver,Cu-Ni clad,copper,0.9167,nickel,0.0833,none,0.0,phrase:clad
United States,Dollar,USD,2003,2003,8.1,26.5,2.0,0.0,gold,Sacagawea Mn-brass,copper,0.7,zinc,0.3,none,0.0,phrase:brass
United States,Cent,USD,2004,2004,2.5,19.05,1.52,0.0,copper,Wheat/MM/Lincoln types vary,unknown,1.0,none,0.0,none,0.0,color:unknown
United States,Nickel,USD,2004,2004,5.0,21.21,1.95,0.0,silver,,copper,0.75,nickel,0.25,none,0.0,color:silver
United States,Dime,USD,2004,2004,2.268,17.91,1.35,0.0,silver,Cu-Ni clad,copper,0.9167,nickel,0.0833,none,0.0,phrase:clad
United States,Quarter,USD,2004,2004,5.67,24.26,1.75,0.0,silver,Cu-Ni clad; designs vary,copper,0.9167,nickel,0.0833,none,0.0,phrase:clad
United States,Half Dollar,USD,2004,2004,11.34,30.61,2.15,0.0,silver,Cu-Ni clad,copper,0.9167,nickel,0.0833,none,0.0,phrase:clad
United States,Dollar,USD,2004,2004,8.1,26.5,2.0,0.0,gold,Sacagawea Mn-brass,copper,0.7,zinc,0.3,none,0.0,phrase:brass
United States,Cent,USD,2005,2005,2.5,19.05,1.52,0.0,copper,Wheat/MM/Lincoln types vary,unknown,1.0,none,0.0,none,0.0,color:unknown
United States,Nickel,USD,2005,2005,5.0,21.21,1.95,0.0,silver,,copper,0.75,nickel,0.25,none,0.0,color:silver
United States,Dime,USD,2005,2005,2.268,17.91,1.35,0.0,silver,Cu-Ni clad,copper,0.9167,nickel,0.0833,none,0.0,phrase:clad
United States,Quarter,USD,2005,2005,5.67,24.26,1.75,0.0,silver,Cu-Ni clad; designs vary,copper,0.9167,nickel,0.0833,none,0.0,phrase:clad
United States,Half Dollar,USD,2005,2005,11.34,30.61,2.15,0.0,silver,Cu-Ni clad,copper,0.9167,nickel,0.0833,none,0.0,phrase:clad
United States,Dollar,USD,2005,2005,8.1,26.5,2.0,0.0,gold,Sacagawea Mn-brass,copper,0.7,zinc,0.3,none,0.0,phrase:brass
United States,Cent,USD,2006,2006,2.5,19.05,1.52,0.0,copper,Wheat/MM/Lincoln types vary,unknown,1.0,none,0.0,none,0.0,color:unknown
United States,Nickel,USD,2006,2006,5.0,21.21,1.95,0.0,silver,,copper,0.75,nickel,0.25,none,0.0,color:silver
United States,Dime,USD,2006,2006,2.268,17.91,1.35,0.0,silver,Cu-Ni clad,copper,0.9167,nickel,0.0833,none,0.0,phrase:clad
United States,Quarter,USD,2006,2006,5.67,24.26,1.75,0.0,silver,Cu-Ni clad; designs vary,copper,0.9167,nickel,0.0833,none,0.0,phrase:clad
United States,Half Dollar,USD,2006,2006,11.34,30.61,2.15,0.0,silver,Cu-Ni clad,copper,0.9167,nickel,0.0833,none,0.0,phrase:clad
United States,Dollar,USD,2006,2006,8.1,26.5,2.0,0.0,gold,Sacagawea Mn-brass,copper,0.7,zinc,0.3,none,0.0,phrase:brass
United States,Cent,USD,2007,2007,2.5,19.05,1.52,0.0,copper,Wheat/MM/Lincoln types vary,unknown,1.0,none,0.0,none,0.0,color:unknown
United States,Nickel,USD,2007,2007,5.0,21.21,1.95,0.0,silver,,copper,0.75,nickel,0.25,none,0.0,color:silver
United States,Dime,USD,2007,2007,2.268,17.91,1.35,0.0,silver,Cu-Ni clad,copper,0.9167,nickel,0.0833,none,0.0,phrase:clad
United States,Quarter,USD,2007,2007,5.67,24.26,1.75,0.0,silver,Cu-Ni clad; designs vary,copper,0.9167,nickel,0.0833,none,0.0,phrase:clad
United States,Half Dollar,USD,2007,2007,11.34,30.61,2.15,0.0,silver,Cu-Ni clad,copper,0.9167,nickel,0.0833,none,0.0,phrase:clad
United States,Dollar,USD,2007,2007,8.1,26.5,2.0,0.0,gold,Sacagawea Mn-brass,copper,0.7,zinc,0.3,none,0.0,phrase:brass
United States,Cent,USD,2008,2008,2.5,19.05,1.52,0.0,copper,Wheat/MM/Lincoln types vary,unknown,1.0,none,0.0,none,0.0,color:unknown
United States,Nickel,USD,2008,2008,5.0,21.21,1.95,0.0,silver,,copper,0.75,nickel,0.25,none,0.0,color:silver
United States,Dime,USD,2008,2008,2.268,17.91,1.35,0.0,silver,Cu-Ni clad,copper,0.9167,nickel,0.0833,none,0.0,phrase:clad
United States,Quarter,USD,2008,2008,5.67,24.26,1.75,0.0,silver,Cu-Ni clad; designs vary,copper,0.9167,nickel,0.0833,none,0.0,phrase:clad
United States,Half Dollar,USD,2008,2008,11.34,30.61,2.15,0.0,silver,Cu-Ni clad,copper,0.9167,nickel,0.0833,none,0.0,phrase:clad
United States,Dollar,USD,2008,2008,8.1,26.5,2.0,0.0,gold,Sacagawea Mn-brass,copper,0.7,zinc,0.3,none,0.0,phrase:brass
United States,Cent,USD,2009,2009,2.5,19.05,1.52,0.0,copper,Wheat/MM/Lincoln types vary,unknown,1.0,none,0.0,none,0.0,color:unknown
United States,Nickel,USD,2009,2009,5.0,21.21,1.95,0.0,silver,,copper,0.75,nickel,0.25,none,0.0,color:silver
United States,Dime,USD,2009,2009,2.268,17.91,1.35,0.0,silver,Cu-Ni clad,copper,0.9167,nickel,0.0833,none,0.0,phrase:clad
United States,Quarter,USD,2009,2009,5.67,24.26,1.75,0.0,silver,Cu-Ni clad; designs vary,copper,0.9167,nickel,0.0833,none,0.0,phrase:clad
United States,Half Dollar,USD,2009,2009,11.34,30.61,2.15,0.0,silver,Cu-Ni clad,copper,0.9167,nickel,0.0833,none,0.0,phrase:clad
United States,Dollar,USD,2009,2009,8.1,26.5,2.0,0.0,gold,Native American $1,copper,0.7,zinc,0.3,none,0.0,color:gold
United States,Cent,USD,2010,2010,2.5,19.05,1.52,0.0,copper,Wheat/MM/Lincoln types vary,unknown,1.0,none,0.0,none,0.0,color:unknown
United States,Nickel,USD,2010,2010,5.0,21.21,1.95,0.0,silver,,copper,0.75,nickel,0.25,none,0.0,color:silver
United States,Dime,USD,2010,2010,2.268,17.91,1.35,0.0,silver,Cu-Ni clad,copper,0.9167,nickel,0.0833,none,0.0,phrase:clad
United States,Quarter,USD,2010,2010,5.67,24.26,1.75,0.0,silver,Cu-Ni clad; designs vary,copper,0.9167,nickel,0.0833,none,0.0,phrase:clad
United States,Half Dollar,USD,2010,2010,11.34,30.61,2.15,0.0,silver,Cu-Ni clad,copper,0.9167,nickel,0.0833,none,0.0,phrase:clad
United States,Dollar,USD,2010,2010,8.1,26.5,2.0,0.0,gold,Native American $1,copper,0.7,zinc,0.3,none,0.0,color:gold
United States,Cent,USD,2011,2011,2.5,19.05,1.52,0.0,copper,Wheat/MM/Lincoln types vary,unknown,1.0,none,0.0,none,0.0,color:unknown
United States,Nickel,USD,2011,2011,5.0,21.21,1.95,0.0,silver,,copper,0.75,nickel,0.25,none,0.0,color:silver
United States,Dime,USD,2011,2011,2.268,17.91,1.35,0.0,silver,Cu-Ni clad,copper,0.9167,nickel,0.0833,none,0.0,phrase:clad
United States,Quarter,USD,2011,2011,5.67,24.26,1.75,0.0,silver,Cu-Ni clad; designs vary,copper,0.9167,nickel,0.0833,none,0.0,phrase:clad
United States,Half Dollar,USD,2011,2011,11.34,30.61,2.15,0.0,silver,Cu-Ni clad,copper,0.9167,nickel,0.0833,none,0.0,phrase:clad
United States,Dollar,USD,2011,2011,8.1,26.5,2.0,0.0,gold,Native American $1,copper,0.7,zinc,0.3,none,0.0,color:gold
United States,Cent,USD,2012,2012,2.5,19.05,1.52,0.0,copper,Wheat/MM/Lincoln types vary,unknown,1.0,none,0.0,none,0.0,color:unknown
United States,Nickel,USD,2012,2012,5.0,21.21,1.95,0.0,silver,,copper,0.75,nickel,0.25,none,0.0,color:silver
United States,Dime,USD,2012,2012,2.268,17.91,1.35,0.0,silver,Cu-Ni clad,copper,0.9167,nickel,0.0833,none,0.0,phrase:clad
United States,Quarter,USD,2012,2012,5.67,24.26,1.75,0.0,silver,Cu-Ni clad; designs vary,copper,0.9167,nickel,0.0833,none,0.0,phrase:clad
United States,Half Dollar,USD,2012,2012,11.34,30.61,2.15,0.0,silver,Cu-Ni clad,copper,0.9167,nickel,0.0833,none,0.0,phrase:clad
United States,Dollar,USD,2012,2012,8.1,26.5,2.0,0.0,gold,Native American $1,copper,0.7,zinc,0.3,none,0.0,color:gold
United States,Cent,USD,2013,2013,2.5,19.05,1.52,0.0,copper,Wheat/MM/Lincoln types vary,unknown,1.0,none,0.0,none,0.0,color:unknown
United States,Nickel,USD,2013,2013,5.0,21.21,1.95,0.0,silver,,copper,0.75,nickel,0.25,none,0.0,color:silver
United States,Dime,USD,2013,2013,2.268,17.91,1.35,0.0,silver,Cu-Ni clad,copper,0.9167,nickel,0.0833,none,0.0,phrase:clad
United States,Quarter,USD,2013,2013,5.67,24.26,1.75,0.0,silver,Cu-Ni clad; designs vary,copper,0.9167,nickel,0.0833,none,0.0,phrase:clad
United States,Half Dollar,USD,2013,2013,11.34,30.61,2.15,0.0,silver,Cu-Ni clad,copper,0.9167,nickel,0.0833,none,0.0,phrase:clad
United States,Dollar,USD,2013,2013,8.1,26.5,2.0,0.0,gold,Native American $1,copper,0.7,zinc,0.3,none,0.0,color:gold
United States,Cent,USD,2014,2014,2.5,19.05,1.52,0.0,copper,Wheat/MM/Lincoln types vary,unknown,1.0,none,0.0,none,0.0,color:unknown
United States,Nickel,USD,2014,2014,5.0,21.21,1.95,0.0,silver,,copper,0.75,nickel,0.25,none,0.0,color:silver
United States,Dime,USD,2014,2014,2.268,17.91,1.35,0.0,silver,Cu-Ni clad,copper,0.9167,nickel,0.0833,none,0.0,phrase:clad
United States,Quarter,USD,2014,2014,5.67,24.26,1.75,0.0,silver,Cu-Ni clad; designs vary,copper,0.9167,nickel,0.0833,none,0.0,phrase:clad
United States,Half Dollar,USD,2014,2014,11.34,30.61,2.15,0.0,silver,Cu-Ni clad,copper,0.9167,nickel,0.0833,none,0.0,phrase:clad
United States,Dollar,USD,2014,2014,8.1,26.5,2.0,0.0,gold,Native American $1,copper,0.7,zinc,0.3,none,0.0,color:gold
United States,Cent,USD,2015,2015,2.5,19.05,1.52,0.0,copper,Wheat/MM/Lincoln types vary,unknown,1.0,none,0.0,none,0.0,color:unknown
United States,Nickel,USD,2015,2015,5.0,21.21,1.95,0.0,silver,,copper,0.75,nickel,0.25,none,0.0,color:silver
United States,Dime,USD,2015,2015,2.268,17.91,1.35,0.0,silver,Cu-Ni clad,copper,0.9167,nickel,0.0833,none,0.0,phrase:clad
United States,Quarter,USD,2015,2015,5.67,24.26,1.75,0.0,silver,Cu-Ni clad; designs vary,copper,0.9167,nickel,0.0833,none,0.0,phrase:clad
United States,Half Dollar,USD,2015,2015,11.34,30.61,2.15,0.0,silver,Cu-Ni clad,copper,0.9167,nickel,0.0833,none,0.0,phrase:clad
United States,Dollar,USD,2015,2015,8.1,26.5,2.0,0.0,gold,Native American $1,copper,0.7,zinc,0.3,none,0.0,color:gold
United States,Cent,USD,2016,2016,2.5,19.05,1.52,0.0,copper,Wheat/MM/Lincoln types vary,unknown,1.0,none,0.0,none,0.0,color:unknown
United States,Nickel,USD,2016,2016,5.0,21.21,1.95,0.0,silver,,copper,0.75,nickel,0.25,none,0.0,color:silver
United States,Dime,USD,2016,2016,2.268,17.91,1.35,0.0,silver,Cu-Ni clad,copper,0.9167,nickel,0.0833,none,0.0,phrase:clad
United States,Quarter,USD,2016,2016,5.67,24.26,1.75,0.0,silver,Cu-Ni clad; designs vary,copper,0.9167,nickel,0.0833,none,0.0,phrase:clad
United States,Half Dollar,USD,2016,2016,11.34,30.61,2.15,0.0,silver,Cu-Ni clad,copper,0.9167,nickel,0.0833,none,0.0,phrase:clad
United States,Dollar,USD,2016,2016,8.1,26.5,2.0,0.0,gold,Native American $1,copper,0.7,zinc,0.3,none,0.0,color:gold
United States,Cent,USD,2017,2017,2.5,19.05,1.52,0.0,copper,Wheat/MM/Lincoln types vary,unknown,1.0,none,0.0,none,0.0,color:unknown
United States,Nickel,USD,2017,2017,5.0,21.21,1.95,0.0,silver,,copper,0.75,nickel,0.25,none,0.0,color:silver
United States,Dime,USD,2017,2017,2.268,17.91,1.35,0.0,silver,Cu-Ni clad,copper,0.9167,nickel,0.0833,none,0.0,phrase:clad
United States,Quarter,USD,2017,2017,5.67,24.26,1.75,0.0,silver,Cu-Ni clad; designs vary,copper,0.9167,nickel,0.0833,none,0.0,phrase:clad
United States,Half Dollar,USD,2017,2017,11.34,30.61,2.15,0.0,silver,Cu-Ni clad,copper,0.9167,nickel,0.0833,none,0.0,phrase:clad
United States,Dollar,USD,2017,2017,8.1,26.5,2.0,0.0,gold,Native American $1,copper,0.7,zinc,0.3,none,0.0,color:gold
United States,Cent,USD,2018,2018,2.5,19.05,1.52,0.0,copper,Wheat/MM/Lincoln types vary,unknown,1.0,none,0.0,none,0.0,color:unknown
United States,Nickel,USD,2018,2018,5.0,21.21,1.95,0.0,silver,,copper,0.75,nickel,0.25,none,0.0,color:silver
United States,Dime,USD,2018,2018,2.268,17.91,1.35,0.0,silver,Cu-Ni clad,copper,0.9167,nickel,0.0833,none,0.0,phrase:clad
United States,Quarter,USD,2018,2018,5.67,24.26,1.75,0.0,silver,Cu-Ni clad; designs vary,copper,0.9167,nickel,0.0833,none,0.0,phrase:clad
United States,Half Dollar,USD,2018,2018,11.34,30.61,2.15,0.0,silver,Cu-Ni clad,copper,0.9167,nickel,0.0833,none,0.0,phrase:clad
United States,Dollar,USD,2018,2018,8.1,26.5,2.0,0.0,gold,Native American $1,copper,0.7,zinc,0.3,none,0.0,color:gold
United States,Cent,USD,2019,2019,2.5,19.05,1.52,0.0,copper,Wheat/MM/Lincoln types vary,unknown,1.0,none,0.0,none,0.0,color:unknown
United States,Nickel,USD,2019,2019,5.0,21.21,1.95,0.0,silver,,copper,0.75,nickel,0.25,none,0.0,color:silver
United States,Dime,USD,2019,2019,2.268,17.91,1.35,0.0,silver,Cu-Ni clad,copper,0.9167,nickel,0.0833,none,0.0,phrase:clad
United States,Quarter,USD,2019,2019,5.67,24.26,1.75,0.0,silver,Cu-Ni clad; designs vary,copper,0.9167,nickel,0.0833,none,0.0,phrase:clad
United States,Half Dollar,USD,2019,2019,11.34,30.61,2.15,0.0,silver,Cu-Ni clad,copper,0.9167,nickel,0.0833,none,0.0,phrase:clad
United States,Dollar,USD,2019,2019,8.1,26.5,2.0,0.0,gold,Native American $1,copper,0.7,zinc,0.3,none,0.0,color:gold
United States,Cent,USD,2020,2020,2.5,19.05,1.52,0.0,copper,Wheat/MM/Lincoln types vary,unknown,1.0,none,0.0,none,0.0,color:unknown
United States,Nickel,USD,2020,2020,5.0,21.21,1.95,0.0,silver,,copper,0.75,nickel,0.25,none,0.0,color:silver
United States,Dime,USD,2020,2020,2.268,17.91,1.35,0.0,silver,Cu-Ni clad,copper,0.9167,nickel,0.0833,none,0.0,phrase:clad
United States,Quarter,USD,2020,2020,5.67,24.26,1.75,0.0,silver,Cu-Ni clad; designs vary,copper,0.9167,nickel,0.0833,none,0.0,phrase:clad
United States,Half Dollar,USD,2020,2020,11.34,30.61,2.15,0.0,silver,Cu-Ni clad,copper,0.9167,nickel,0.0833,none,0.0,phrase:clad
United States,Dollar,USD,2020,2020,8.1,26.5,2.0,0.0,gold,Native American $1,copper,0.7,zinc,0.3,none,0.0,color:gold
United States,Cent,USD,2021,2021,2.5,19.05,1.52,0.0,copper,Wheat/MM/Lincoln types vary,unknown,1.0,none,0.0,none,0.0,color:unknown
United States,Nickel,USD,2021,2021,5.0,21.21,1.95,0.0,silver,,copper,0.75,nickel,0.25,none,0.0,color:silver
United States,Dime,USD,2021,2021,2.268,17.91,1.35,0.0,silver,Cu-Ni clad,copper,0.9167,nickel,0.0833,none,0.0,phrase:clad
United States,Quarter,USD,2021,2021,5.67,24.26,1.75,0.0,silver,Cu-Ni clad; designs vary,copper,0.9167,nickel,0.0833,none,0.0,phrase:clad
United States,Half Dollar,USD,2021,2021,11.34,30.61,2.15,0.0,silver,Cu-Ni clad,copper,0.9167,nickel,0.0833,none,0.0,phrase:clad
United States,Dollar,USD,2021,2021,8.1,26.5,2.0,0.0,gold,Native American $1,copper,0.7,zinc,0.3,none,0.0,color:gold
United States,Cent,USD,2022,2022,2.5,19.05,1.52,0.0,copper,Wheat/MM/Lincoln types vary,unknown,1.0,none,0.0,none,0.0,color:unknown
United States,Nickel,USD,2022,2022,5.0,21.21,1.95,0.0,silver,,copper,0.75,nickel,0.25,none,0.0,color:silver
United States,Dime,USD,2022,2022,2.268,17.91,1.35,0.0,silver,Cu-Ni clad,copper,0.9167,nickel,0.0833,none,0.0,phrase:clad
United States,Quarter,USD,2022,2022,5.67,24.26,1.75,0.0,silver,Cu-Ni clad; designs vary,copper,0.9167,nickel,0.0833,none,0.0,phrase:clad
United States,Half Dollar,USD,2022,2022,11.34,30.61,2.15,0.0,silver,Cu-Ni clad,copper,0.9167,nickel,0.0833,none,0.0,phrase:clad
United States,Dollar,USD,2022,2022,8.1,26.5,2.0,0.0,gold,Native American $1,copper,0.7,zinc,0.3,none,0.0,color:gold
United States,Cent,USD,2023,2023,2.5,19.05,1.52,0.0,copper,Wheat/MM/Lincoln types vary,unknown,1.0,none,0.0,none,0.0,color:unknown
United States,Nickel,USD,2023,2023,5.0,21.21,1.95,0.0,silver,,copper,0.75,nickel,0.25,none,0.0,color:silver
United States,Dime,USD,2023,2023,2.268,17.91,1.35,0.0,silver,Cu-Ni clad,copper,0.9167,nickel,0.0833,none,0.0,phrase:clad
United States,Quarter,USD,2023,2023,5.67,24.26,1.75,0.0,silver,Cu-Ni clad; designs vary,copper,0.9167,nickel,0.0833,none,0.0,phrase:clad
United States,Half Dollar,USD,2023,2023,11.34,30.61,2.15,0.0,silver,Cu-Ni clad,copper,0.9167,nickel,0.0833,none,0.0,phrase:clad
United States,Dollar,USD,2023,2023,8.1,26.5,2.0,0.0,gold,Native American $1,copper,0.7,zinc,0.3,none,0.0,color:gold
United States,Cent,USD,2024,2024,2.5,19.05,1.52,0.0,copper,Wheat/MM/Lincoln types vary,unknown,1.0,none,0.0,none,0.0,color:unknown
United States,Nickel,USD,2024,2024,5.0,21.21,1.95,0.0,silver,,copper,0.75,nickel,0.25,none,0.0,color:silver
United States,Dime,USD,2024,2024,2.268,17.91,1.35,0.0,silver,Cu-Ni clad,copper,0.9167,nickel,0.0833,none,0.0,phrase:clad
United States,Quarter,USD,2024,2024,5.67,24.26,1.75,0.0,silver,Cu-Ni clad; designs vary,copper,0.9167,nickel,0.0833,none,0.0,phrase:clad
United States,Half Dollar,USD,2024,2024,11.34,30.61,2.15,0.0,silver,Cu-Ni clad,copper,0.9167,nickel,0.0833,none,0.0,phrase:clad
United States,Dollar,USD,2024,2024,8.1,26.5,2.0,0.0,gold,Native American $1,copper,0.7,zinc,0.3,none,0.0,color:gold
United States,Cent,USD,2025,2025,2.5,19.05,1.52,0.0,copper,Wheat/MM/Lincoln types vary,unknown,1.0,none,0.0,none,0.0,color:unknown
United States,Nickel,USD,2025,2025,5.0,21.21,1.95,0.0,silver,,copper,0.75,nickel,0.25,none,0.0,color:silver
United States,Dime,USD,2025,2025,2.268,17.91,1.35,0.0,silver,Cu-Ni clad,copper,0.9167,nickel,0.0833,none,0.0,phrase:clad
United States,Quarter,USD,2025,2025,5.67,24.26,1.75,0.0,silver,Cu-Ni clad; designs vary,copper,0.9167,nickel,0.0833,none,0.0,phrase:clad
United States,Half Dollar,USD,2025,2025,11.34,30.61,2.15,0.0,silver,Cu-Ni clad,copper,0.9167,nickel,0.0833,none,0.0,phrase:clad
United States,Dollar,USD,2025,2025,8.1,26.5,2.0,0.0,gold,Native American $1,copper,0.7,zinc,0.3,none,0.0,color:gold
Austria,1 cent,EUR,2002,2025,3.0,16.25,1.67,0.0,copper,Euro standard specs,unknown,1.0,none,0.0,none,0.0,color:unknown
Austria,2 cent,EUR,2002,2025,4.0,18.75,1.67,0.0,copper,Euro standard specs,unknown,1.0,none,0.0,none,0.0,color:unknown
Austria,5 cent,EUR,2002,2025,3.0,21.25,1.67,0.0,copper,Euro standard specs,unknown,1.0,none,0.0,none,0.0,color:unknown
Austria,10 cent,EUR,2002,2025,4.0,19.75,1.93,0.0,gold,Euro standard specs,copper,0.7,zinc,0.3,none,0.0,color:gold
Austria,20 cent,EUR,2002,2025,5.0,22.25,2.14,0.0,gold,Euro standard specs,copper,0.7,zinc,0.3,none,0.0,color:gold
Austria,50 cent,EUR,2002,2025,8.5,24.25,2.38,0.0,gold,Euro standard specs,copper,0.7,zinc,0.3,none,0.0,color:gold
Austria,1 euro,EUR,2002,2025,7.5,23.25,2.33,0.0,bimetal,Euro standard specs,unknown,1.0,none,0.0,none,0.0,color:unknown
Austria,2 euro,EUR,2002,2025,8.5,25.75,2.2,0.0,bimetal,Euro standard specs,unknown,1.0,none,0.0,none,0.0,color:unknown
Belgium,1 cent,EUR,2002,2025,3.0,16.25,1.67,0.0,copper,Euro standard specs,unknown,1.0,none,0.0,none,0.0,color:unknown
Belgium,2 cent,EUR,2002,2025,4.0,18.75,1.67,0.0,copper,Euro standard specs,unknown,1.0,none,0.0,none,0.0,color:unknown
Belgium,5 cent,EUR,2002,2025,3.0,21.25,1.67,0.0,copper,Euro standard specs,unknown,1.0,none,0.0,none,0.0,color:unknown
Belgium,10 cent,EUR,2002,2025,4.0,19.75,1.93,0.0,gold,Euro standard specs,copper,0.7,zinc,0.3,none,0.0,color:gold
Belgium,20 cent,EUR,2002,2025,5.0,22.25,2.14,0.0,gold,Euro standard specs,copper,0.7,zinc,0.3,none,0.0,color:gold
Belgium,50 cent,EUR,2002,2025,8.5,24.25,2.38,0.0,gold,Euro standard specs,copper,0.7,zinc,0.3,none,0.0,color:gold
Belgium,1 euro,EUR,2002,2025,7.5,23.25,2.33,0.0,bimetal,Euro standard specs,unknown,1.0,none,0.0,none,0.0,color:unknown
Belgium,2 euro,EUR,2002,2025,8.5,25.75,2.2,0.0,bimetal,Euro standard specs,unknown,1.0,none,0.0,none,0.0,color:unknown
Cyprus,1 cent,EUR,2002,2025,3.0,16.25,1.67,0.0,copper,Euro standard specs,unknown,1.0,none,0.0,none,0.0,color:unknown
Cyprus,2 cent,EUR,2002,2025,4.0,18.75,1.67,0.0,copper,Euro standard specs,unknown,1.0,none,0.0,none,0.0,color:unknown
Cyprus,5 cent,EUR,2002,2025,3.0,21.25,1.67,0.0,copper,Euro standard specs,unknown,1.0,none,0.0,none,0.0,color:unknown
Cyprus,10 cent,EUR,2002,2025,4.0,19.75,1.93,0.0,gold,Euro standard specs,copper,0.7,zinc,0.3,none,0.0,color:gold
Cyprus,20 cent,EUR,2002,2025,5.0,22.25,2.14,0.0,gold,Euro standard specs,copper,0.7,zinc,0.3,none,0.0,color:gold
Cyprus,50 cent,EUR,2002,2025,8.5,24.25,2.38,0.0,gold,Euro standard specs,copper,0.7,zinc,0.3,none,0.0,color:gold
Cyprus,1 euro,EUR,2002,2025,7.5,23.25,2.33,0.0,bimetal,Euro standard specs,unknown,1.0,none,0.0,none,0.0,color:unknown
Cyprus,2 euro,EUR,2002,2025,8.5,25.75,2.2,0.0,bimetal,Euro standard specs,unknown,1.0,none,0.0,none,0.0,color:unknown
Estonia,1 cent,EUR,2002,2025,3.0,16.25,1.67,0.0,copper,Euro standard specs,unknown,1.0,none,0.0,none,0.0,color:unknown
Estonia,2 cent,EUR,2002,2025,4.0,18.75,1.67,0.0,copper,Euro standard specs,unknown,1.0,none,0.0,none,0.0,color:unknown
Estonia,5 cent,EUR,2002,2025,3.0,21.25,1.67,0.0,copper,Euro standard specs,unknown,1.0,none,0.0,none,0.0,color:unknown
Estonia,10 cent,EUR,2002,2025,4.0,19.75,1.93,0.0,gold,Euro standard specs,copper,0.7,zinc,0.3,none,0.0,color:gold
Estonia,20 cent,EUR,2002,2025,5.0,22.25,2.14,0.0,gold,Euro standard specs,copper,0.7,zinc,0.3,none,0.0,color:gold
Estonia,50 cent,EUR,2002,2025,8.5,24.25,2.38,0.0,gold,Euro standard specs,copper,0.7,zinc,0.3,none,0.0,color:gold
Estonia,1 euro,EUR,2002,2025,7.5,23.25,2.33,0.0,bimetal,Euro standard specs,unknown,1.0,none,0.0,none,0.0,color:unknown
Estonia,2 euro,EUR,2002,2025,8.5,25.75,2.2,0.0,bimetal,Euro standard specs,unknown,1.0,none,0.0,none,0.0,color:unknown
Finland,1 cent,EUR,2002,2025,3.0,16.25,1.67,0.0,copper,Euro standard specs,unknown,1.0,none,0.0,none,0.0,color:unknown
Finland,2 cent,EUR,2002,2025,4.0,18.75,1.67,0.0,copper,Euro standard specs,unknown,1.0,none,0.0,none,0.0,color:unknown
Finland,5 cent,EUR,2002,2025,3.0,21.25,1.67,0.0,copper,Euro standard specs,unknown,1.0,none,0.0,none,0.0,color:unknown
Finland,10 cent,EUR,2002,2025,4.0,19.75,1.93,0.0,gold,Euro standard specs,copper,0.7,zinc,0.3,none,0.0,color:gold
Finland,20 cent,EUR,2002,2025,5.0,22.25,2.14,0.0,gold,Euro standard specs,copper,0.7,zinc,0.3,none,0.0,color:gold
Finland,50 cent,EUR,2002,2025,8.5,24.25,2.38,0.0,gold,Euro standard specs,copper,0.7,zinc,0.3,none,0.0,color:gold
Finland,1 euro,EUR,2002,2025,7.5,23.25,2.33,0.0,bimetal,Euro standard specs,unknown,1.0,none,0.0,none,0.0,color:unknown
Finland,2 euro,EUR,2002,2025,8.5,25.75,2.2,0.0,bimetal,Euro standard specs,unknown,1.0,none,0.0,none,0.0,color:unknown
France,1 cent,EUR,2002,2025,3.0,16.25,1.67,0.0,copper,Euro standard specs,unknown,1.0,none,0.0,none,0.0,color:unknown
France,2 cent,EUR,2002,2025,4.0,18.75,1.67,0.0,copper,Euro standard specs,unknown,1.0,none,0.0,none,0.0,color:unknown
France,5 cent,EUR,2002,2025,3.0,21.25,1.67,0.0,copper,Euro standard specs,unknown,1.0,none,0.0,none,0.0,color:unknown
France,10 cent,EUR,2002,2025,4.0,19.75,1.93,0.0,gold,Euro standard specs,copper,0.7,zinc,0.3,none,0.0,color:gold
France,20 cent,EUR,2002,2025,5.0,22.25,2.14,0.0,gold,Euro standard specs,copper,0.7,zinc,0.3,none,0.0,color:gold
France,50 cent,EUR,2002,2025,8.5,24.25,2.38,0.0,gold,Euro standard specs,copper,0.7,zinc,0.3,none,0.0,color:gold
France,1 euro,EUR,2002,2025,7.5,23.25,2.33,0.0,bimetal,Euro standard specs,unknown,1.0,none,0.0,none,0.0,color:unknown
France,2 euro,EUR,2002,2025,8.5,25.75,2.2,0.0,bimetal,Euro standard specs,unknown,1.0,none,0.0,none,0.0,color:unknown
Germany,1 cent,EUR,2002,2025,3.0,16.25,1.67,0.0,copper,Euro standard specs,unknown,1.0,none,0.0,none,0.0,color:unknown
Germany,2 cent,EUR,2002,2025,4.0,18.75,1.67,0.0,copper,Euro standard specs,unknown,1.0,none,0.0,none,0.0,color:unknown
Germany,5 cent,EUR,2002,2025,3.0,21.25,1.67,0.0,copper,Euro standard specs,unknown,1.0,none,0.0,none,0.0,color:unknown
Germany,10 cent,EUR,2002,2025,4.0,19.75,1.93,0.0,gold,Euro standard specs,copper,0.7,zinc,0.3,none,0.0,color:gold
Germany,20 cent,EUR,2002,2025,5.0,22.25,2.14,0.0,gold,Euro standard specs,copper,0.7,zinc,0.3,none,0.0,color:gold
Germany,50 cent,EUR,2002,2025,8.5,24.25,2.38,0.0,gold,Euro standard specs,copper,0.7,zinc,0.3,none,0.0,color:gold
Germany,1 euro,EUR,2002,2025,7.5,23.25,2.33,0.0,bimetal,Euro standard specs,unknown,1.0,none,0.0,none,0.0,color:unknown
Germany,2 euro,EUR,2002,2025,8.5,25.75,2.2,0.0,bimetal,Euro standard specs,unknown,1.0,none,0.0,none,0.0,color:unknown
Greece,1 cent,EUR,2002,2025,3.0,16.25,1.67,0.0,copper,Euro standard specs,unknown,1.0,none,0.0,none,0.0,color:unknown
Greece,2 cent,EUR,2002,2025,4.0,18.75,1.67,0.0,copper,Euro standard specs,unknown,1.0,none,0.0,none,0.0,color:unknown
Greece,5 cent,EUR,2002,2025,3.0,21.25,1.67,0.0,copper,Euro standard specs,unknown,1.0,none,0.0,none,0.0,color:unknown
Greece,10 cent,EUR,2002,2025,4.0,19.75,1.93,0.0,gold,Euro standard specs,copper,0.7,zinc,0.3,none,0.0,color:gold
Greece,20 cent,EUR,2002,2025,5.0,22.25,2.14,0.0,gold,Euro standard specs,copper,0.7,zinc,0.3,none,0.0,color:gold
Greece,50 cent,EUR,2002,2025,8.5,24.25,2.38,0.0,gold,Euro standard specs,copper,0.7,zinc,0.3,none,0.0,color:gold
Greece,1 euro,EUR,2002,2025,7.5,23.25,2.33,0.0,bimetal,Euro standard specs,unknown,1.0,none,0.0,none,0.0,color:unknown
Greece,2 euro,EUR,2002,2025,8.5,25.75,2.2,0.0,bimetal,Euro standard specs,unknown,1.0,none,0.0,none,0.0,color:unknown
Ireland,1 cent,EUR,2002,2025,3.0,16.25,1.67,0.0,copper,Euro standard specs,unknown,1.0,none,0.0,none,0.0,color:unknown
Ireland,2 cent,EUR,2002,2025,4.0,18.75,1.67,0.0,copper,Euro standard specs,unknown,1.0,none,0.0,none,0.0,color:unknown
Ireland,5 cent,EUR,2002,2025,3.0,21.25,1.67,0.0,copper,Euro standard specs,unknown,1.0,none,0.0,none,0.0,color:unknown
Ireland,10 cent,EUR,2002,2025,4.0,19.75,1.93,0.0,gold,Euro standard specs,copper,0.7,zinc,0.3,none,0.0,color:gold
Ireland,20 cent,EUR,2002,2025,5.0,22.25,2.14,0.0,gold,Euro standard specs,copper,0.7,zinc,0.3,none,0.0,color:gold
Ireland,50 cent,EUR,2002,2025,8.5,24.25,2.38,0.0,gold,Euro standard specs,copper,0.7,zinc,0.3,none,0.0,color:gold
Ireland,1 euro,EUR,2002,2025,7.5,23.25,2.33,0.0,bimetal,Euro standard specs,unknown,1.0,none,0.0,none,0.0,color:unknown
Ireland,2 euro,EUR,2002,2025,8.5,25.75,2.2,0.0,bimetal,Euro standard specs,unknown,1.0,none,0.0,none,0.0,color:unknown
Italy,1 cent,EUR,2002,2025,3.0,16.25,1.67,0.0,copper,Euro standard specs,unknown,1.0,none,0.0,none,0.0,color:unknown
Italy,2 cent,EUR,2002,2025,4.0,18.75,1.67,0.0,copper,Euro standard specs,unknown,1.0,none,0.0,none,0.0,color:unknown
Italy,5 cent,EUR,2002,2025,3.0,21.25,1.67,0.0,copper,Euro standard specs,unknown,1.0,none,0.0,none,0.0,color:unknown
Italy,10 cent,EUR,2002,2025,4.0,19.75,1.93,0.0,gold,Euro standard specs,copper,0.7,zinc,0.3,none,0.0,color:gold
Italy,20 cent,EUR,2002,2025,5.0,22.25,2.14,0.0,gold,Euro standard specs,copper,0.7,zinc,0.3,none,0.0,color:gold
Italy,50 cent,EUR,2002,2025,8.5,24.25,2.38,0.0,gold,Euro standard specs,copper,0.7,zinc,0.3,none,0.0,color:gold
Italy,1 euro,EUR,2002,2025,7.5,23.25,2.33,0.0,bimetal,Euro standard specs,unknown,1.0,none,0.0,none,0.0,color:unknown
Italy,2 euro,EUR,2002,2025,8.5,25.75,2.2,0.0,bimetal,Euro standard specs,unknown,1.0,none,0.0,none,0.0,color:unknown
Latvia,1 cent,EUR,2002,2025,3.0,16.25,1.67,0.0,copper,Euro standard specs,unknown,1.0,none,0.0,none,0.0,color:unknown
Latvia,2 cent,EUR,2002,2025,4.0,18.75,1.67,0.0,copper,Euro standard specs,unknown,1.0,none,0.0,none,0.0,color:unknown
Latvia,5 cent,EUR,2002,2025,3.0,21.25,1.67,0.0,copper,Euro standard specs,unknown,1.0,none,0.0,none,0.0,color:unknown
Latvia,10 cent,EUR,2002,2025,4.0,19.75,1.93,0.0,gold,Euro standard specs,copper,0.7,zinc,0.3,none,0.0,color:gold
Latvia,20 cent,EUR,2002,2025,5.0,22.25,2.14,0.0,gold,Euro standard specs,copper,0.7,zinc,0.3,none,0.0,color:gold
Latvia,50 cent,EUR,2002,2025,8.5,24.25,2.38,0.0,gold,Euro standard specs,copper,0.7,zinc,0.3,none,0.0,color:gold
Latvia,1 euro,EUR,2002,2025,7.5,23.25,2.33,0.0,bimetal,Euro standard specs,unknown,1.0,none,0.0,none,0.0,color:unknown
Latvia,2 euro,EUR,2002,2025,8.5,25.75,2.2,0.0,bimetal,Euro standard specs,unknown,1.0,none,0.0,none,0.0,color:unknown
Lithuania,1 cent,EUR,2002,2025,3.0,16.25,1.67,0.0,copper,Euro standard specs,unknown,1.0,none,0.0,none,0.0,color:unknown
Lithuania,2 cent,EUR,2002,2025,4.0,18.75,1.67,0.0,copper,Euro standard specs,unknown,1.0,none,0.0,none,0.0,color:unknown
Lithuania,5 cent,EUR,2002,2025,3.0,21.25,1.67,0.0,copper,Euro standard specs,unknown,1.0,none,0.0,none,0.0,color:unknown
Lithuania,10 cent,EUR,2002,2025,4.0,19.75,1.93,0.0,gold,Euro standard specs,copper,0.7,zinc,0.3,none,0.0,color:gold
Lithuania,20 cent,EUR,2002,2025,5.0,22.25,2.14,0.0,gold,Euro standard specs,copper,0.7,zinc,0.3,none,0.0,color:gold
Lithuania,50 cent,EUR,2002,2025,8.5,24.25,2.38,0.0,gold,Euro standard specs,copper,0.7,zinc,0.3,none,0.0,color:gold
Lithuania,1 euro,EUR,2002,2025,7.5,23.25,2.33,0.0,bimetal,Euro standard specs,unknown,1.0,none,0.0,none,0.0,color:unknown
Lithuania,2 euro,EUR,2002,2025,8.5,25.75,2.2,0.0,bimetal,Euro standard specs,unknown,1.0,none,0.0,none,0.0,color:unknown
Luxembourg,1 cent,EUR,2002,2025,3.0,16.25,1.67,0.0,copper,Euro standard specs,unknown,1.0,none,0.0,none,0.0,color:unknown
Luxembourg,2 cent,EUR,2002,2025,4.0,18.75,1.67,0.0,copper,Euro standard specs,unknown,1.0,none,0.0,none,0.0,color:unknown
Luxembourg,5 cent,EUR,2002,2025,3.0,21.25,1.67,0.0,copper,Euro standard specs,unknown,1.0,none,0.0,none,0.0,color:unknown
Luxembourg,10 cent,EUR,2002,2025,4.0,19.75,1.93,0.0,gold,Euro standard specs,copper,0.7,zinc,0.3,none,0.0,color:gold
Luxembourg,20 cent,EUR,2002,2025,5.0,22.25,2.14,0.0,gold,Euro standard specs,copper,0.7,zinc,0.3,none,0.0,color:gold
Luxembourg,50 cent,EUR,2002,2025,8.5,24.25,2.38,0.0,gold,Euro standard specs,copper,0.7,zinc,0.3,none,0.0,color:gold
Luxembourg,1 euro,EUR,2002,2025,7.5,23.25,2.33,0.0,bimetal,Euro standard specs,unknown,1.0,none,0.0,none,0.0,color:unknown
Luxembourg,2 euro,EUR,2002,2025,8.5,25.75,2.2,0.0,bimetal,Euro standard specs,unknown,1.0,none,0.0,none,0.0,color:unknown
Malta,1 cent,EUR,2002,2025,3.0,16.25,1.67,0.0,copper,Euro standard specs,unknown,1.0,none,0.0,none,0.0,color:unknown
Malta,2 cent,EUR,2002,2025,4.0,18.75,1.67,0.0,copper,Euro standard specs,unknown,1.0,none,0.0,none,0.0,color:unknown
Malta,5 cent,EUR,2002,2025,3.0,21.25,1.67,0.0,copper,Euro standard specs,unknown,1.0,none,0.0,none,0.0,color:unknown
Malta,10 cent,EUR,2002,2025,4.0,19.75,1.93,0.0,gold,Euro standard specs,copper,0.7,zinc,0.3,none,0.0,color:gold
Malta,20 cent,EUR,2002,2025,5.0,22.25,2.14,0.0,gold,Euro standard specs,copper,0.7,zinc,0.3,none,0.0,color:gold
Malta,50 cent,EUR,2002,2025,8.5,24.25,2.38,0.0,gold,Euro standard specs,copper,0.7,zinc,0.3,none,0.0,color:gold
Malta,1 euro,EUR,2002,2025,7.5,23.25,2.33,0.0,bimetal,Euro standard specs,unknown,1.0,none,0.0,none,0.0,color:unknown
Malta,2 euro,EUR,2002,2025,8.5,25.75,2.2,0.0,bimetal,Euro standard specs,unknown,1.0,none,0.0,none,0.0,color:unknown
Netherlands,1 cent,EUR,2002,2025,3.0,16.25,1.67,0.0,copper,Euro standard specs,unknown,1.0,none,0.0,none,0.0,color:unknown
Netherlands,2 cent,EUR,2002,2025,4.0,18.75,1.67,0.0,copper,Euro standard specs,unknown,1.0,none,0.0,none,0.0,color:unknown
Netherlands,5 cent,EUR,2002,2025,3.0,21.25,1.67,0.0,copper,Euro standard specs,unknown,1.0,none,0.0,none,0.0,color:unknown
Netherlands,10 cent,EUR,2002,2025,4.0,19.75,1.93,0.0,gold,Euro standard specs,copper,0.7,zinc,0.3,none,0.0,color:gold
Netherlands,20 cent,EUR,2002,2025,5.0,22.25,2.14,0.0,gold,Euro standard specs,copper,0.7,zinc,0.3,none,0.0,color:gold
Netherlands,50 cent,EUR,2002,2025,8.5,24.25,2.38,0.0,gold,Euro standard specs,copper,0.7,zinc,0.3,none,0.0,color:gold
Netherlands,1 euro,EUR,2002,2025,7.5,23.25,2.33,0.0,bimetal,Euro standard specs,unknown,1.0,none,0.0,none,0.0,color:unknown
Netherlands,2 euro,EUR,2002,2025,8.5,25.75,2.2,0.0,bimetal,Euro standard specs,unknown,1.0,none,0.0,none,0.0,color:unknown
Portugal,1 cent,EUR,2002,2025,3.0,16.25,1.67,0.0,copper,Euro standard specs,unknown,1.0,none,0.0,none,0.0,color:unknown
Portugal,2 cent,EUR,2002,2025,4.0,18.75,1.67,0.0,copper,Euro standard specs,unknown,1.0,none,0.0,none,0.0,color:unknown
Portugal,5 cent,EUR,2002,2025,3.0,21.25,1.67,0.0,copper,Euro standard specs,unknown,1.0,none,0.0,none,0.0,color:unknown
Portugal,10 cent,EUR,2002,2025,4.0,19.75,1.93,0.0,gold,Euro standard specs,copper,0.7,zinc,0.3,none,0.0,color:gold
Portugal,20 cent,EUR,2002,2025,5.0,22.25,2.14,0.0,gold,Euro standard specs,copper,0.7,zinc,0.3,none,0.0,color:gold
Portugal,50 cent,EUR,2002,2025,8.5,24.25,2.38,0.0,gold,Euro standard specs,copper,0.7,zinc,0.3,none,0.0,color:gold
Portugal,1 euro,EUR,2002,2025,7.5,23.25,2.33,0.0,bimetal,Euro standard specs,unknown,1.0,none,0.0,none,0.0,color:unknown
Portugal,2 euro,EUR,2002,2025,8.5,25.75,2.2,0.0,bimetal,Euro standard specs,unknown,1.0,none,0.0,none,0.0,color:unknown
Slovakia,1 cent,EUR,2002,2025,3.0,16.25,1.67,0.0,copper,Euro standard specs,unknown,1.0,none,0.0,none,0.0,color:unknown
Slovakia,2 cent,EUR,2002,2025,4.0,18.75,1.67,0.0,copper,Euro standard specs,unknown,1.0,none,0.0,none,0.0,color:unknown
Slovakia,5 cent,EUR,2002,2025,3.0,21.25,1.67,0.0,copper,Euro standard specs,unknown,1.0,none,0.0,none,0.0,color:unknown
Slovakia,10 cent,EUR,2002,2025,4.0,19.75,1.93,0.0,gold,Euro standard specs,copper,0.7,zinc,0.3,none,0.0,color:gold
Slovakia,20 cent,EUR,2002,2025,5.0,22.25,2.14,0.0,gold,Euro standard specs,copper,0.7,zinc,0.3,none,0.0,color:gold
Slovakia,50 cent,EUR,2002,2025,8.5,24.25,2.38,0.0,gold,Euro standard specs,copper,0.7,zinc,0.3,none,0.0,color:gold
Slovakia,1 euro,EUR,2002,2025,7.5,23.25,2.33,0.0,bimetal,Euro standard specs,unknown,1.0,none,0.0,none,0.0,color:unknown
Slovakia,2 euro,EUR,2002,2025,8.5,25.75,2.2,0.0,bimetal,Euro standard specs,unknown,1.0,none,0.0,none,0.0,color:unknown
Slovenia,1 cent,EUR,2002,2025,3.0,16.25,1.67,0.0,copper,Euro standard specs,unknown,1.0,none,0.0,none,0.0,color:unknown
Slovenia,2 cent,EUR,2002,2025,4.0,18.75,1.67,0.0,copper,Euro standard specs,unknown,1.0,none,0.0,none,0.0,color:unknown
Slovenia,5 cent,EUR,2002,2025,3.0,21.25,1.67,0.0,copper,Euro standard specs,unknown,1.0,none,0.0,none,0.0,color:unknown
Slovenia,10 cent,EUR,2002,2025,4.0,19.75,1.93,0.0,gold,Euro standard specs,copper,0.7,zinc,0.3,none,0.0,color:gold
Slovenia,20 cent,EUR,2002,2025,5.0,22.25,2.14,0.0,gold,Euro standard specs,copper,0.7,zinc,0.3,none,0.0,color:gold
Slovenia,50 cent,EUR,2002,2025,8.5,24.25,2.38,0.0,gold,Euro standard specs,copper,0.7,zinc,0.3,none,0.0,color:gold
Slovenia,1 euro,EUR,2002,2025,7.5,23.25,2.33,0.0,bimetal,Euro standard specs,unknown,1.0,none,0.0,none,0.0,color:unknown
Slovenia,2 euro,EUR,2002,2025,8.5,25.75,2.2,0.0,bimetal,Euro standard specs,unknown,1.0,none,0.0,none,0.0,color:unknown
Spain,1 cent,EUR,2002,2025,3.0,16.25,1.67,0.0,copper,Euro standard specs,unknown,1.0,none,0.0,none,0.0,color:unknown
Spain,2 cent,EUR,2002,2025,4.0,18.75,1.67,0.0,copper,Euro standard specs,unknown,1.0,none,0.0,none,0.0,color:unknown
Spain,5 cent,EUR,2002,2025,3.0,21.25,1.67,0.0,copper,Euro standard specs,unknown,1.0,none,0.0,none,0.0,color:unknown
Spain,10 cent,EUR,2002,2025,4.0,19.75,1.93,0.0,gold,Euro standard specs,copper,0.7,zinc,0.3,none,0.0,color:gold
Spain,20 cent,EUR,2002,2025,5.0,22.25,2.14,0.0,gold,Euro standard specs,copper,0.7,zinc,0.3,none,0.0,color:gold
Spain,50 cent,EUR,2002,2025,8.5,24.25,2.38,0.0,gold,Euro standard specs,copper,0.7,zinc,0.3,none,0.0,color:gold
Spain,1 euro,EUR,2002,2025,7.5,23.25,2.33,0.0,bimetal,Euro standard specs,unknown,1.0,none,0.0,none,0.0,color:unknown
Spain,2 euro,EUR,2002,2025,8.5,25.75,2.2,0.0,bimetal,Euro standard specs,unknown,1.0,none,0.0,none,0.0,color:unknown
Monaco,1 cent,EUR,2002,2025,3.0,16.25,1.67,0.0,copper,Euro standard specs,unknown,1.0,none,0.0,none,0.0,color:unknown
Monaco,2 cent,EUR,2002,2025,4.0,18.75,1.67,0.0,copper,Euro standard specs,unknown,1.0,none,0.0,none,0.0,color:unknown
Monaco,5 cent,EUR,2002,2025,3.0,21.25,1.67,0.0,copper,Euro standard specs,unknown,1.0,none,0.0,none,0.0,color:unknown
Monaco,10 cent,EUR,2002,2025,4.0,19.75,1.93,0.0,gold,Euro standard specs,copper,0.7,zinc,0.3,none,0.0,color:gold
Monaco,20 cent,EUR,2002,2025,5.0,22.25,2.14,0.0,gold,Euro standard specs,copper,0.7,zinc,0.3,none,0.0,color:gold
Monaco,50 cent,EUR,2002,2025,8.5,24.25,2.38,0.0,gold,Euro standard specs,copper,0.7,zinc,0.3,none,0.0,color:gold
Monaco,1 euro,EUR,2002,2025,7.5,23.25,2.33,0.0,bimetal,Euro standard specs,unknown,1.0,none,0.0,none,0.0,color:unknown
Monaco,2 euro,EUR,2002,2025,8.5,25.75,2.2,0.0,bimetal,Euro standard specs,unknown,1.0,none,0.0,none,0.0,color:unknown
San Marino,1 cent,EUR,2002,2025,3.0,16.25,1.67,0.0,copper,Euro standard specs,unknown,1.0,none,0.0,none,0.0,color:unknown
San Marino,2 cent,EUR,2002,2025,4.0,18.75,1.67,0.0,copper,Euro standard specs,unknown,1.0,none,0.0,none,0.0,color:unknown
San Marino,5 cent,EUR,2002,2025,3.0,21.25,1.67,0.0,copper,Euro standard specs,unknown,1.0,none,0.0,none,0.0,color:unknown
San Marino,10 cent,EUR,2002,2025,4.0,19.75,1.93,0.0,gold,Euro standard specs,copper,0.7,zinc,0.3,none,0.0,color:gold
San Marino,20 cent,EUR,2002,2025,5.0,22.25,2.14,0.0,gold,Euro standard specs,copper,0.7,zinc,0.3,none,0.0,color:gold
San Marino,50 cent,EUR,2002,2025,8.5,24.25,2.38,0.0,gold,Euro standard specs,copper,0.7,zinc,0.3,none,0.0,color:gold
San Marino,1 euro,EUR,2002,2025,7.5,23.25,2.33,0.0,bimetal,Euro standard specs,unknown,1.0,none,0.0,none,0.0,color:unknown
San Marino,2 euro,EUR,2002,2025,8.5,25.75,2.2,0.0,bimetal,Euro standard specs,unknown,1.0,none,0.0,none,0.0,color:unknown
Vatican City,1 cent,EUR,2002,2025,3.0,16.25,1.67,0.0,copper,Euro standard specs,unknown,1.0,none,0.0,none,0.0,color:unknown
Vatican City,2 cent,EUR,2002,2025,4.0,18.75,1.67,0.0,copper,Euro standard specs,unknown,1.0,none,0.0,none,0.0,color:unknown
Vatican City,5 cent,EUR,2002,2025,3.0,21.25,1.67,0.0,copper,Euro standard specs,unknown,1.0,none,0.0,none,0.0,color:unknown
Vatican City,10 cent,EUR,2002,2025,4.0,19.75,1.93,0.0,gold,Euro standard specs,copper,0.7,zinc,0.3,none,0.0,color:gold
Vatican City,20 cent,EUR,2002,2025,5.0,22.25,2.14,0.0,gold,Euro standard specs,copper,0.7,zinc,0.3,none,0.0,color:gold
Vatican City,50 cent,EUR,2002,2025,8.5,24.25,2.38,0.0,gold,Euro standard specs,copper,0.7,zinc,0.3,none,0.0,color:gold
Vatican City,1 euro,EUR,2002,2025,7.5,23.25,2.33,0.0,bimetal,Euro standard specs,unknown,1.0,none,0.0,none,0.0,color:unknown
Vatican City,2 euro,EUR,2002,2025,8.5,25.75,2.2,0.0,bimetal,Euro standard specs,unknown,1.0,none,0.0,none,0.0,color:unknown
Andorra,1 cent,EUR,2002,2025,3.0,16.25,1.67,0.0,copper,Euro standard specs,unknown,1.0,none,0.0,none,0.0,color:unknown
Andorra,2 cent,EUR,2002,2025,4.0,18.75,1.67,0.0,copper,Euro standard specs,unknown,1.0,none,0.0,none,0.0,color:unknown
Andorra,5 cent,EUR,2002,2025,3.0,21.25,1.67,0.0,copper,Euro standard specs,unknown,1.0,none,0.0,none,0.0,color:unknown
Andorra,10 cent,EUR,2002,2025,4.0,19.75,1.93,0.0,gold,Euro standard specs,copper,0.7,zinc,0.3,none,0.0,color:gold
Andorra,20 cent,EUR,2002,2025,5.0,22.25,2.14,0.0,gold,Euro standard specs,copper,0.7,zinc,0.3,none,0.0,color:gold
Andorra,50 cent,EUR,2002,2025,8.5,24.25,2.38,0.0,gold,Euro standard specs,copper,0.7,zinc,0.3,none,0.0,color:gold
Andorra,1 euro,EUR,2002,2025,7.5,23.25,2.33,0.0,bimetal,Euro standard specs,unknown,1.0,none,0.0,none,0.0,color:unknown
Andorra,2 euro,EUR,2002,2025,8.5,25.75,2.2,0.0,bimetal,Euro standard specs,unknown,1.0,none,0.0,none,0.0,color:unknown
Japan,1 Yen,JPY,1950,2025,1.0,20.0,1.5,0.0,silver,Aluminum,aluminum,1.0,none,0.0,none,0.0,notes:metals
Japan,5 Yen,JPY,1950,2025,3.75,22.0,1.5,5.0,gold,Brass; holed,copper,0.7,zinc,0.3,none,0.0,phrase:brass
Japan,10 Yen,JPY,1950,2025,4.5,23.5,1.5,0.0,brown,Bronze,copper,0.95,tin,0.05,none,0.0,phrase:bronze
Japan,50 Yen,JPY,1950,2025,4.0,21.0,1.7,4.0,silver,Cu-Ni; holed,copper,0.75,nickel,0.25,none,0.0,color:silver
Japan,100 Yen,JPY,1950,2025,4.8,22.6,1.7,0.0,silver,Cu-Ni,copper,0.75,nickel,0.25,none,0.0,color:silver
Japan,500 Yen,JPY,1950,2025,7.0,26.5,2.0,0.0,gold,Nickel-brass,copper,0.7,zinc,0.24,nickel,0.06,phrase:nickel-brass
United Kingdom,1p,GBP,1971,2025,3.56,20.3,1.65,0.0,copper,Decimal issues; sizes changed for 5p/10p in 1990s,unknown,1.0,none,0.0,none,0.0,color:unknown
United Kingdom,2p,GBP,1971,2025,7.12,25.91,1.85,0.0,copper,Decimal issues; sizes changed for 5p/10p in 1990s,unknown,1.0,none,0.0,none,0.0,color:unknown
United Kingdom,5p,GBP,1971,2025,3.25,18.0,1.77,0.0,silver,Decimal issues; sizes changed for 5p/10p in 1990s,copper,0.75,nickel,0.25,none,0.0,color:silver
United Kingdom,10p,GBP,1971,2025,6.5,24.5,1.85,0.0,silver,Decimal issues; sizes changed for 5p/10p in 1990s,copper,0.75,nickel,0.25,none,0.0,color:silver
United Kingdom,20p,GBP,1971,2025,5.0,21.4,1.7,0.0,silver,Decimal issues; sizes changed for 5p/10p in 1990s,copper,0.75,nickel,0.25,none,0.0,color:silver
United Kingdom,50p,GBP,1971,2025,8.0,27.3,1.78,0.0,silver,Decimal issues; sizes changed for 5p/10p in 1990s,copper,0.75,nickel,0.25,none,0.0,color:silver
United Kingdom,£1,GBP,1971,2025,8.75,23.03,2.8,0.0,bimetal,Decimal issues; sizes changed for 5p/10p in 1990s,unknown,1.0,none,0.0,none,0.0,color:unknown
United Kingdom,£2,GBP,1971,2025,12.0,28.4,2.5,0.0,bimetal,Decimal issues; sizes changed for 5p/10p in 1990s,unknown,1.0,none,0.0,none,0.0,color:unknown
Canada,1 cent,CAD,1968,2025,2.35,19.05,1.45,0.0,copper,Specs vary by era; estimates,unknown,1.0,none,0.0,none,0.0,color:unknown
Canada,5 cents,CAD,1968,2025,3.95,21.2,1.76,0.0,silver,Specs vary by era; estimates,copper,0.75,nickel,0.25,none,0.0,color:silver
Canada,10 cents,CAD,1968,2025,1.75,18.03,1.22,0.0,silver,Specs vary by era; estimates,copper,0.75,nickel,0.25,none,0.0,color:silver
Canada,25 cents,CAD,1968,2025,4.4,23.88,1.58,0.0,silver,Specs vary by era; estimates,copper,0.75,nickel,0.25,none,0.0,color:silver
Canada,50 cents,CAD,1968,2025,6.9,27.13,1.95,0.0,silver,Specs vary by era; estimates,copper,0.75,nickel,0.25,none,0.0,color:silver
Canada,$1 Loonie,CAD,1968,2025,6.27,26.5,1.95,0.0,gold,Specs vary by era; estimates,copper,0.7,zinc,0.3,none,0.0,color:gold
Canada,$2 Toonie,CAD,1968,2025,6.92,28.0,1.75,0.0,bimetal,Specs vary by era; estimates,unknown,1.0,none,0.0,none,0.0,color:unknown
United Kingdom,Penny,GBP,1900,1900,9.45,30.81,1.62,0.0,brown,Pre-decimal bronze penny,copper,0.95,tin,0.05,none,0.0,phrase:bronze
United Kingdom,Penny,GBP,1901,1901,9.45,30.81,1.62,0.0,brown,Pre-decimal bronze penny,copper,0.95,tin,0.05,none,0.0,phrase:bronze
United Kingdom,Penny,GBP,1902,1902,9.45,30.81,1.62,0.0,brown,Pre-decimal bronze penny,copper,0.95,tin,0.05,none,0.0,phrase:bronze
United Kingdom,Penny,GBP,1903,1903,9.45,30.81,1.62,0.0,brown,Pre-decimal bronze penny,copper,0.95,tin,0.05,none,0.0,phrase:bronze
United Kingdom,Penny,GBP,1904,1904,9.45,30.81,1.62,0.0,brown,Pre-decimal bronze penny,copper,0.95,tin,0.05,none,0.0,phrase:bronze
United Kingdom,Penny,GBP,1905,1905,9.45,30.81,1.62,0.0,brown,Pre-decimal bronze penny,copper,0.95,tin,0.05,none,0.0,phrase:bronze
United Kingdom,Penny,GBP,1906,1906,9.45,30.81,1.62,0.0,brown,Pre-decimal bronze penny,copper,0.95,tin,0.05,none,0.0,phrase:bronze
United Kingdom,Penny,GBP,1907,1907,9.45,30.81,1.62,0.0,brown,Pre-decimal bronze penny,copper,0.95,tin,0.05,none,0.0,phrase:bronze
United Kingdom,Penny,GBP,1908,1908,9.45,30.81,1.62,0.0,brown,Pre-decimal bronze penny,copper,0.95,tin,0.05,none,0.0,phrase:bronze
United Kingdom,Penny,GBP,1909,1909,9.45,30.81,1.62,0.0,brown,Pre-decimal bronze penny,copper,0.95,tin,0.05,none,0.0,phrase:bronze
United Kingdom,Penny,GBP,1910,1910,9.45,30.81,1.62,0.0,brown,Pre-decimal bronze penny,copper,0.95,tin,0.05,none,0.0,phrase:bronze
United Kingdom,Penny,GBP,1911,1911,9.45,30.81,1.62,0.0,brown,Pre-decimal bronze penny,copper,0.95,tin,0.05,none,0.0,phrase:bronze
United Kingdom,Penny,GBP,1912,1912,9.45,30.81,1.62,0.0,brown,Pre-decimal bronze penny,copper,0.95,tin,0.05,none,0.0,phrase:bronze
United Kingdom,Penny,GBP,1913,1913,9.45,30.81,1.62,0.0,brown,Pre-decimal bronze penny,copper,0.95,tin,0.05,none,0.0,phrase:bronze
United Kingdom,Penny,GBP,1914,1914,9.45,30.81,1.62,0.0,brown,Pre-decimal bronze penny,copper,0.95,tin,0.05,none,0.0,phrase:bronze
United Kingdom,Penny,GBP,1915,1915,9.45,30.81,1.62,0.0,brown,Pre-decimal bronze penny,copper,0.95,tin,0.05,none,0.0,phrase:bronze
United Kingdom,Penny,GBP,1916,1916,9.45,30.81,1.62,0.0,brown,Pre-decimal bronze penny,copper,0.95,tin,0.05,none,0.0,phrase:bronze
United Kingdom,Penny,GBP,1917,1917,9.45,30.81,1.62,0.0,brown,Pre-decimal bronze penny,copper,0.95,tin,0.05,none,0.0,phrase:bronze
United Kingdom,Penny,GBP,1918,1918,9.45,30.81,1.62,0.0,brown,Pre-decimal bronze penny,copper,0.95,tin,0.05,none,0.0,phrase:bronze
United Kingdom,Penny,GBP,1919,1919,9.45,30.81,1.62,0.0,brown,Pre-decimal bronze penny,copper,0.95,tin,0.05,none,0.0,phrase:bronze
United Kingdom,Penny,GBP,1920,1920,9.45,30.81,1.62,0.0,brown,Pre-decimal bronze penny,copper,0.95,tin,0.05,none,0.0,phrase:bronze
United Kingdom,Penny,GBP,1921,1921,9.45,30.81,1.62,0.0,brown,Pre-decimal bronze penny,copper,0.95,tin,0.05,none,0.0,phrase:bronze
United Kingdom,Penny,GBP,1922,1922,9.45,30.81,1.62,0.0,brown,Pre-decimal bronze penny,copper,0.95,tin,0.05,none,0.0,phrase:bronze
United Kingdom,Penny,GBP,1923,1923,9.45,30.81,1.62,0.0,brown,Pre-decimal bronze penny,copper,0.95,tin,0.05,none,0.0,phrase:bronze
United Kingdom,Penny,GBP,1924,1924,9.45,30.81,1.62,0.0,brown,Pre-decimal bronze penny,copper,0.95,tin,0.05,none,0.0,phrase:bronze
United Kingdom,Penny,GBP,1925,1925,9.45,30.81,1.62,0.0,brown,Pre-decimal bronze penny,copper,0.95,tin,0.05,none,0.0,phrase:bronze
United Kingdom,Penny,GBP,1926,1926,9.45,30.81,1.62,0.0,brown,Pre-decimal bronze penny,copper,0.95,tin,0.05,none,0.0,phrase:bronze
United Kingdom,Penny,GBP,1927,1927,9.45,30.81,1.62,0.0,brown,Pre-decimal bronze penny,copper,0.95,tin,0.05,none,0.0,phrase:bronze
United Kingdom,Penny,GBP,1928,1928,9.45,30.81,1.62,0.0,brown,Pre-decimal bronze penny,copper,0.95,tin,0.05,none,0.0,phrase:bronze
United Kingdom,Penny,GBP,1929,1929,9.45,30.81,1.62,0.0,brown,Pre-decimal bronze penny,copper,0.95,tin,0.05,none,0.0,phrase:bronze
United Kingdom,Penny,GBP,1930,1930,9.45,30.81,1.62,0.0,brown,Pre-decimal bronze penny,copper,0.95,tin,0.05,none,0.0,phrase:bronze
United Kingdom,Penny,GBP,1931,1931,9.45,30.81,1.62,0.0,brown,Pre-decimal bronze penny,copper,0.95,tin,0.05,none,0.0,phrase:bronze
United Kingdom,Penny,GBP,1932,1932,9.45,30.81,1.62,0.0,brown,Pre-decimal bronze penny,copper,0.95,tin,0.05,none,0.0,phrase:bronze
United Kingdom,Penny,GBP,1933,1933,9.45,30.81,1.62,0.0,brown,Pre-decimal bronze penny,copper,0.95,tin,0.05,none,0.0,phrase:bronze
United Kingdom,Penny,GBP,1934,1934,9.45,30.81,1.62,0.0,brown,Pre-decimal bronze penny,copper,0.95,tin,0.05,none,0.0,phrase:bronze
United Kingdom,Penny,GBP,1935,1935,9.45,30.81,1.62,0.0,brown,Pre-decimal bronze penny,copper,0.95,tin,0.05,none,0.0,phrase:bronze
United Kingdom,Penny,GBP,1936,1936,9.45,30.81,1.62,0.0,brown,Pre-decimal bronze penny,copper,0.95,tin,0.05,none,0.0,phrase:bronze
United Kingdom,Penny,GBP,1937,1937,9.45,30.81,1.62,0.0,brown,Pre-decimal bronze penny,copper,0.95,tin,0.05,none,0.0,phrase:bronze
United Kingdom,Penny,GBP,1938,1938,9.45,30.81,1.62,0.0,brown,Pre-decimal bronze penny,copper,0.95,tin,0.05,none,0.0,phrase:bronze
United Kingdom,Penny,GBP,1939,1939,9.45,30.81,1.62,0.0,brown,Pre-decimal bronze penny,copper,0.95,tin,0.05,none,0.0,phrase:bronze
United Kingdom,Penny,GBP,1940,1940,9.45,30.81,1.62,0.0,brown,Pre-decimal bronze penny,copper,0.95,tin,0.05,none,0.0,phrase:bronze
United Kingdom,Penny,GBP,1941,1941,9.45,30.81,1.62,0.0,brown,Pre-decimal bronze penny,copper,0.95,tin,0.05,none,0.0,phrase:bronze
United Kingdom,Penny,GBP,1942,1942,9.45,30.81,1.62,0.0,brown,Pre-decimal bronze penny,copper,0.95,tin,0.05,none,0.0,phrase:bronze
United Kingdom,Penny,GBP,1943,1943,9.45,30.81,1.62,0.0,brown,Pre-decimal bronze penny,copper,0.95,tin,0.05,none,0.0,phrase:bronze
United Kingdom,Penny,GBP,1944,1944,9.45,30.81,1.62,0.0,brown,Pre-decimal bronze penny,copper,0.95,tin,0.05,none,0.0,phrase:bronze
United Kingdom,Penny,GBP,1945,1945,9.45,30.81,1.62,0.0,brown,Pre-decimal bronze penny,copper,0.95,tin,0.05,none,0.0,phrase:bronze
United Kingdom,Penny,GBP,1946,1946,9.45,30.81,1.62,0.0,brown,Pre-decimal bronze penny,copper,0.95,tin,0.05,none,0.0,phrase:bronze
United Kingdom,Penny,GBP,1947,1947,9.45,30.81,1.62,0.0,brown,Pre-decimal bronze penny,copper,0.95,tin,0.05,none,0.0,phrase:bronze
United Kingdom,Penny,GBP,1948,1948,9.45,30.81,1.62,0.0,brown,Pre-decimal bronze penny,copper,0.95,tin,0.05,none,0.0,phrase:bronze
United Kingdom,Penny,GBP,1949,1949,9.45,30.81,1.62,0.0,brown,Pre-decimal bronze penny,copper,0.95,tin,0.05,none,0.0,phrase:bronze
United Kingdom,Penny,GBP,1950,1950,9.45,30.81,1.62,0.0,brown,Pre-decimal bronze penny,copper,0.95,tin,0.05,none,0.0,phrase:bronze
United Kingdom,Penny,GBP,1951,1951,9.45,30.81,1.62,0.0,brown,Pre-decimal bronze penny,copper,0.95,tin,0.05,none,0.0,phrase:bronze
United Kingdom,Penny,GBP,1952,1952,9.45,30.81,1.62,0.0,brown,Pre-decimal bronze penny,copper,0.95,tin,0.05,none,0.0,phrase:bronze
United Kingdom,Penny,GBP,1953,1953,9.45,30.81,1.62,0.0,brown,Pre-decimal bronze penny,copper,0.95,tin,0.05,none,0.0,phrase:bronze
United Kingdom,Penny,GBP,1954,1954,9.45,30.81,1.62,0.0,brown,Pre-decimal bronze penny,copper,0.95,tin,0.05,none,0.0,phrase:bronze
United Kingdom,Penny,GBP,1955,1955,9.45,30.81,1.62,0.0,brown,Pre-decimal bronze penny,copper,0.95,tin,0.05,none,0.0,phrase:bronze
United Kingdom,Penny,GBP,1956,1956,9.45,30.81,1.62,0.0,brown,Pre-decimal bronze penny,copper,0.95,tin,0.05,none,0.0,phrase:bronze
United Kingdom,Penny,GBP,1957,1957,9.45,30.81,1.62,0.0,brown,Pre-decimal bronze penny,copper,0.95,tin,0.05,none,0.0,phrase:bronze
United Kingdom,Penny,GBP,1958,1958,9.45,30.81,1.62,0.0,brown,Pre-decimal bronze penny,copper,0.95,tin,0.05,none,0.0,phrase:bronze
United Kingdom,Penny,GBP,1959,1959,9.45,30.81,1.62,0.0,brown,Pre-decimal bronze penny,copper,0.95,tin,0.05,none,0.0,phrase:bronze
United Kingdom,Penny,GBP,1960,1960,9.45,30.81,1.62,0.0,brown,Pre-decimal bronze penny,copper,0.95,tin,0.05,none,0.0,phrase:bronze
United Kingdom,Penny,GBP,1961,1961,9.45,30.81,1.62,0.0,brown,Pre-decimal bronze penny,copper,0.95,tin,0.05,none,0.0,phrase:bronze
United Kingdom,Penny,GBP,1962,1962,9.45,30.81,1.62,0.0,brown,Pre-decimal bronze penny,copper,0.95,tin,0.05,none,0.0,phrase:bronze
United Kingdom,Penny,GBP,1963,1963,9.45,30.81,1.62,0.0,brown,Pre-decimal bronze penny,copper,0.95,tin,0.05,none,0.0,phrase:bronze
United Kingdom,Penny,GBP,1964,1964,9.45,30.81,1.62,0.0,brown,Pre-decimal bronze penny,copper,0.95,tin,0.05,none,0.0,phrase:bronze
United Kingdom,Penny,GBP,1965,1965,9.45,30.81,1.62,0.0,brown,Pre-decimal bronze penny,copper,0.95,tin,0.05,none,0.0,phrase:bronze
United Kingdom,Penny,GBP,1966,1966,9.45,30.81,1.62,0.0,brown,Pre-decimal bronze penny,copper,0.95,tin,0.05,none,0.0,phrase:bronze
United Kingdom,Penny,GBP,1967,1967,9.45,30.81,1.62,0.0,brown,Pre-decimal bronze penny,copper,0.95,tin,0.05,none,0.0,phrase:bronze
United Kingdom,Penny,GBP,1968,1968,9.45,30.81,1.62,0.0,brown,Pre-decimal bronze penny,copper,0.95,tin,0.05,none,0.0,phrase:bronze
United Kingdom,Penny,GBP,1969,1969,9.45,30.81,1.62,0.0,brown,Pre-decimal bronze penny,copper,0.95,tin,0.05,none,0.0,phrase:bronze
United Kingdom,Penny,GBP,1970,1970,9.45,30.81,1.62,0.0,brown,Pre-decimal bronze penny,copper,0.95,tin,0.05,none,0.0,phrase:bronze
United States,Cent,USD,1893,1897,3.129,18.8519,1.5542,0.0,brown,Wheat/MM/Lincoln types vary [aug],copper,0.948112,zinc,0.051888,none,0.0,augmented
United States,Nickel,USD,1897,1897,4.9983,21.0291,2.0014,0.0,silver,,copper,0.749323,nickel,0.250677,none,0.0,augmented
United States,Dime,USD,1905,1905,2.4521,18.0673,1.348,0.0,silver,90% silver [aug],silver,0.888379,copper,0.111621,none,0.0,augmented
United States,Quarter,USD,1900,1900,6.1965,24.1746,1.7779,0.0,silver,90% silver [aug],silver,0.881629,copper,0.118371,none,0.0,augmented
United States,Half Dollar,USD,1903,1903,12.3719,30.3609,2.1897,0.0,silver,90% silver [aug],silver,0.906692,copper,0.093308,none,0.0,augmented
United States,Dollar,USD,1899,1899,27.1273,38.3069,2.3521,0.0,silver,90% silver (Morgan/Peace) [aug],silver,0.892458,copper,0.107542,none,0.0,augmented
United States,Cent,USD,1904,1904,3.1522,19.0629,1.5332,0.0,brown,Wheat/MM/Lincoln types vary [aug],copper,0.95235,zinc,0.04765,none,0.0,augmented
United States,Nickel,USD,1900,1900,4.9361,21.1516,2.0375,0.0,silver,,copper,0.74827,nickel,0.25173,none,0.0,augmented
United States,Dime,USD,1903,1903,2.5356,18.0521,1.3359,0.0,silver,90% silver [aug],silver,0.902563,copper,0.097437,none,0.0,augmented
United States,Quarter,USD,1906,1906,6.1083,24.0369,1.7761,0.0,silver,90% silver [aug],silver,0.898141,copper,0.101859,none,0.0,augmented
United States,Half Dollar,USD,1899,1899,12.4227,30.7498,2.1073,0.0,silver,90% silver [aug],silver,0.894382,copper,0.105618,none,0.0,augmented
United States,Dollar,USD,1896,1896,26.7367,38.2832,2.4322,0.0,silver,90% silver (Morgan/Peace) [aug],silver,0.903731,copper,0.096269,none,0.0,augmented
United States,Cent,USD,1900,1900,3.005,18.7743,1.4597,0.0,brown,Wheat/MM/Lincoln types vary [aug],copper,0.953181,zinc,0.046819,none,0.0,augmented
United States,Nickel,USD,1907,1907,4.9644,21.3664,1.8954,0.0,silver,,copper,0.742886,nickel,0.257114,none,0.0,augmented
United States,Dime,USD,1898,1898,2.5119,17.8036,1.2914,0.0,silver,90% silver [aug],silver,0.897369,copper,0.102631,none,0.0,augmented
United States,Quarter,USD,1904,1906,6.4502,24.2019,1.6963,0.0,silver,90% silver [aug],silver,0.893975,copper,0.106025,none,0.0,augmented
United States,Half Dollar,USD,1900,1900,12.8658,30.2461,2.1087,0.0,silver,90% silver [aug],silver,0.892854,copper,0.107146,none,0.0,augmented
United States,Dollar,USD,1906,1908,25.9437,37.7131,2.4226,0.0,silver,90% silver (Morgan/Peace) [aug],silver,0.89921,copper,0.10079,none,0.0,augmented
United States,Cent,USD,1903,1903,2.9774,19.101,1.4829,0.0,brown,Wheat/MM/Lincoln types vary [aug],copper,0.951039,zinc,0.048961,none,0.0,augmented
United States,Nickel,USD,1901,1901,5.0157,21.1764,1.8894,0.0,silver,,copper,0.736832,nickel,0.263168,none,0.0,augmented
United States,Dime,USD,1899,1899,2.475,17.6978,1.3109,0.0,silver,90% silver [aug],silver,0.909398,copper,0.090602,none,0.0,augmented
United States,Quarter,USD,1902,1906,6.1371,24.486,1.7702,0.0,silver,90% silver [aug],silver,0.895321,copper,0.104679,none,0.0,augmented
United States,Half Dollar,USD,1899,1899,12.1936,30.2188,2.1611,0.0,silver,90% silver [aug],silver,0.897313,copper,0.102687,none,0.0,augmented
United States,Dollar,USD,1904,1908,26.8473,37.9434,2.4797,0.0,silver,90% silver (Morgan/Peace) [aug],silver,0.911321,copper,0.088679,none,0.0,augmented
United States,Cent,USD,1906,1908,3.2127,19.3784,1.5118,0.0,brown,Wheat/MM/Lincoln types vary [aug],copper,0.958109,zinc,0.041891,none,0.0,augmented
United States,Nickel,USD,1905,1905,4.9605,21.2089,1.9404,0.0,silver,,copper,0.74543,nickel,0.25457,none,0.0,augmented
United States,Dime,USD,1901,1901,2.4578,17.6917,1.3144,0.0,silver,90% silver [aug],silver,0.912906,copper,0.087094,none,0.0,augmented
United States,Quarter,USD,1904,1904,6.1895,24.1805,1.8026,0.0,silver,90% silver [aug],silver,0.906161,copper,0.093839,none,0.0,augmented
United States,Half Dollar,USD,1904,1908,12.5606,30.664,2.0801,0.0,silver,90% silver [aug],silver,0.886231,copper,0.113769,none,0.0,augmented
United States,Dollar,USD,1901,1905,26.5764,37.5424,2.3575,0.0,silver,90% silver (Morgan/Peace) [aug],silver,0.905231,copper,0.094769,none,0.0,augmented
United States,Cent,USD,1901,1901,3.0999,18.8476,1.4959,0.0,brown,Wheat/MM/Lincoln types vary [aug],copper,0.951443,zinc,0.048557,none,0.0,augmented
United States,Nickel,USD,1910,1910,4.8533,21.6616,1.8747,0.0,silver,,copper,0.765776,nickel,0.234224,none,0.0,augmented
United States,Dime,USD,1908,1908,2.5864,17.7333,1.3401,0.0,silver,90% silver [aug],silver,0.903818,copper,0.096182,none,0.0,augmented
United States,Quarter,USD,1902,1902,6.0781,24.2022,1.736,0.0,silver,90% silver [aug],silver,0.891484,copper,0.108516,none,0.0,augmented
United States,Half Dollar,USD,1905,1911,12.5879,30.6263,2.15,0.0,silver,90% silver [aug],silver,0.881435,copper,0.118565,none,0.0,augmented
United States,Dollar,USD,1898,1904,26.9363,37.8093,2.3199,0.0,silver,90% silver (Morgan/Peace) [aug],silver,0.916389,copper,0.083611,none,0.0,augmented
United States,Cent,USD,1907,1907,3.1383,18.8385,1.4985,0.0,brown,Wheat/MM/Lincoln types vary [aug],copper,0.95084,zinc,0.04916,none,0.0,augmented
United States,Nickel,USD,1909,1909,5.0153,21.5221,1.7999,0.0,silver,,copper,0.74823,nickel,0.25177,none,0.0,augmented
United States,Dime,USD,1906,1906,2.5164,18.2194,1.2879,0.0,silver,90% silver [aug],silver,0.909521,copper,0.090479,none,0.0,augmented
United States,Quarter,USD,1905,1905,6.4125,24.4014,1.8409,0.0,silver,90% silver [aug],silver,0.88507,copper,0.11493,none,0.0,augmented
United States,Half Dollar,USD,1901,1901,12.707,30.5192,2.1543,0.0,silver,90% silver [aug],silver,0.891748,copper,0.108252,none,0.0,augmented
United States,Dollar,USD,1902,1906,27.3561,38.3861,2.5311,0.0,silver,90% silver (Morgan/Peace) [aug],silver,0.910613,copper,0.089387,none,0.0,augmented
United States,Cent,USD,1912,1912,3.204,19.1715,1.4881,0.0,brown,Wheat/MM/Lincoln types vary [aug],copper,0.961712,zinc,0.038288,none,0.0,augmented
United States,Nickel,USD,1907,1907,5.0312,21.455,1.9856,0.0,silver,,copper,0.74709,nickel,0.25291,none,0.0,augmented
United States,Dime,USD,1906,1908,2.4704,18.0158,1.2859,0.0,silver,90% silver [aug],silver,0.905969,copper,0.094031,none,0.0,augmented
United States,Quarter,USD,1906,1912,6.3836,24.3165,1.7623,0.0,silver,90% silver [aug],silver,0.901229,copper,0.098771,none,0.0,augmented
United States,Half Dollar,USD,1906,1906,12.75,30.286,2.1419,0.0,silver,90% silver [aug],silver,0.906763,copper,0.093237,none,0.0,augmented
United States,Dollar,USD,1902,1902,27.1814,38.1044,2.4957,0.0,silver,90% silver (Morgan/Peace) [aug],silver,0.880177,copper,0.119823,none,0.0,augmented
United States,Cent,USD,1910,1910,2.9854,19.3556,1.4991,0.0,brown,Wheat/MM/Lincoln types vary [aug],copper,0.961415,zinc,0.038585,none,0.0,augmented
United States,Nickel,USD,1907,1907,4.9206,21.3032,1.9807,0.0,silver,,copper,0.764327,nickel,0.235673,none,0.0,augmented
United States,Dime,USD,1909,1909,2.523,18.0357,1.3556,0.0,silver,90% silver [aug],silver,0.906884,copper,0.093116,none,0.0,augmented
United States,Quarter,USD,1903,1903,6.2746,24.4591,1.7293,0.0,silver,90% silver [aug],silver,0.900795,copper,0.099205,none,0.0,augmented
United States,Half Dollar,USD,1903,1909,12.0017,30.2131,2.0544,0.0,silver,90% silver [aug],silver,0.903298,copper,0.096702,none,0.0,augmented
United States,Dollar,USD,1904,1904,27.3123,38.6058,2.395,0.0,silver,90% silver (Morgan/Peace) [aug],silver,0.900517,copper,0.099483,none,0.0,augmented
United States,Cent,USD,1905,1905,3.073,18.768,1.4795,0.0,brown,Wheat/MM/Lincoln types vary [aug],copper,0.963944,zinc,0.036056,none,0.0,augmented
United States,Nickel,USD,1911,1911,4.8959,21.3107,1.9423,0.0,silver,Synthetic augmentation (no note in source row),copper,0.756836,nickel,0.243164,none,0.0,augmented
United States,Dime,USD,1911,1915,2.4673,17.9866,1.3423,0.0,silver,90% silver [aug],silver,0.904363,copper,0.095637,none,0.0,augmented
United States,Quarter,USD,1905,1905,6.3834,24.1796,1.8085,0.0,silver,90% silver [aug],silver,0.883177,copper,0.116823,none,0.0,augmented
United States,Half Dollar,USD,1905,1905,12.5173,30.659,2.2194,0.0,silver,90% silver [aug],silver,0.900564,copper,0.099436,none,0.0,augmented
United States,Dollar,USD,1909,1911,26.2845,37.4944,2.2507,0.0,silver,90% silver (Morgan/Peace) [aug],silver,0.882558,copper,0.117442,none,0.0,augmented
United States,Cent,USD,1911,1911,3.0502,19.1162,1.5014,0.0,brown,Wheat/MM/Lincoln types vary [aug],copper,0.953523,zinc,0.046477,none,0.0,augmented
United States,Nickel,USD,1912,1912,4.8858,21.2113,2.102,0.0,silver,,copper,0.752853,nickel,0.247147,none,0.0,augmented
United States,Dime,USD,1910,1910,2.4915,17.7704,1.3674,0.0,silver,90% silver [aug],silver,0.89469,copper,0.10531,none,0.0,augmented
United States,Quarter,USD,1912,1916,6.2958,24.1906,1.7738,0.0,silver,90% silver [aug],silver,0.901215,copper,0.098785,none,0.0,augmented
United States,Half Dollar,USD,1908,1908,12.1262,31.0275,2.2077,0.0,silver,90% silver [aug],silver,0.926356,copper,0.073644,none,0.0,augmented
United States,Dollar,USD,1913,1913,28.024,38.2657,2.3597,0.0,silver,90% silver (Morgan/Peace) [aug],silver,0.898805,copper,0.101195,none,0.0,augmented
United States,Cent,USD,1912,1914,3.1592,19.1157,1.5505,0.0,brown,Wheat/MM/Lincoln types vary [aug],copper,0.959965,zinc,0.040035,none,0.0,augmented
United States,Nickel,USD,1915,1915,5.1336,21.1694,2.0321,0.0,silver,,copper,0.75261,nickel,0.24739,none,0.0,augmented
United States,Dime,USD,1916,1916,2.4819,17.7414,1.3318,0.0,silver,90% silver [aug],silver,0.905481,copper,0.094519,none,0.0,augmented
United States,Quarter,USD,1915,1915,5.9507,24.0692,1.6615,0.0,silver,90% silver [aug],silver,0.90211,copper,0.09789,none,0.0,augmented
United States,Half Dollar,USD,1915,1915,12.5508,30.3013,2.1956,0.0,silver,90% silver [aug],silver,0.895419,copper,0.104581,none,0.0,augmented
United States,Dollar,USD,1909,1909,27.818,38.0668,2.3779,0.0,silver,90% silver (Morgan/Peace) [aug],silver,0.906902,copper,0.093098,none,0.0,augmented
United States,Cent,USD,1913,1913,3.1308,19.0597,1.4851,0.0,brown,Wheat/MM/Lincoln types vary [aug],copper,0.951875,zinc,0.048125,none,0.0,augmented
United States,Nickel,USD,1913,1913,5.0548,21.2499,1.8653,0.0,silver,Synthetic augmentation (no note in source row),copper,0.746301,nickel,0.253699,none,0.0,augmented
United States,Dime,USD,1912,1912,2.5624,17.8648,1.3647,0.0,silver,90% silver [aug],silver,0.909485,copper,0.090515,none,0.0,augmented
United States,Quarter,USD,1914,1914,6.4997,23.9746,1.706,0.0,silver,90% silver [aug],silver,0.912564,copper,0.087436,none,0.0,augmented
United States,Half Dollar,USD,1912,1912,12.9553,30.1044,2.0674,0.0,silver,90% silver [aug],silver,0.898652,copper,0.101348,none,0.0,augmented
United States,Dollar,USD,1915,1915,27.0055,37.88,2.4918,0.0,silver,90% silver (Morgan/Peace) [aug],silver,0.894488,copper,0.105512,none,0.0,augmented
United States,Cent,USD,1912,1912,3.1379,18.7289,1.5445,0.0,brown,Wheat/MM/Lincoln types vary [aug],copper,0.944999,zinc,0.055001,none,0.0,augmented
United States,Nickel,USD,1909,1909,4.8717,21.3614,1.9641,0.0,silver,Synthetic augmentation (no note in source row),copper,0.748652,nickel,0.251348,none,0.0,augmented
United States,Dime,USD,1914,1914,2.5236,17.8145,1.3333,0.0,silver,90% silver [aug],silver,0.921414,copper,0.078586,none,0.0,augmented
United States,Quarter,USD,1911,1913,6.5687,24.1617,1.6483,0.0,silver,90% silver [aug],silver,0.90996,copper,0.09004,none,0.0,augmented
United States,Half Dollar,USD,1910,1916,12.6311,30.1526,2.1951,0.0,silver,90% silver [aug],silver,0.900945,copper,0.099055,none,0.0,augmented
United States,Dollar,USD,1909,1911,25.8048,38.1626,2.3719,0.0,silver,90% silver (Morgan/Peace) [aug],silver,0.911536,copper,0.088464,none,0.0,augmented
United States,Cent,USD,1918,1918,3.1299,18.8844,1.5281,0.0,brown,Wheat/MM/Lincoln types vary [aug],copper,0.949309,zinc,0.050691,none,0.0,augmented
United States,Nickel,USD,1912,1912,4.9658,21.1927,1.8502,0.0,silver,,copper,0.755128,nickel,0.244872,none,0.0,augmented
United States,Dime,USD,1911,1913,2.5136,17.7821,1.2967,0.0,silver,90% silver [aug],silver,0.898639,copper,0.101361,none,0.0,augmented
United States,Quarter,USD,1919,1919,6.2291,24.4581,1.7828,0.0,silver,90% silver [aug],silver,0.903912,copper,0.096088,none,0.0,augmented
United States,Half Dollar,USD,1919,1919,12.8746,30.4695,2.1226,0.0,silver,90% silver [aug],silver,0.891248,copper,0.108752,none,0.0,augmented
United States,Dollar,USD,1915,1915,26.288,37.8019,2.2329,0.0,silver,90% silver (Morgan/Peace) [aug],silver,0.889875,copper,0.110125,none,0.0,augmented
United States,Cent,USD,1910,1910,3.0459,19.0392,1.5678,0.0,brown,Wheat/MM/Lincoln types vary [aug],copper,0.944218,zinc,0.055782,none,0.0,augmented
United States,Nickel,USD,1911,1917,5.0647,21.2071,1.991,0.0,silver,,copper,0.758717,nickel,0.241283,none,0.0,augmented
United States,Dime,USD,1911,1913,2.4825,17.7269,1.3461,0.0,silver,90% silver [aug],silver,0.906978,copper,0.093022,none,0.0,augmented
United States,Quarter,USD,1915,1915,6.2853,24.4462,1.6901,0.0,silver,90% silver [aug],silver,0.895149,copper,0.104851,none,0.0,augmented
United States,Half Dollar,USD,1915,1915,12.5695,30.6584,2.2002,0.0,silver,90% silver [aug],silver,0.888595,copper,0.111405,none,0.0,augmented
United States,Dollar,USD,1911,1911,26.1844,37.3914,2.4071,0.0,silver,90% silver (Morgan/Peace) [aug],silver,0.897215,copper,0.102785,none,0.0,augmented
United States,Cent,USD,1917,1917,3.0544,19.0522,1.5064,0.0,brown,Wheat/MM/Lincoln types vary [aug],copper,0.940381,zinc,0.059619,none,0.0,augmented
United States,Nickel,USD,1913,1917,5.0855,21.3457,1.9759,0.0,silver,,copper,0.747113,nickel,0.252887,none,0.0,augmented
United States,Dime,USD,1915,1915,2.5042,17.8104,1.2982,0.0,silver,90% silver [aug],silver,0.889811,copper,0.110189,none,0.0,augmented
United States,Quarter,USD,1916,1920,6.4188,24.2629,1.7606,0.0,silver,90% silver [aug],silver,0.911932,copper,0.088068,none,0.0,augmented
United States,Half Dollar,USD,1915,1915,12.4801,31.1602,2.2077,0.0,silver,90% silver [aug],silver,0.901873,copper,0.098127,none,0.0,augmented
United States,Dollar,USD,1911,1913,26.6492,37.8157,2.31,0.0,silver,90% silver (Morgan/Peace) [aug],silver,0.899304,copper,0.100696,none,0.0,augmented
United States,Cent,USD,1919,1919,3.1759,19.2454,1.5218,0.0,brown,Wheat/MM/Lincoln types vary [aug],copper,0.946156,zinc,0.053844,none,0.0,augmented
United States,Nickel,USD,1919,1919,5.1287,21.4433,1.9423,0.0,silver,,copper,0.752058,nickel,0.247942,none,0.0,augmented
United States,Dime,USD,1922,1922,2.4748,17.7975,1.3626,0.0,silver,90% silver [aug],silver,0.897797,copper,0.102203,none,0.0,augmented
United States,Quarter,USD,1915,1915,6.1898,24.6088,1.689,0.0,silver,90% silver [aug],silver,0.899751,copper,0.100249,none,0.0,augmented
United States,Half Dollar,USD,1917,1917,12.8035,29.7918,2.1755,0.0,silver,90% silver [aug],silver,0.902326,copper,0.097674,none,0.0,augmented
United States,Dollar,USD,1914,1918,26.2519,37.9757,2.5028,0.0,silver,90% silver (Morgan/Peace) [aug],silver,0.901555,copper,0.098445,none,0.0,augmented
United States,Cent,USD,1916,1916,3.1042,19.075,1.5367,0.0,brown,Wheat/MM/Lincoln types vary [aug],copper,0.940466,zinc,0.059534,none,0.0,augmented
United States,Nickel,USD,1919,1919,4.951,21.4027,1.9518,0.0,silver,,copper,0.747519,nickel,0.252481,none,0.0,augmented
United States,Dime,USD,1918,1918,2.5333,17.7341,1.2916,0.0,silver,90% silver [aug],silver,0.891838,copper,0.108162,none,0.0,augmented
United States,Quarter,USD,1921,1921,6.1991,24.1181,1.7476,0.0,silver,90% silver [aug],silver,0.900156,copper,0.099844,none,0.0,augmented
United States,Half Dollar,USD,1918,1918,12.0104,30.6062,2.1357,0.0,silver,90% silver [aug],silver,0.897946,copper,0.102054,none,0.0,augmented
United States,Dollar,USD,1917,1917,26.136,37.6535,2.3213,0.0,silver,90% silver (Morgan/Peace) [aug],silver,0.922751,copper,0.077249,none,0.0,augmented
United States,Cent,USD,1914,1916,3.0582,18.9438,1.5014,0.0,brown,Wheat/MM/Lincoln types vary [aug],copper,0.956921,zinc,0.043079,none,0.0,augmented
United States,Nickel,USD,1915,1915,5.0479,20.8843,1.9728,0.0,silver,,copper,0.737894,nickel,0.262106,none,0.0,augmented
United States,Dime,USD,1912,1918,2.4887,17.6813,1.3528,0.0,silver,90% silver [aug],silver,0.89544,copper,0.10456,none,0.0,augmented
United States,Quarter,USD,1917,1921,6.3734,24.5408,1.8254,0.0,silver,90% silver [aug],silver,0.901002,copper,0.098998,none,0.0,augmented
United States,Half Dollar,USD,1917,1917,12.5298,30.4351,2.1393,0.0,silver,90% silver [aug],silver,0.9025,copper,0.0975,none,0.0,augmented
United States,Dollar,USD,1919,1919,26.7332,38.2708,2.4839,0.0,silver,90% silver (Morgan/Peace) [aug],silver,0.895048,copper,0.104952,none,0.0,augmented
United States,Cent,USD,1916,1916,3.1045,19.2291,1.5595,0.0,brown,Wheat/MM/Lincoln types vary [aug],copper,0.939028,zinc,0.060972,none,0.0,augmented
United States,Nickel,USD,1925,1925,4.9644,21.2812,1.7786,0.0,silver,Synthetic augmentation (no note in source row),copper,0.754021,nickel,0.245979,none,0.0,augmented
United States,Dime,USD,1915,1915,2.4419,17.7825,1.4055,0.0,silver,90% silver [aug],silver,0.896341,copper,0.103659,none,0.0,augmented
United States,Quarter,USD,1921,1925,6.2664,24.0168,1.7442,0.0,silver,90% silver [aug],silver,0.906489,copper,0.093511,none,0.0,augmented
United States,Half Dollar,USD,1925,1925,12.5087,30.5234,2.1432,0.0,silver,90% silver [aug],silver,0.909651,copper,0.090349,none,0.0,augmented
United States,Dollar,USD,1915,1915,27.3206,37.9429,2.298,0.0,silver,90% silver (Morgan/Peace) [aug],silver,0.896357,copper,0.103643,none,0.0,augmented
United States,Cent,USD,1921,1921,3.1333,19.1704,1.456,0.0,brown,Wheat/MM/Lincoln types vary [aug],copper,0.95447,zinc,0.04553,none,0.0,augmented
United States,Nickel,USD,1920,1920,5.1479,21.5906,2.0269,0.0,silver,,copper,0.750999,nickel,0.249001,none,0.0,augmented
United States,Dime,USD,1920,1920,2.497,17.7794,1.3332,0.0,silver,90% silver [aug],silver,0.896952,copper,0.103048,none,0.0,augmented
United States,Quarter,USD,1924,1926,6.2031,24.4435,1.7699,0.0,silver,90% silver [aug],silver,0.914712,copper,0.085288,none,0.0,augmented
United States,Half Dollar,USD,1924,1924,12.2447,30.626,2.1323,0.0,silver,90% silver [aug],silver,0.897512,copper,0.102488,none,0.0,augmented
United States,Dollar,USD,1920,1924,27.0594,37.2969,2.3738,0.0,silver,90% silver (Morgan/Peace) [aug],silver,0.890683,copper,0.109317,none,0.0,augmented
United States,Cent,USD,1922,1922,3.1226,18.9547,1.5421,0.0,brown,Wheat/MM/Lincoln types vary [aug],copper,0.955767,zinc,0.044233,none,0.0,augmented
United States,Nickel,USD,1921,1921,5.0677,21.0075,2.007,0.0,silver,Synthetic augmentation (no note in source row),copper,0.756012,nickel,0.243988,none,0.0,augmented
United States,Dime,USD,1917,1917,2.5271,17.7388,1.3677,0.0,silver,90% silver [aug],silver,0.878649,copper,0.121351,none,0.0,augmented
United States,Quarter,USD,1924,1926,6.434,24.2964,1.7716,0.0,silver,90% silver [aug],silver,0.88693,copper,0.11307,none,0.0,augmented
United States,Half Dollar,USD,1923,1923,12.7831,30.4128,2.1461,0.0,silver,90% silver [aug],silver,0.887683,copper,0.112317,none,0.0,augmented
United States,Dollar,USD,1918,1924,26.6247,37.6753,2.3835,0.0,silver,90% silver (Morgan/Peace) [aug],silver,0.888533,copper,0.111467,none,0.0,augmented
United States,Cent,USD,1928,1928,3.0735,19.3234,1.5311,0.0,brown,Wheat/MM/Lincoln types vary [aug],copper,0.948984,zinc,0.051016,none,0.0,augmented
United States,Nickel,USD,1919,1919,4.8602,20.8826,1.9882,0.0,silver,Synthetic augmentation (no note in source row),copper,0.748437,nickel,0.251563,none,0.0,augmented
United States,Dime,USD,1925,1925,2.4672,18.1296,1.414,0.0,silver,90% silver [aug],silver,0.891278,copper,0.108722,none,0.0,augmented
United States,Quarter,USD,1926,1926,6.3248,24.3861,1.6924,0.0,silver,90% silver [aug],silver,0.905923,copper,0.094077,none,0.0,augmented
United States,Half Dollar,USD,1919,1919,12.7101,31.0653,2.1325,0.0,silver,90% silver [aug],silver,0.899392,copper,0.100608,none,0.0,augmented
United States,Dollar,USD,1923,1923,26.5369,38.2341,2.3288,0.0,silver,90% silver (Morgan/Peace) [aug],silver,0.901386,copper,0.098614,none,0.0,augmented
United States,Cent,USD,1919,1919,3.0932,19.3874,1.5155,0.0,brown,Wheat/MM/Lincoln types vary [aug],copper,0.952076,zinc,0.047924,none,0.0,augmented
United States,Nickel,USD,1927,1929,5.1382,21.175,2.0254,0.0,silver,,copper,0.749749,nickel,0.250251,none,0.0,augmented
United States,Dime,USD,1924,1930,2.3999,17.8127,1.3506,0.0,silver,90% silver [aug],silver,0.890505,copper,0.109495,none,0.0,augmented
United States,Quarter,USD,1919,1919,6.273,24.4935,1.7643,0.0,silver,90% silver [aug],silver,0.899705,copper,0.100295,none,0.0,augmented
United States,Half Dollar,USD,1925,1925,12.8682,29.8598,2.0586,0.0,silver,90% silver [aug],silver,0.91355,copper,0.08645,none,0.0,augmented
United States,Dollar,USD,1919,1923,26.2698,39.0363,2.5297,0.0,silver,90% silver (Morgan/Peace) [aug],silver,0.916529,copper,0.083471,none,0.0,augmented
United States,Cent,USD,1920,1920,3.0479,19.0338,1.447,0.0,brown,Wheat/MM/Lincoln types vary [aug],copper,0.946613,zinc,0.053387,none,0.0,augmented
United States,Nickel,USD,1929,1929,4.868,21.3913,1.9032,0.0,silver,,copper,0.748912,nickel,0.251088,none,0.0,augmented
United States,Dime,USD,1926,1932,2.493,18.1843,1.3908,0.0,silver,90% silver [aug],silver,0.884878,copper,0.115122,none,0.0,augmented
United States,Quarter,USD,1924,1924,6.1342,24.6202,1.6944,0.0,silver,90% silver [aug],silver,0.901338,copper,0.098662,none,0.0,augmented
United States,Half Dollar,USD,1922,1922,12.3314,30.392,2.0933,0.0,silver,90% silver [aug],silver,0.892407,copper,0.107593,none,0.0,augmented
United States,Dollar,USD,1928,1928,26.6306,37.8281,2.2091,0.0,silver,90% silver (Morgan/Peace) [aug],silver,0.908812,copper,0.091188,none,0.0,augmented
United States,Cent,USD,1919,1925,3.1072,19.2959,1.5387,0.0,brown,Wheat/MM/Lincoln types vary [aug],copper,0.943422,zinc,0.056578,none,0.0,augmented
United States,Nickel,USD,1929,1929,5.056,21.3301,1.9179,0.0,silver,,copper,0.747773,nickel,0.252227,none,0.0,augmented
United States,Dime,USD,1931,1931,2.5285,18.0207,1.4129,0.0,silver,90% silver [aug],silver,0.883956,copper,0.116044,none,0.0,augmented
United States,Quarter,USD,1929,1929,6.3806,24.2765,1.7284,0.0,silver,90% silver [aug],silver,0.889674,copper,0.110326,none,0.0,augmented
United States,Half Dollar,USD,1931,1931,12.3008,30.7024,2.1032,0.0,silver,90% silver [aug],silver,0.901113,copper,0.098887,none,0.0,augmented
United States,Dollar,USD,1930,1930,26.4722,38.4807,2.407,0.0,silver,90% silver (Morgan/Peace) [aug],silver,0.900992,copper,0.099008,none,0.0,augmented
United States,Cent,USD,1922,1926,3.1512,19.1739,1.5471,0.0,brown,Wheat/MM/Lincoln types vary [aug],copper,0.946268,zinc,0.053732,none,0.0,augmented
United States,Nickel,USD,1932,1932,5.0023,21.0828,2.0448,0.0,silver,,copper,0.740595,nickel,0.259405,none,0.0,augmented
United States,Dime,USD,1932,1932,2.5398,17.9208,1.3601,0.0,silver,90% silver [aug],silver,0.894735,copper,0.105265,none,0.0,augmented
United States,Quarter,USD,1925,1925,6.1951,24.1643,1.6382,0.0,silver,90% silver [aug],silver,0.915137,copper,0.084863,none,0.0,augmented
United States,Half Dollar,USD,1927,1929,12.2106,30.3145,2.1534,0.0,silver,90% silver [aug],silver,0.893913,copper,0.106087,none,0.0,augmented
United States,Dollar,USD,1932,1932,25.4038,37.7204,2.4888,0.0,silver,90% silver (Morgan/Peace) [aug],silver,0.891547,copper,0.108453,none,0.0,augmented
United States,Cent,USD,1924,1930,3.1351,19.1577,1.6037,0.0,brown,Wheat/MM/Lincoln types vary [aug],copper,0.937913,zinc,0.062087,none,0.0,augmented
United States,Nickel,USD,1926,1930,4.9439,21.2053,1.8586,0.0,silver,,copper,0.762815,nickel,0.237185,none,0.0,augmented
United States,Dime,USD,1928,1928,2.4061,17.7175,1.3855,0.0,silver,90% silver [aug],silver,0.884039,copper,0.115961,none,0.0,augmented
United States,Quarter,USD,1926,1926,6.3322,24.9176,1.7388,0.0,silver,90% silver [aug],silver,0.905184,copper,0.094816,none,0.0,augmented
United States,Half Dollar,USD,1927,1927,13.0775,30.71,2.1028,0.0,silver,90% silver [aug],silver,0.902175,copper,0.097825,none,0.0,augmented
United States,Dollar,USD,1933,1933,26.0394,38.2344,2.5377,0.0,silver,90% silver (Morgan/Peace) [aug],silver,0.903215,copper,0.096785,none,0.0,augmented
United States,Cent,USD,1925,1925,3.0865,19.2246,1.441,0.0,brown,Wheat/MM/Lincoln types vary [aug],copper,0.946229,zinc,0.053771,none,0.0,augmented
United States,Nickel,USD,1929,1929,5.1329,21.4742,2.0061,0.0,silver,Synthetic augmentation (no note in source row),copper,0.76321,nickel,0.23679,none,0.0,augmented
United States,Dime,USD,1933,1933,2.5278,17.9417,1.3618,0.0,silver,90% silver [aug],silver,0.92748,copper,0.07252,none,0.0,augmented
United States,Quarter,USD,1925,1925,6.2294,23.8349,1.7549,0.0,silver,90% silver [aug],silver,0.908629,copper,0.091371,none,0.0,augmented
United States,Half Dollar,USD,1933,1933,12.8693,30.4439,2.1798,0.0,silver,90% silver [aug],silver,0.902236,copper,0.097764,none,0.0,augmented
United States,Dollar,USD,1923,1929,25.9763,38.5505,2.3767,0.0,silver,90% silver (Morgan/Peace) [aug],silver,0.893175,copper,0.106825,none,0.0,augmented
United States,Cent,USD,1925,1925,3.1505,19.0483,1.5434,0.0,brown,Wheat/MM/Lincoln types vary [aug],copper,0.965905,zinc,0.034095,none,0.0,augmented
United States,Nickel,USD,1929,1929,5.1368,21.0293,2.0804,0.0,silver,,copper,0.751702,nickel,0.248298,none,0.0,augmented
United States,Dime,USD,1929,1929,2.5701,17.9425,1.3131,0.0,silver,90% silver [aug],silver,0.895106,copper,0.104894,none,0.0,augmented
United States,Quarter,USD,1931,1931,6.2161,24.0346,1.7044,0.0,silver,90% silver [aug],silver,0.903897,copper,0.096103,none,0.0,augmented
United States,Half Dollar,USD,1928,1932,12.1882,30.9531,2.1071,0.0,silver,90% silver [aug],silver,0.9027,copper,0.0973,none,0.0,augmented
United States,Dollar,USD,1931,1931,27.9734,38.6778,2.3779,0.0,silver,90% silver (Morgan/Peace) [aug],silver,0.895094,copper,0.104906,none,0.0,augmented
United States,Cent,USD,1928,1928,3.0854,19.3295,1.5148,0.0,brown,Wheat/MM/Lincoln types vary [aug],copper,0.947551,zinc,0.052449,none,0.0,augmented
United States,Nickel,USD,1935,1935,4.9275,21.0289,1.9769,0.0,silver,,copper,0.759872,nickel,0.240128,none,0.0,augmented
United States,Dime,USD,1930,1930,2.4116,17.9296,1.3956,0.0,silver,90% silver [aug],silver,0.901279,copper,0.098721,none,0.0,augmented
United States,Quarter,USD,1931,1933,6.0679,24.1652,1.8396,0.0,silver,90% silver [aug],silver,0.897158,copper,0.102842,none,0.0,augmented
United States,Half Dollar,USD,1930,1932,12.2976,30.8788,2.0614,0.0,silver,90% silver [aug],silver,0.899585,copper,0.100415,none,0.0,augmented
United States,Dollar,USD,1929,1929,26.1571,37.9653,2.3205,0.0,silver,90% silver (Morgan/Peace) [aug],silver,0.892409,copper,0.107591,none,0.0,augmented
United States,Cent,USD,1928,1928,3.0748,18.931,1.5804,0.0,brown,Wheat/MM/Lincoln types vary [aug],copper,0.970599,zinc,0.029401,none,0.0,augmented
United States,Nickel,USD,1928,1928,5.1998,21.2381,1.954,0.0,silver,Synthetic augmentation (no note in source row),copper,0.767412,nickel,0.232588,none,0.0,augmented
United States,Dime,USD,1927,1927,2.4643,18.145,1.3372,0.0,silver,90% silver [aug],silver,0.899338,copper,0.100662,none,0.0,augmented
United States,Quarter,USD,1934,1938,6.1969,24.5217,1.8129,0.0,silver,90% silver [aug],silver,0.89567,copper,0.10433,none,0.0,augmented
United States,Half Dollar,USD,1932,1932,12.7454,30.2534,2.2796,0.0,silver,90% silver [aug],silver,0.906865,copper,0.093135,none,0.0,augmented
United States,Dollar,USD,1932,1938,26.5905,38.42,2.4171,0.0,silver,90% silver (Morgan/Peace) [aug],silver,0.916115,copper,0.083885,none,0.0,augmented
United States,Cent,USD,1932,1936,3.1443,19.1253,1.4485,0.0,brown,Wheat/MM/Lincoln types vary [aug],copper,0.963117,zinc,0.036883,none,0.0,augmented
United States,Nickel,USD,1935,1941,4.9271,21.3736,1.9973,0.0,silver,,copper,0.756518,nickel,0.243482,none,0.0,augmented
United States,Dime,USD,1938,1938,2.4683,17.7016,1.3566,0.0,silver,90% silver [aug],silver,0.898158,copper,0.101842,none,0.0,augmented
United States,Quarter,USD,1937,1937,6.2927,24.2569,1.6737,0.0,silver,90% silver [aug],silver,0.921208,copper,0.078792,none,0.0,augmented
United States,Half Dollar,USD,1936,1936,12.7974,30.5632,2.1855,0.0,silver,90% silver [aug],silver,0.920282,copper,0.079718,none,0.0,augmented
United States,Dollar,USD,1928,1928,26.2034,37.9264,2.3002,0.0,silver,90% silver (Morgan/Peace) [aug],silver,0.906451,copper,0.093549,none,0.0,augmented
United States,Cent,USD,1929,1929,3.1381,19.1111,1.5309,0.0,brown,Wheat/MM/Lincoln types vary [aug],copper,0.939327,zinc,0.060673,none,0.0,augmented
United States,Nickel,USD,1931,1931,4.8578,21.1437,2.0295,0.0,silver,,copper,0.752348,nickel,0.247652,none,0.0,augmented
United States,Dime,USD,1937,1937,2.4979,17.9241,1.3225,0.0,silver,90% silver [aug],silver,0.918695,copper,0.081305,none,0.0,augmented
United States,Quarter,USD,1930,1936,6.155,24.4001,1.7524,0.0,silver,90% silver [aug],silver,0.890135,copper,0.109865,none,0.0,augmented
United States,Half Dollar,USD,1934,1934,12.8976,30.7248,2.2195,0.0,silver,90% silver [aug],silver,0.900299,copper,0.099701,none,0.0,augmented
United States,Dollar,USD,1932,1932,27.3098,37.4275,2.4701,0.0,silver,90% silver (Morgan/Peace) [aug],silver,0.913258,copper,0.086742,none,0.0,augmented
United States,Cent,USD,1933,1933,2.9598,19.1735,1.452,0.0,brown,Wheat/MM/Lincoln types vary [aug],copper,0.95226,zinc,0.04774,none,0.0,augmented
United States,Nickel,USD,1935,1935,4.9493,21.48,1.9814,0.0,silver,Synthetic augmentation (no note in source row),copper,0.761368,nickel,0.238632,none,0.0,augmented
United States,Dime,USD,1934,1934,2.5376,17.933,1.4467,0.0,silver,90% silver [aug],silver,0.891335,copper,0.108665,none,0.0,augmented
United States,Quarter,USD,1933,1933,6.278,24.2605,1.7648,0.0,silver,90% silver [aug],silver,0.914538,copper,0.085462,none,0.0,augmented
United States,Half Dollar,USD,1932,1932,12.6125,30.5404,2.0458,0.0,silver,90% silver [aug],silver,0.901818,copper,0.098182,none,0.0,augmented
United States,Dollar,USD,1935,1937,26.1818,37.8951,2.4884,0.0,silver,90% silver (Morgan/Peace) [aug],silver,0.897222,copper,0.102778,none,0.0,augmented
United States,Cent,USD,1934,1934,3.1643,18.9481,1.4483,0.0,brown,Wheat/MM/Lincoln types vary [aug],copper,0.96181,zinc,0.03819,none,0.0,augmented
United States,Nickel,USD,1935,1935,4.9534,21.7137,1.8483,0.0,silver,,copper,0.747698,nickel,0.252302,none,0.0,augmented
United States,Dime,USD,1931,1931,2.5951,17.8288,1.3605,0.0,silver,90% silver [aug],silver,0.920486,copper,0.079514,none,0.0,augmented
United States,Quarter,USD,1940,1940,6.2359,24.0143,1.7566,0.0,silver,90% silver [aug],silver,0.89402,copper,0.10598,none,0.0,augmented
United States,Half Dollar,USD,1928,1934,12.7618,30.1822,2.1073,0.0,silver,90% silver [aug],silver,0.908635,copper,0.091365,none,0.0,augmented
United States,Dollar,USD,1934,1934,8.1119,26.5099,1.9945,0.0,gold,Native American $1 [aug],copper,0.699275,zinc,0.300725,none,0.0,augmented
United States,Cent,USD,1938,1940,3.0249,19.0139,1.4826,0.0,brown,Wheat/MM/Lincoln types vary [aug],copper,0.946005,zinc,0.053995,none,0.0,augmented
United States,Nickel,USD,1933,1933,5.0671,21.0457,1.9162,0.0,silver,Synthetic augmentation (no note in source row),copper,0.742106,nickel,0.257894,none,0.0,augmented
United States,Dime,USD,1935,1935,2.4672,17.8087,1.3945,0.0,silver,90% silver [aug],silver,0.911403,copper,0.088597,none,0.0,augmented
United States,Quarter,USD,1935,1941,6.103,24.0714,1.7169,0.0,silver,90% silver [aug],silver,0.910955,copper,0.089045,none,0.0,augmented
United States,Half Dollar,USD,1936,1936,12.2706,31.47,2.1209,0.0,silver,90% silver [aug],silver,0.883418,copper,0.116582,none,0.0,augmented
United States,Dollar,USD,1939,1939,8.1481,26.1431,2.0126,0.0,gold,Native American $1 [aug],copper,0.701744,zinc,0.298256,none,0.0,augmented
United States,Cent,USD,1939,1939,3.0488,19.181,1.5753,0.0,brown,Wheat/MM/Lincoln types vary [aug],copper,0.946291,zinc,0.053709,none,0.0,augmented
United States,Nickel,USD,1937,1937,4.8342,21.2083,1.966,0.0,silver,Synthetic augmentation (no note in source row),copper,0.751651,nickel,0.248349,none,0.0,augmented
United States,Dime,USD,1941,1941,2.4778,17.9029,1.3679,0.0,silver,90% silver [aug],silver,0.898755,copper,0.101245,none,0.0,augmented
United States,Quarter,USD,1938,1938,6.3096,24.2599,1.7521,0.0,silver,90% silver [aug],silver,0.895485,copper,0.104515,none,0.0,augmented
United States,Half Dollar,USD,1942,1942,12.5425,30.4685,2.1929,0.0,silver,90% silver [aug],silver,0.902825,copper,0.097175,none,0.0,augmented
United States,Dollar,USD,1940,1940,8.2246,26.8238,2.0387,0.0,gold,Native American $1 [aug],copper,0.691867,zinc,0.308133,none,0.0,augmented
United States,Cent,USD,1943,1943,3.0959,19.1924,1.5226,0.0,brown,Wheat/MM/Lincoln types vary [aug],copper,0.944762,zinc,0.055238,none,0.0,augmented
United States,Nickel,USD,1942,1942,5.022,21.1551,2.0365,0.0,silver,,copper,0.743493,nickel,0.256507,none,0.0,augmented
United States,Dime,USD,1934,1940,2.3981,17.9159,1.3047,0.0,silver,90% silver [aug],silver,0.897266,copper,0.102734,none,0.0,augmented
United States,Quarter,USD,1937,1937,6.334,24.3753,1.7137,0.0,silver,90% silver [aug],silver,0.913097,copper,0.086903,none,0.0,augmented
United States,Half Dollar,USD,1943,1943,12.2288,31.0424,2.2161,0.0,silver,90% silver [aug],silver,0.90204,copper,0.09796,none,0.0,augmented
United States,Dollar,USD,1942,1942,8.0399,26.5624,2.0523,0.0,gold,Native American $1 [aug],copper,0.703958,zinc,0.296042,none,0.0,augmented
United States,Cent,USD,1940,1944,3.1554,19.3946,1.585,0.0,brown,Wheat/MM/Lincoln types vary [aug],copper,0.955002,zinc,0.044998,none,0.0,augmented
United States,Nickel,USD,1935,1935,4.7992,21.2666,1.8878,0.0,silver,,copper,0.741944,nickel,0.258056,none,0.0,augmented
United States,Dime,USD,1944,1944,2.4432,17.5239,1.3392,0.0,silver,90% silver [aug],silver,0.904503,copper,0.095497,none,0.0,augmented
United States,Quarter,USD,1936,1938,6.1807,24.5199,1.7817,0.0,silver,90% silver [aug],silver,0.898531,copper,0.101469,none,0.0,augmented
United States,Half Dollar,USD,1945,1945,12.3825,30.7433,2.0997,0.0,silver,90% silver [aug],silver,0.927456,copper,0.072544,none,0.0,augmented
United States,Dollar,USD,1940,1940,7.6063,26.3367,2.0615,0.0,gold,Native American $1 [aug],copper,0.689523,zinc,0.310477,none,0.0,augmented
United States,Cent,USD,1937,1937,3.1802,19.0395,1.4656,0.0,brown,Wheat/MM/Lincoln types vary [aug],copper,0.941249,zinc,0.058751,none,0.0,augmented
United States,Nickel,USD,1939,1943,4.8281,21.1244,1.8995,0.0,silver,,copper,0.754194,nickel,0.245806,none,0.0,augmented
United States,Dime,USD,1937,1937,2.4599,17.6817,1.3538,0.0,silver,90% silver [aug],silver,0.9162,copper,0.0838,none,0.0,augmented
United States,Quarter,USD,1943,1943,6.1364,24.0486,1.8551,0.0,silver,90% silver [aug],silver,0.916485,copper,0.083515,none,0.0,augmented
United States,Half Dollar,USD,1944,1944,12.5538,30.2964,2.2086,0.0,silver,90% silver [aug],silver,0.897926,copper,0.102074,none,0.0,augmented
United States,Dollar,USD,1944,1948,8.0561,26.4374,1.9559,0.0,gold,Native American $1 [aug],copper,0.702762,zinc,0.297238,none,0.0,augmented
United States,Cent,USD,1940,1940,3.0953,18.9916,1.5248,0.0,brown,Wheat/MM/Lincoln types vary [aug],copper,0.94197,zinc,0.05803,none,0.0,augmented
United States,Nickel,USD,1940,1940,5.0217,21.5441,1.9786,0.0,silver,,copper,0.751972,nickel,0.248028,none,0.0,augmented
United States,Dime,USD,1941,1941,2.5099,17.7726,1.3173,0.0,silver,90% silver [aug],silver,0.898472,copper,0.101528,none,0.0,augmented
United States,Quarter,USD,1945,1945,6.261,24.3551,1.766,0.0,silver,90% silver [aug],silver,0.87988,copper,0.12012,none,0.0,augmented
United States,Half Dollar,USD,1945,1945,12.3335,30.7429,2.1662,0.0,silver,90% silver [aug],silver,0.910025,copper,0.089975,none,0.0,augmented
United States,Dollar,USD,1940,1940,8.2014,26.1649,2.1066,0.0,gold,Native American $1 [aug],copper,0.689012,zinc,0.310988,none,0.0,augmented
United States,Cent,USD,1938,1938,3.1083,18.9242,1.5465,0.0,brown,Wheat/MM/Lincoln types vary [aug],copper,0.94836,zinc,0.05164,none,0.0,augmented
United States,Nickel,USD,1948,1948,4.8667,20.8978,1.9831,0.0,silver,,copper,0.75411,nickel,0.24589,none,0.0,augmented
United States,Dime,USD,1944,1944,2.533,17.8389,1.3546,0.0,silver,90% silver [aug],silver,0.90994,copper,0.09006,none,0.0,augmented
United States,Quarter,USD,1940,1940,6.3653,24.4201,1.8506,0.0,silver,90% silver [aug],silver,0.907754,copper,0.092246,none,0.0,augmented
United States,Half Dollar,USD,1946,1946,12.6245,30.6413,2.0776,0.0,silver,90% silver [aug],silver,0.87639,copper,0.12361,none,0.0,augmented
United States,Dollar,USD,1938,1938,8.1945,26.3694,1.8914,0.0,gold,Native American $1 [aug],copper,0.707029,zinc,0.292971,none,0.0,augmented
United States,Cent,USD,1947,1947,3.127,19.1223,1.5059,0.0,brown,Wheat/MM/Lincoln types vary [aug],copper,0.944967,zinc,0.055033,none,0.0,augmented
United States,Nickel,USD,1937,1943,4.9658,20.9116,1.8343,0.0,silver,,copper,0.758367,nickel,0.241633,none,0.0,augmented
United States,Dime,USD,1939,1939,2.3922,17.7461,1.3665,0.0,silver,90% silver [aug],silver,0.891062,copper,0.108938,none,0.0,augmented
United States,Quarter,USD,1941,1941,6.2381,24.1465,1.717,0.0,silver,90% silver [aug],silver,0.894575,copper,0.105425,none,0.0,augmented
United States,Half Dollar,USD,1947,1947,12.7047,30.639,2.2006,0.0,silver,90% silver [aug],silver,0.884259,copper,0.115741,none,0.0,augmented
United States,Dollar,USD,1942,1942,7.8223,26.3108,2.0463,0.0,gold,Native American $1 [aug],copper,0.688758,zinc,0.311242,none,0.0,augmented
United States,Cent,USD,1949,1949,3.0604,19.0903,1.5378,0.0,brown,Wheat/MM/Lincoln types vary [aug],copper,0.945481,zinc,0.054519,none,0.0,augmented
United States,Nickel,USD,1940,1940,5.0063,21.2328,1.9626,0.0,silver,,copper,0.75105,nickel,0.24895,none,0.0,augmented
United States,Dime,USD,1946,1946,2.4986,17.9446,1.4394,0.0,silver,90% silver [aug],silver,0.900184,copper,0.099816,none,0.0,augmented
United States,Quarter,USD,1943,1949,6.2027,24.3386,1.7081,0.0,silver,90% silver [aug],silver,0.897998,copper,0.102002,none,0.0,augmented
United States,Half Dollar,USD,1945,1945,12.4763,30.5083,2.3244,0.0,silver,90% silver [aug],silver,0.905608,copper,0.094392,none,0.0,augmented
United States,Dollar,USD,1943,1943,8.2517,26.4034,2.0076,0.0,gold,Native American $1 [aug],copper,0.705087,zinc,0.294913,none,0.0,augmented
United States,Cent,USD,1943,1943,3.1474,19.1133,1.4831,0.0,brown,Wheat/MM/Lincoln types vary [aug],copper,0.954641,zinc,0.045359,none,0.0,augmented
United States,Nickel,USD,1951,1951,5.1301,21.3443,1.9854,0.0,silver,,copper,0.751296,nickel,0.248704,none,0.0,augmented
United States,Dime,USD,1944,1950,2.4461,17.8563,1.3007,0.0,silver,90% silver [aug],silver,0.895952,copper,0.104048,none,0.0,augmented
United States,Quarter,USD,1945,1945,6.2033,24.7746,1.7623,0.0,silver,90% silver [aug],silver,0.89807,copper,0.10193,none,0.0,augmented
United States,Half Dollar,USD,1939,1945,12.3829,31.2255,2.1854,0.0,silver,90% silver [aug],silver,0.898657,copper,0.101343,none,0.0,augmented
United States,Dollar,USD,1941,1941,7.7993,26.4522,2.0008,0.0,gold,Native American $1 [aug],copper,0.701355,zinc,0.298645,none,0.0,augmented
United States,Cent,USD,1945,1945,3.1156,19.1652,1.5693,0.0,brown,Wheat/MM/Lincoln types vary [aug],copper,0.944474,zinc,0.055526,none,0.0,augmented
United States,Nickel,USD,1946,1948,5.079,21.4178,2.0256,0.0,silver,Synthetic augmentation (no note in source row),copper,0.74995,nickel,0.25005,none,0.0,augmented
United States,Dime,USD,1948,1948,2.4257,17.9266,1.3189,0.0,silver,90% silver [aug],silver,0.909279,copper,0.090721,none,0.0,augmented
United States,Quarter,USD,1950,1950,6.2689,24.4005,1.8648,0.0,silver,90% silver [aug],silver,0.910759,copper,0.089241,none,0.0,augmented
United States,Half Dollar,USD,1949,1949,12.2691,30.2904,2.1475,0.0,silver,90% silver [aug],silver,0.901865,copper,0.098135,none,0.0,augmented
United States,Dollar,USD,1947,1949,7.9694,26.1307,2.0566,0.0,gold,Native American $1 [aug],copper,0.700477,zinc,0.299523,none,0.0,augmented
United States,Cent,USD,1945,1945,3.1825,18.8525,1.5161,0.0,brown,Wheat/MM/Lincoln types vary [aug],copper,0.961768,zinc,0.038232,none,0.0,augmented
United States,Nickel,USD,1948,1948,5.0247,21.44,1.9822,0.0,silver,,copper,0.746982,nickel,0.253018,none,0.0,augmented
United States,Dime,USD,1952,1952,2.5395,18.019,1.3413,0.0,silver,90% silver [aug],silver,0.9103,copper,0.0897,none,0.0,augmented
United States,Quarter,USD,1948,1948,6.3635,24.2908,1.5892,0.0,silver,90% silver [aug],silver,0.91776,copper,0.08224,none,0.0,augmented
United States,Half Dollar,USD,1945,1945,12.5033,30.9482,2.1679,0.0,silver,90% silver [aug],silver,0.894148,copper,0.105852,none,0.0,augmented
United States,Dollar,USD,1950,1950,8.2573,26.0812,2.0268,0.0,gold,Native American $1 [aug],copper,0.690635,zinc,0.309365,none,0.0,augmented
United States,Cent,USD,1941,1947,3.27,18.9071,1.4969,0.0,brown,Wheat/MM/Lincoln types vary [aug],copper,0.976779,zinc,0.023221,none,0.0,augmented
United States,Nickel,USD,1944,1944,5.0369,21.1054,2.0632,0.0,silver,,copper,0.751248,nickel,0.248752,none,0.0,augmented
United States,Dime,USD,1952,1956,2.5684,17.92,1.3701,0.0,silver,90% silver [aug],silver,0.880802,copper,0.119198,none,0.0,augmented
United States,Quarter,USD,1952,1952,6.3024,24.5651,1.8099,0.0,silver,90% silver [aug],silver,0.920847,copper,0.079153,none,0.0,augmented
United States,Half Dollar,USD,1945,1947,12.5424,30.916,2.0918,0.0,silver,90% silver [aug],silver,0.904413,copper,0.095587,none,0.0,augmented
United States,Dollar,USD,1942,1948,8.5483,26.7211,2.063,0.0,gold,Native American $1 [aug],copper,0.71413,zinc,0.28587,none,0.0,augmented
United States,Cent,USD,1949,1953,3.1605,18.8653,1.512,0.0,brown,Wheat/MM/Lincoln types vary [aug],copper,0.944265,zinc,0.055735,none,0.0,augmented
United States,Nickel,USD,1944,1948,4.9963,21.2519,1.8807,0.0,silver,Synthetic augmentation (no note in source row),copper,0.741865,nickel,0.258135,none,0.0,augmented
United States,Dime,USD,1951,1951,2.4501,17.8469,1.3695,0.0,silver,90% silver [aug],silver,0.891623,copper,0.108377,none,0.0,augmented
United States,Quarter,USD,1946,1946,6.1396,24.4514,1.6922,0.0,silver,90% silver [aug],silver,0.904727,copper,0.095273,none,0.0,augmented
United States,Half Dollar,USD,1947,1947,12.6261,30.396,2.1527,0.0,silver,90% silver [aug],silver,0.892651,copper,0.107349,none,0.0,augmented
United States,Dollar,USD,1945,1945,8.0162,26.6813,1.9632,0.0,gold,Native American $1 [aug],copper,0.703645,zinc,0.296355,none,0.0,augmented
United States,Cent,USD,1952,1952,3.1539,18.7338,1.5341,0.0,brown,Wheat/MM/Lincoln types vary [aug],copper,0.953677,zinc,0.046323,none,0.0,augmented
United States,Nickel,USD,1952,1952,4.9356,21.3349,1.9239,0.0,silver,,copper,0.754826,nickel,0.245174,none,0.0,augmented
United States,Dime,USD,1952,1954,2.4823,17.4851,1.3283,0.0,silver,90% silver [aug],silver,0.911635,copper,0.088365,none,0.0,augmented
United States,Quarter,USD,1952,1952,6.4196,24.0793,1.7168,0.0,silver,90% silver [aug],silver,0.915054,copper,0.084946,none,0.0,augmented
United States,Half Dollar,USD,1950,1950,12.8875,30.4766,2.1565,0.0,silver,90% silver [aug],silver,0.899572,copper,0.100428,none,0.0,augmented
United States,Dollar,USD,1948,1948,7.8534,26.7723,1.9389,0.0,gold,Native American $1 [aug],copper,0.706051,zinc,0.293949,none,0.0,augmented
United States,Cent,USD,1957,1957,3.1272,19.2397,1.5141,0.0,brown,Wheat/MM/Lincoln types vary [aug],copper,0.94247,zinc,0.05753,none,0.0,augmented
United States,Nickel,USD,1956,1956,5.2604,21.1302,1.9232,0.0,silver,Synthetic augmentation (no note in source row),copper,0.756044,nickel,0.243956,none,0.0,augmented
United States,Dime,USD,1956,1956,2.4586,17.8365,1.3536,0.0,silver,90% silver [aug],silver,0.916009,copper,0.083991,none,0.0,augmented
United States,Quarter,USD,1952,1952,6.0859,24.2225,1.6876,0.0,silver,90% silver [aug],silver,0.90323,copper,0.09677,none,0.0,augmented
United States,Half Dollar,USD,1951,1951,12.6655,30.6149,2.1203,0.0,silver,90% silver [aug],silver,0.908781,copper,0.091219,none,0.0,augmented
United States,Dollar,USD,1948,1948,7.7709,26.5561,2.0457,0.0,gold,Native American $1 [aug],copper,0.695806,zinc,0.304194,none,0.0,augmented
United States,Cent,USD,1958,1958,3.1038,19.0282,1.5249,0.0,brown,Wheat/MM/Lincoln types vary [aug],copper,0.950701,zinc,0.049299,none,0.0,augmented
United States,Nickel,USD,1954,1954,4.9298,21.3725,1.9054,0.0,silver,Synthetic augmentation (no note in source row),copper,0.766521,nickel,0.233479,none,0.0,augmented
United States,Dime,USD,1950,1956,2.5277,17.9546,1.3909,0.0,silver,90% silver [aug],silver,0.887529,copper,0.112471,none,0.0,augmented
United States,Quarter,USD,1953,1955,6.3632,24.1855,1.7184,0.0,silver,90% silver [aug],silver,0.899694,copper,0.100306,none,0.0,augmented
United States,Half Dollar,USD,1955,1955,12.5027,31.0496,2.1858,0.0,silver,90% silver [aug],silver,0.883995,copper,0.116005,none,0.0,augmented
United States,Dollar,USD,1951,1951,7.8083,27.0017,2.0409,0.0,gold,Native American $1 [aug],copper,0.707003,zinc,0.292997,none,0.0,augmented
United States,Cent,USD,1949,1949,3.1437,19.0966,1.5266,0.0,brown,Wheat/MM/Lincoln types vary [aug],copper,0.958728,zinc,0.041272,none,0.0,augmented
United States,Nickel,USD,1953,1953,5.0614,21.3439,1.9781,0.0,silver,,copper,0.752293,nickel,0.247707,none,0.0,augmented
United States,Dime,USD,1953,1953,2.601,17.5993,1.3702,0.0,silver,90% silver [aug],silver,0.903815,copper,0.096185,none,0.0,augmented
United States,Quarter,USD,1952,1952,6.2986,24.1678,1.6398,0.0,silver,90% silver [aug],silver,0.898291,copper,0.101709,none,0.0,augmented
United States,Half Dollar,USD,1951,1951,12.832,31.125,2.2231,0.0,silver,90% silver [aug],silver,0.89627,copper,0.10373,none,0.0,augmented
United States,Dollar,USD,1955,1955,8.176,27.1023,2.0384,0.0,gold,Native American $1 [aug],copper,0.69712,zinc,0.30288,none,0.0,augmented
United States,Cent,USD,1953,1957,3.0501,19.2912,1.5826,0.0,brown,Wheat/MM/Lincoln types vary [aug],copper,0.946737,zinc,0.053263,none,0.0,augmented
United States,Nickel,USD,1957,1957,5.0994,21.2275,2.0325,0.0,silver,,copper,0.757826,nickel,0.242174,none,0.0,augmented
United States,Dime,USD,1960,1960,2.5356,17.622,1.3167,0.0,silver,90% silver [aug],silver,0.888642,copper,0.111358,none,0.0,augmented
United States,Quarter,USD,1960,1960,6.4264,24.2387,1.7607,0.0,silver,90% silver [aug],silver,0.900785,copper,0.099215,none,0.0,augmented
United States,Half Dollar,USD,1955,1955,12.1673,30.0994,2.2031,0.0,silver,90% silver [aug],silver,0.916695,copper,0.083305,none,0.0,augmented
United States,Dollar,USD,1957,1957,8.0988,26.7466,1.9537,0.0,gold,Native American $1 [aug],copper,0.687298,zinc,0.312702,none,0.0,augmented
United States,Cent,USD,1957,1961,3.0757,19.0204,1.5817,0.0,brown,Wheat/MM/Lincoln types vary [aug],copper,0.949123,zinc,0.050877,none,0.0,augmented
United States,Nickel,USD,1958,1958,4.9944,21.2111,2.0167,0.0,silver,,copper,0.7428,nickel,0.2572,none,0.0,augmented
United States,Dime,USD,1951,1951,2.5332,17.8052,1.3738,0.0,silver,90% silver [aug],silver,0.886088,copper,0.113912,none,0.0,augmented
United States,Quarter,USD,1955,1955,6.455,24.1354,1.7653,0.0,silver,90% silver [aug],silver,0.916511,copper,0.083489,none,0.0,augmented
United States,Half Dollar,USD,1955,1955,12.2933,30.6037,2.1122,0.0,silver,90% silver [aug],silver,0.895783,copper,0.104217,none,0.0,augmented
United States,Dollar,USD,1951,1951,7.9866,26.4079,1.9143,0.0,gold,Native American $1 [aug],copper,0.703162,zinc,0.296838,none,0.0,augmented
United States,Cent,USD,1951,1953,3.1088,18.9251,1.5515,0.0,brown,Wheat/MM/Lincoln types vary [aug],copper,0.952513,zinc,0.047487,none,0.0,augmented
United States,Nickel,USD,1952,1958,5.1566,21.3179,1.8463,0.0,silver,,copper,0.74204,nickel,0.25796,none,0.0,augmented
United States,Dime,USD,1962,1962,2.5071,17.5954,1.3403,0.0,silver,90% silver [aug],silver,0.908198,copper,0.091802,none,0.0,augmented
United States,Quarter,USD,1954,1954,6.2043,24.5994,1.8001,0.0,silver,90% silver [aug],silver,0.896625,copper,0.103375,none,0.0,augmented
United States,Half Dollar,USD,1958,1958,12.7143,30.2696,2.2039,0.0,silver,90% silver [aug],silver,0.896229,copper,0.103771,none,0.0,augmented
United States,Dollar,USD,1962,1962,8.149,26.47,1.997,0.0,gold,Native American $1 [aug],copper,0.697538,zinc,0.302462,none,0.0,augmented
United States,Cent,USD,1961,1961,3.1171,19.0808,1.5674,0.0,brown,Wheat/MM/Lincoln types vary [aug],copper,0.9672,zinc,0.0328,none,0.0,augmented
United States,Nickel,USD,1960,1960,4.9415,21.1314,1.8971,0.0,silver,Synthetic augmentation (no note in source row),copper,0.764006,nickel,0.235994,none,0.0,augmented
United States,Dime,USD,1962,1962,2.5864,17.8272,1.349,0.0,silver,90% silver [aug],silver,0.878127,copper,0.121873,none,0.0,augmented
United States,Quarter,USD,1954,1958,6.1434,24.4171,1.7063,0.0,silver,90% silver [aug],silver,0.891924,copper,0.108076,none,0.0,augmented
United States,Half Dollar,USD,1955,1957,12.4583,30.8395,2.1753,0.0,silver,90% silver [aug],silver,0.890516,copper,0.109484,none,0.0,augmented
United States,Dollar,USD,1956,1962,8.2035,26.5879,2.045,0.0,gold,Native American $1 [aug],copper,0.698859,zinc,0.301141,none,0.0,augmented
United States,Cent,USD,1961,1967,3.0763,18.9178,1.4369,0.0,brown,Wheat/MM/Lincoln types vary [aug],copper,0.941342,zinc,0.058658,none,0.0,augmented
United States,Nickel,USD,1958,1958,4.9756,21.1753,1.925,0.0,silver,,copper,0.754864,nickel,0.245136,none,0.0,augmented
United States,Dime,USD,1963,1963,2.5752,17.7916,1.3703,0.0,silver,90% silver [aug],silver,0.899997,copper,0.100003,none,0.0,augmented
United States,Quarter,USD,1959,1959,6.1779,24.151,1.8277,0.0,silver,90% silver [aug],silver,0.889641,copper,0.110359,none,0.0,augmented
United States,Half Dollar,USD,1961,1963,12.6401,30.5312,2.187,0.0,silver,90% silver [aug],silver,0.893226,copper,0.106774,none,0.0,augmented
United States,Dollar,USD,1958,1958,7.9614,26.5288,2.1036,0.0,gold,Native American $1 [aug],copper,0.710583,zinc,0.289417,none,0.0,augmented
United States,Cent,USD,1960,1960,3.0873,18.9699,1.4957,0.0,brown,Wheat/MM/Lincoln types vary [aug],copper,0.941804,zinc,0.058196,none,0.0,augmented
United States,Nickel,USD,1957,1963,5.0843,20.8832,1.9675,0.0,silver,Synthetic augmentation (no note in source row),copper,0.750896,nickel,0.249104,none,0.0,augmented
United States,Dime,USD,1956,1962,2.4168,18.3567,1.3129,0.0,silver,90% silver [aug],silver,0.894537,copper,0.105463,none,0.0,augmented
United States,Quarter,USD,1960,1960,6.3193,24.316,1.8128,0.0,silver,90% silver [aug],silver,0.895941,copper,0.104059,none,0.0,augmented
United States,Half Dollar,USD,1959,1959,12.3339,30.29,2.1134,0.0,silver,90% silver [aug],silver,0.892141,copper,0.107859,none,0.0,augmented
United States,Dollar,USD,1958,1958,8.3318,26.8626,2.0146,0.0,gold,Native American $1 [aug],copper,0.698934,zinc,0.301066,none,0.0,augmented
United States,Cent,USD,1963,1963,3.0547,18.7702,1.5489,0.0,brown,Wheat/MM/Lincoln types vary [aug],copper,0.961618,zinc,0.038382,none,0.0,augmented
United States,Nickel,USD,1966,1966,5.051,21.5344,1.9538,0.0,silver,,copper,0.756472,nickel,0.243528,none,0.0,augmented
United States,Dime,USD,1961,1965,2.3879,17.6732,1.3282,0.0,silver,90% silver [aug],silver,0.892353,copper,0.107647,none,0.0,augmented
United States,Quarter,USD,1959,1959,6.3926,24.2595,1.7659,0.0,silver,90% silver [aug],silver,0.903726,copper,0.096274,none,0.0,augmented
United States,Half Dollar,USD,1959,1959,12.2956,30.7391,2.1439,0.0,silver,90% silver [aug],silver,0.905368,copper,0.094632,none,0.0,augmented
United States,Dollar,USD,1958,1958,8.2586,26.5208,1.9482,0.0,gold,Native American $1 [aug],copper,0.708328,zinc,0.291672,none,0.0,augmented
United States,Cent,USD,1959,1959,3.0766,18.9721,1.5219,0.0,brown,Wheat/MM/Lincoln types vary [aug],copper,0.944196,zinc,0.055804,none,0.0,augmented
United States,Nickel,USD,1965,1969,5.1888,21.2098,1.8193,0.0,silver,,copper,0.74053,nickel,0.25947,none,0.0,augmented
United States,Dime,USD,1958,1958,2.4639,17.9502,1.2984,0.0,silver,90% silver [aug],silver,0.891256,copper,0.108744,none,0.0,augmented
United States,Quarter,USD,1958,1958,6.2846,23.9324,1.7336,0.0,silver,90% silver [aug],silver,0.891853,copper,0.108147,none,0.0,augmented
United States,Half Dollar,USD,1959,1959,11.8151,30.0691,2.2417,0.0,silver,90% silver [aug],silver,0.884603,copper,0.115397,none,0.0,augmented
United States,Dollar,USD,1962,1962,8.104,26.4222,1.9921,0.0,gold,Native American $1 [aug],copper,0.696229,zinc,0.303771,none,0.0,augmented
United States,Cent,USD,1966,1966,3.0372,19.1938,1.5066,0.0,brown,Wheat/MM/Lincoln types vary [aug],copper,0.958888,zinc,0.041112,none,0.0,augmented
United States,Nickel,USD,1958,1958,5.0114,21.2491,2.0641,0.0,silver,,copper,0.75631,nickel,0.24369,none,0.0,augmented
United States,Dime,USD,1963,1965,2.5705,17.7879,1.4323,0.0,silver,90% silver [aug],silver,0.900224,copper,0.099776,none,0.0,augmented
United States,Quarter,USD,1960,1960,6.2649,24.3371,1.7088,0.0,silver,90% silver [aug],silver,0.879047,copper,0.120953,none,0.0,augmented
United States,Half Dollar,USD,1964,1964,12.8863,30.5501,2.1667,0.0,silver,90% silver [aug],silver,0.899535,copper,0.100465,none,0.0,augmented
United States,Dollar,USD,1964,1964,8.136,26.8667,2.0384,0.0,gold,Native American $1 [aug],copper,0.710371,zinc,0.289629,none,0.0,augmented
United States,Cent,USD,1966,1970,3.0347,19.4941,1.5574,0.0,brown,Wheat/MM/Lincoln types vary [aug],copper,0.93214,zinc,0.06786,none,0.0,augmented
United States,Nickel,USD,1969,1969,4.9735,21.1119,1.8345,0.0,silver,Synthetic augmentation (no note in source row),copper,0.743806,nickel,0.256194,none,0.0,augmented
United States,Dime,USD,1969,1969,2.4789,17.9313,1.39,0.0,silver,90% silver [aug],silver,0.897683,copper,0.102317,none,0.0,augmented
United States,Quarter,USD,1960,1962,6.0968,24.6242,1.7711,0.0,silver,90% silver [aug],silver,0.893441,copper,0.106559,none,0.0,augmented
United States,Half Dollar,USD,1963,1963,12.2898,30.6936,2.1436,0.0,silver,90% silver [aug],silver,0.895517,copper,0.104483,none,0.0,augmented
United States,Dollar,USD,1963,1963,8.1789,26.5369,1.9942,0.0,gold,Native American $1 [aug],copper,0.70456,zinc,0.29544,none,0.0,augmented
United States,Cent,USD,1964,1970,3.0794,19.0883,1.503,0.0,brown,Wheat/MM/Lincoln types vary [aug],copper,0.937216,zinc,0.062784,none,0.0,augmented
United States,Nickel,USD,1963,1963,4.9066,21.0184,1.9456,0.0,silver,,copper,0.750474,nickel,0.249526,none,0.0,augmented
United States,Dime,USD,1963,1969,2.2537,18.1211,1.3581,0.0,silver,Cu-Ni clad [aug],copper,0.91642,nickel,0.08358,none,0.0,augmented
United States,Quarter,USD,1962,1962,5.7194,24.7638,1.7056,0.0,silver,Cu-Ni clad; designs vary [aug],copper,0.908259,nickel,0.091741,none,0.0,augmented
United States,Half Dollar,USD,1969,1969,11.3028,30.6073,2.0387,0.0,silver,40% silver [aug],copper,0.60695,silver,0.39305,none,0.0,augmented
United States,Dollar,USD,1965,1965,8.1372,26.3616,1.9718,0.0,gold,Native American $1 [aug],copper,0.696177,zinc,0.303823,none,0.0,augmented
United States,Cent,USD,1962,1966,3.187,18.9233,1.5627,0.0,brown,Wheat/MM/Lincoln types vary [aug],copper,0.936838,zinc,0.063162,none,0.0,augmented
United States,Nickel,USD,1961,1961,5.2013,21.3354,1.8906,0.0,silver,Synthetic augmentation (no note in source row),copper,0.753131,nickel,0.246869,none,0.0,augmented
United States,Dime,USD,1967,1973,2.274,17.6783,1.3171,0.0,silver,Cu-Ni clad [aug],copper,0.911036,nickel,0.088964,none,0.0,augmented
United States,Quarter,USD,1961,1961,5.7549,24.0982,1.742,0.0,silver,Cu-Ni clad; designs vary [aug],copper,0.912564,nickel,0.087436,none,0.0,augmented
United States,Half Dollar,USD,1967,1967,11.6582,30.7772,2.1657,0.0,silver,40% silver [aug],copper,0.606027,silver,0.393973,none,0.0,augmented
United States,Dollar,USD,1971,1971,8.2083,26.3225,2.0031,0.0,gold,Native American $1 [aug],copper,0.687782,zinc,0.312218,none,0.0,augmented
United States,Cent,USD,1963,1963,3.1434,19.4257,1.5114,0.0,brown,Wheat/MM/Lincoln types vary [aug],copper,0.951784,zinc,0.048216,none,0.0,augmented
United States,Nickel,USD,1962,1962,4.9602,21.289,1.9989,0.0,silver,,copper,0.748576,nickel,0.251424,none,0.0,augmented
United States,Dime,USD,1970,1970,2.2619,17.8011,1.3186,0.0,silver,Cu-Ni clad [aug],copper,0.922001,nickel,0.077999,none,0.0,augmented
United States,Quarter,USD,1967,1967,5.732,24.3946,1.7855,0.0,silver,Cu-Ni clad; designs vary [aug],copper,0.925059,nickel,0.074941,none,0.0,augmented
United States,Half Dollar,USD,1965,1965,11.2889,30.2462,2.2186,0.0,silver,40% silver [aug],copper,0.595533,silver,0.404467,none,0.0,augmented
United States,Dollar,USD,1964,1966,8.2398,26.5469,2.0376,0.0,gold,Native American $1 [aug],copper,0.700501,zinc,0.299499,none,0.0,augmented
United States,Cent,USD,1971,1971,3.1529,18.7894,1.4753,0.0,brown,Wheat/MM/Lincoln types vary [aug],copper,0.963196,zinc,0.036804,none,0.0,augmented
United States,Nickel,USD,1968,1968,5.0086,20.9596,1.9432,0.0,silver,Synthetic augmentation (no note in source row),copper,0.748268,nickel,0.251732,none,0.0,augmented
United States,Dime,USD,1963,1965,2.242,18.1184,1.3376,0.0,silver,Cu-Ni clad [aug],copper,0.912023,nickel,0.087977,none,0.0,augmented
United States,Quarter,USD,1963,1963,5.7858,24.127,1.7522,0.0,silver,Cu-Ni clad; designs vary [aug],copper,0.906523,nickel,0.093477,none,0.0,augmented
United States,Half Dollar,USD,1969,1969,11.1971,30.9798,2.2941,0.0,silver,40% silver [aug],copper,0.605118,silver,0.394882,none,0.0,augmented
United States,Dollar,USD,1967,1969,7.8013,26.5676,1.9645,0.0,gold,Native American $1 [aug],copper,0.712118,zinc,0.287882,none,0.0,augmented
United States,Cent,USD,1972,1972,3.2039,18.8452,1.5597,0.0,brown,Wheat/MM/Lincoln types vary [aug],copper,0.943624,zinc,0.056376,none,0.0,augmented
United States,Nickel,USD,1974,1974,4.8848,21.4462,1.9001,0.0,silver,Synthetic augmentation (no note in source row),copper,0.747029,nickel,0.252971,none,0.0,augmented
United States,Dime,USD,1965,1965,2.2068,18.0662,1.3575,0.0,silver,Cu-Ni clad [aug],copper,0.906629,nickel,0.093371,none,0.0,augmented
United States,Quarter,USD,1973,1973,5.7088,24.1029,1.8363,0.0,silver,Cu-Ni clad; designs vary [aug],copper,0.915431,nickel,0.084569,none,0.0,augmented
United States,Half Dollar,USD,1968,1968,11.576,31.1034,2.1184,0.0,silver,40% silver [aug],copper,0.601729,silver,0.398271,none,0.0,augmented
United States,Dollar,USD,1973,1973,8.2752,26.4135,1.9894,0.0,gold,Native American $1 [aug],copper,0.689859,zinc,0.310141,none,0.0,augmented
United States,Cent,USD,1971,1971,3.0623,18.9739,1.5995,0.0,brown,Wheat/MM/Lincoln types vary [aug],copper,0.957644,zinc,0.042356,none,0.0,augmented
United States,Nickel,USD,1972,1972,4.8641,21.4376,1.9262,0.0,silver,Synthetic augmentation (no note in source row),copper,0.747379,nickel,0.252621,none,0.0,augmented
United States,Dime,USD,1969,1969,2.2416,18.0211,1.3679,0.0,silver,Cu-Ni clad [aug],copper,0.911816,nickel,0.088184,none,0.0,augmented
United States,Quarter,USD,1970,1970,5.7765,24.4968,1.9121,0.0,silver,Cu-Ni clad; designs vary [aug],copper,0.910721,nickel,0.089279,none,0.0,augmented
United States,Half Dollar,USD,1965,1967,11.3979,30.4551,2.1918,0.0,silver,40% silver [aug],copper,0.599187,silver,0.400813,none,0.0,augmented
United States,Dollar,USD,1973,1973,7.9915,26.8008,2.0464,0.0,gold,Native American $1 [aug],copper,0.695091,zinc,0.304909,none,0.0,augmented
United States,Cent,USD,1967,1967,3.1277,19.1615,1.5229,0.0,brown,Wheat/MM/Lincoln types vary [aug],copper,0.949688,zinc,0.050312,none,0.0,augmented
United States,Nickel,USD,1969,1973,4.8114,21.1257,1.9533,0.0,silver,Synthetic augmentation (no note in source row),copper,0.759368,nickel,0.240632,none,0.0,augmented
United States,Dime,USD,1971,1971,2.3027,18.2122,1.3817,0.0,silver,Cu-Ni clad [aug],copper,0.915292,nickel,0.084708,none,0.0,augmented
United States,Quarter,USD,1969,1969,5.566,24.2758,1.7721,0.0,silver,Cu-Ni clad; designs vary [aug],copper,0.919222,nickel,0.080778,none,0.0,augmented
United States,Half Dollar,USD,1969,1971,11.1991,30.4495,2.0842,0.0,silver,Cu-Ni clad [aug],copper,0.912762,nickel,0.087238,none,0.0,augmented
United States,Dollar,USD,1967,1967,22.9003,37.6116,2.5823,0.0,silver,Eisenhower Cu-Ni; some 40% Ag issues [aug],copper,0.752228,nickel,0.247772,none,0.0,augmented
United States,Cent,USD,1970,1970,3.0181,18.9388,1.5196,0.0,brown,Wheat/MM/Lincoln types vary [aug],copper,0.959142,zinc,0.040858,none,0.0,augmented
United States,Nickel,USD,1977,1977,5.0226,21.2789,2.0599,0.0,silver,Synthetic augmentation (no note in source row),copper,0.746632,nickel,0.253368,none,0.0,augmented
United States,Dime,USD,1975,1975,2.1977,17.8185,1.3065,0.0,silver,Cu-Ni clad [aug],copper,0.910447,nickel,0.089553,none,0.0,augmented
United States,Quarter,USD,1977,1977,5.5675,24.1969,1.6524,0.0,silver,Cu-Ni clad; designs vary [aug],copper,0.909558,nickel,0.090442,none,0.0,augmented
United States,Half Dollar,USD,1973,1973,11.5786,30.146,2.0695,0.0,silver,Cu-Ni clad [aug],copper,0.901277,nickel,0.098723,none,0.0,augmented
United States,Dollar,USD,1972,1976,22.6617,37.2636,2.4235,0.0,silver,Eisenhower Cu-Ni; some 40% Ag issues [aug],copper,0.74671,nickel,0.25329,none,0.0,augmented
United States,Cent,USD,1974,1978,3.1687,19.076,1.576,0.0,brown,Wheat/MM/Lincoln types vary [aug],copper,0.959819,zinc,0.040181,none,0.0,augmented
United States,Nickel,USD,1975,1975,5.0375,21.2908,1.9807,0.0,silver,Synthetic augmentation (no note in source row),copper,0.764134,nickel,0.235866,none,0.0,augmented
United States,Dime,USD,1968,1968,2.2729,17.6809,1.3713,0.0,silver,Cu-Ni clad [aug],copper,0.899105,nickel,0.100895,none,0.0,augmented
United States,Quarter,USD,1970,1976,5.6753,24.2755,1.7304,0.0,silver,Cu-Ni clad; designs vary [aug],copper,0.90743,nickel,0.09257,none,0.0,augmented
United States,Half Dollar,USD,1969,1969,11.3314,30.126,2.1954,0.0,silver,Cu-Ni clad [aug],copper,0.904174,nickel,0.095826,none,0.0,augmented
United States,Dollar,USD,1976,1976,22.7872,37.7407,2.5624,0.0,silver,Eisenhower Cu-Ni; some 40% Ag issues [aug],copper,0.756509,nickel,0.243491,none,0.0,augmented
United States,Cent,USD,1974,1974,3.1406,19.4432,1.5821,0.0,brown,Wheat/MM/Lincoln types vary [aug],copper,0.942003,zinc,0.057997,none,0.0,augmented
United States,Nickel,USD,1979,1979,4.9697,21.4424,1.9822,0.0,silver,,copper,0.746239,nickel,0.253761,none,0.0,augmented
United States,Dime,USD,1974,1974,2.2454,18.0693,1.3895,0.0,silver,Cu-Ni clad [aug],copper,0.907692,nickel,0.092308,none,0.0,augmented
United States,Quarter,USD,1971,1971,5.7001,24.2817,1.7375,0.0,silver,Cu-Ni clad; designs vary [aug],copper,0.914251,nickel,0.085749,none,0.0,augmented
United States,Half Dollar,USD,1972,1972,11.3305,30.9172,2.2196,0.0,silver,Cu-Ni clad [aug],copper,0.919418,nickel,0.080582,none,0.0,augmented
United States,Dollar,USD,1970,1970,22.9684,37.6464,2.5925,0.0,silver,Eisenhower Cu-Ni; some 40% Ag issues [aug],copper,0.747054,nickel,0.252946,none,0.0,augmented
United States,Cent,USD,1975,1975,3.1418,18.7845,1.4915,0.0,brown,Wheat/MM/Lincoln types vary [aug],copper,0.953069,zinc,0.046931,none,0.0,augmented
United States,Nickel,USD,1971,1977,4.994,21.2127,1.9884,0.0,silver,,copper,0.761326,nickel,0.238674,none,0.0,augmented
United States,Dime,USD,1970,1970,2.2855,17.6729,1.2876,0.0,silver,Cu-Ni clad [aug],copper,0.904698,nickel,0.095302,none,0.0,augmented
United States,Quarter,USD,1977,1981,5.7234,23.936,1.7992,0.0,silver,Cu-Ni clad; designs vary [aug],copper,0.914384,nickel,0.085616,none,0.0,augmented
United States,Half Dollar,USD,1974,1974,11.3051,30.7338,2.1328,0.0,silver,Cu-Ni clad [aug],copper,0.924526,nickel,0.075474,none,0.0,augmented
United States,Dollar,USD,1970,1972,22.3431,37.6486,2.66,0.0,silver,Eisenhower Cu-Ni; some 40% Ag issues [aug],copper,0.750959,nickel,0.249041,none,0.0,augmented
United States,Cent,USD,1979,1979,3.1462,18.8926,1.5527,0.0,brown,Wheat/MM/Lincoln types vary [aug],copper,0.951,zinc,0.049,none,0.0,augmented
United States,Nickel,USD,1980,1982,5.1677,21.3621,1.8804,0.0,silver,,copper,0.745988,nickel,0.254012,none,0.0,augmented
United States,Dime,USD,1981,1981,2.266,17.801,1.2731,0.0,silver,Cu-Ni clad [aug],copper,0.929526,nickel,0.070474,none,0.0,augmented
United States,Quarter,USD,1980,1980,5.903,24.279,1.7468,0.0,silver,Cu-Ni clad; designs vary [aug],copper,0.927666,nickel,0.072334,none,0.0,augmented
United States,Half Dollar,USD,1975,1975,11.1586,30.4426,2.1468,0.0,silver,Cu-Ni clad [aug],copper,0.920523,nickel,0.079477,none,0.0,augmented
United States,Dollar,USD,1971,1977,22.4861,37.8824,2.4426,0.0,silver,Eisenhower Cu-Ni; some 40% Ag issues [aug],copper,0.766298,nickel,0.233702,none,0.0,augmented
United States,Cent,USD,1970,1976,3.1144,19.2036,1.4449,0.0,brown,Wheat/MM/Lincoln types vary [aug],copper,0.943889,zinc,0.056111,none,0.0,augmented
United States,Nickel,USD,1977,1977,4.9421,21.1117,1.8416,0.0,silver,,copper,0.758199,nickel,0.241801,none,0.0,augmented
United States,Dime,USD,1979,1979,2.2829,17.7976,1.3142,0.0,silver,Cu-Ni clad [aug],copper,0.917934,nickel,0.082066,none,0.0,augmented
United States,Quarter,USD,1981,1981,5.8091,24.413,1.7882,0.0,silver,Cu-Ni clad; designs vary [aug],copper,0.917328,nickel,0.082672,none,0.0,augmented
United States,Half Dollar,USD,1980,1980,11.0473,30.5293,2.2362,0.0,silver,Cu-Ni clad [aug],copper,0.900161,nickel,0.099839,none,0.0,augmented
United States,Dollar,USD,1980,1980,22.3863,37.9956,2.4657,0.0,silver,Eisenhower Cu-Ni; some 40% Ag issues [aug],copper,0.73887,nickel,0.26113,none,0.0,augmented
United States,Cent,USD,1980,1980,3.1989,19.0989,1.5589,0.0,brown,Wheat/MM/Lincoln types vary [aug],copper,0.952383,zinc,0.047617,none,0.0,augmented
United States,Nickel,USD,1980,1982,4.9093,21.2109,1.9509,0.0,silver,Synthetic augmentation (no note in source row),copper,0.75205,nickel,0.24795,none,0.0,augmented
United States,Dime,USD,1976,1976,2.2181,17.5994,1.3555,0.0,silver,Cu-Ni clad [aug],copper,0.93514,nickel,0.06486,none,0.0,augmented
United States,Quarter,USD,1976,1976,5.8938,24.0059,1.7821,0.0,silver,Cu-Ni clad; designs vary [aug],copper,0.922604,nickel,0.077396,none,0.0,augmented
United States,Half Dollar,USD,1977,1977,11.371,30.4728,2.0823,0.0,silver,Cu-Ni clad [aug],copper,0.893682,nickel,0.106318,none,0.0,augmented
United States,Dollar,USD,1979,1981,23.0058,38.0674,2.4299,0.0,silver,Eisenhower Cu-Ni; some 40% Ag issues [aug],copper,0.753319,nickel,0.246681,none,0.0,augmented
United States,Cent,USD,1983,1983,3.0439,18.8163,1.5177,0.0,brown,Wheat/MM/Lincoln types vary [aug],copper,0.95716,zinc,0.04284,none,0.0,augmented
United States,Nickel,USD,1975,1975,4.9768,21.1721,1.9849,0.0,silver,,copper,0.746208,nickel,0.253792,none,0.0,augmented
United States,Dime,USD,1981,1981,2.2325,17.7559,1.3812,0.0,silver,Cu-Ni clad [aug],copper,0.916511,nickel,0.083489,none,0.0,augmented
United States,Quarter,USD,1975,1975,5.776,24.4811,1.7447,0.0,silver,Cu-Ni clad; designs vary [aug],copper,0.911141,nickel,0.088859,none,0.0,augmented
United States,Half Dollar,USD,1982,1982,11.396,30.3848,2.1952,0.0,silver,Cu-Ni clad [aug],copper,0.920865,nickel,0.079135,none,0.0,augmented
United States,Dollar,USD,1983,1983,8.3502,26.3217,1.9716,0.0,gold,Susan B. Anthony Cu-Ni [aug],copper,0.709931,zinc,0.290069,none,0.0,augmented
United States,Cent,USD,1978,1978,3.2841,18.9801,1.444,0.0,brown,Wheat/MM/Lincoln types vary [aug],copper,0.953295,zinc,0.046705,none,0.0,augmented
United States,Nickel,USD,1978,1978,4.9822,21.3707,1.9367,0.0,silver,,copper,0.759177,nickel,0.240823,none,0.0,augmented
United States,Dime,USD,1985,1985,2.2479,18.046,1.3623,0.0,silver,Cu-Ni clad [aug],copper,0.909352,nickel,0.090648,none,0.0,augmented
United States,Quarter,USD,1979,1979,5.7752,24.4421,1.7269,0.0,silver,Cu-Ni clad; designs vary [aug],copper,0.912089,nickel,0.087911,none,0.0,augmented
United States,Half Dollar,USD,1975,1975,11.1276,30.3325,2.1797,0.0,silver,Cu-Ni clad [aug],copper,0.934253,nickel,0.065747,none,0.0,augmented
United States,Dollar,USD,1977,1977,8.319,26.9836,1.9271,0.0,gold,Susan B. Anthony Cu-Ni [aug],copper,0.68788,zinc,0.31212,none,0.0,augmented
United States,Cent,USD,1981,1981,3.0803,19.345,1.5029,0.0,brown,Wheat/MM/Lincoln types vary [aug],copper,0.965973,zinc,0.034027,none,0.0,augmented
United States,Nickel,USD,1983,1983,5.0839,21.1994,1.9313,0.0,silver,Synthetic augmentation (no note in source row),copper,0.747192,nickel,0.252808,none,0.0,augmented
United States,Dime,USD,1982,1982,2.2303,17.9385,1.346,0.0,silver,Cu-Ni clad [aug],copper,0.921314,nickel,0.078686,none,0.0,augmented
United States,Quarter,USD,1981,1981,5.8003,24.0824,1.7467,0.0,silver,Cu-Ni clad; designs vary [aug],copper,0.90772,nickel,0.09228,none,0.0,augmented
United States,Half Dollar,USD,1982,1982,11.3255,30.5455,2.1288,0.0,silver,Cu-Ni clad [aug],copper,0.915309,nickel,0.084691,none,0.0,augmented
United States,Dollar,USD,1975,1981,7.9177,26.2436,2.1286,0.0,gold,Susan B. Anthony Cu-Ni [aug],copper,0.702282,zinc,0.297718,none,0.0,augmented
United States,Cent,USD,1985,1985,3.1014,18.9893,1.5123,0.0,brown,Bronze (95% Cu) [aug],copper,0.932935,tin,0.067065,none,0.0,augmented
United States,Cent,USD,1982,1984,2.3833,19.0321,1.6449,0.0,copper,Copper-plated zinc [aug],zinc,0.982394,copper,0.017606,none,0.0,augmented
United States,Cent,USD,1975,1981,2.4826,19.0674,1.4346,0.0,copper,Wheat/MM/Lincoln types vary [aug],unknown,1.0,none,0.0,none,0.0,augmented
United States,Nickel,USD,1987,1987,5.0714,20.9589,2.0461,0.0,silver,,copper,0.744098,nickel,0.255902,none,0.0,augmented
United States,Dime,USD,1988,1988,2.2935,17.9131,1.3084,0.0,silver,Cu-Ni clad [aug],copper,0.91191,nickel,0.08809,none,0.0,augmented
United States,Quarter,USD,1981,1981,5.7062,23.9442,1.7656,0.0,silver,Cu-Ni clad; designs vary [aug],copper,0.914935,nickel,0.085065,none,0.0,augmented
United States,Half Dollar,USD,1986,1990,11.1686,30.6272,2.0867,0.0,silver,Cu-Ni clad [aug],copper,0.927447,nickel,0.072553,none,0.0,augmented
United States,Dollar,USD,1979,1979,7.721,26.2201,2.0376,0.0,gold,Native American $1 [aug],copper,0.709716,zinc,0.290284,none,0.0,augmented
United States,Cent,USD,1982,1986,2.5321,19.1762,1.4506,0.0,copper,Wheat/MM/Lincoln types vary [aug],unknown,1.0,none,0.0,none,0.0,augmented
United States,Nickel,USD,1979,1981,4.8959,20.8926,2.0291,0.0,silver,,copper,0.763973,nickel,0.236027,none,0.0,augmented
United States,Dime,USD,1984,1984,2.2385,17.9496,1.366,0.0,silver,Cu-Ni clad [aug],copper,0.926677,nickel,0.073323,none,0.0,augmented
United States,Quarter,USD,1980,1984,5.6714,24.4755,1.7915,0.0,silver,Cu-Ni clad; designs vary [aug],copper,0.92592,nickel,0.07408,none,0.0,augmented
United States,Half Dollar,USD,1986,1986,11.4197,30.9465,2.1756,0.0,silver,Cu-Ni clad [aug],copper,0.916468,nickel,0.083532,none,0.0,augmented
United States,Dollar,USD,1986,1986,8.1187,26.4193,1.9497,0.0,gold,Native American $1 [aug],copper,0.704018,zinc,0.295982,none,0.0,augmented
United States,Cent,USD,1987,1987,2.4015,19.0394,1.5182,0.0,copper,Wheat/MM/Lincoln types vary [aug],unknown,1.0,none,0.0,none,0.0,augmented
United States,Nickel,USD,1990,1990,4.7997,21.0488,2.0075,0.0,silver,,copper,0.738163,nickel,0.261837,none,0.0,augmented
United States,Dime,USD,1985,1985,2.2474,17.8671,1.3174,0.0,silver,Cu-Ni clad [aug],copper,0.925821,nickel,0.074179,none,0.0,augmented
United States,Quarter,USD,1990,1990,5.6949,24.3169,1.8393,0.0,silver,Cu-Ni clad; designs vary [aug],copper,0.914096,nickel,0.085904,none,0.0,augmented
United States,Half Dollar,USD,1988,1988,11.5088,30.8473,2.1711,0.0,silver,Cu-Ni clad [aug],copper,0.923087,nickel,0.076913,none,0.0,augmented
United States,Dollar,USD,1984,1984,7.9179,26.6166,2.0718,0.0,gold,Native American $1 [aug],copper,0.70815,zinc,0.29185,none,0.0,augmented
United States,Cent,USD,1986,1986,2.4655,19.1647,1.489,0.0,copper,Wheat/MM/Lincoln types vary [aug],unknown,1.0,none,0.0,none,0.0,augmented
United States,Nickel,USD,1982,1982,5.0895,21.268,2.081,0.0,silver,,copper,0.751627,nickel,0.248373,none,0.0,augmented
United States,Dime,USD,1991,1991,2.3209,17.9748,1.3604,0.0,silver,Cu-Ni clad [aug],copper,0.917878,nickel,0.082122,none,0.0,augmented
United States,Quarter,USD,1988,1988,5.7797,24.1821,1.7503,0.0,silver,Cu-Ni clad; designs vary [aug],copper,0.929565,nickel,0.070435,none,0.0,augmented
United States,Half Dollar,USD,1987,1987,11.1387,30.3147,2.1085,0.0,silver,Cu-Ni clad [aug],copper,0.928205,nickel,0.071795,none,0.0,augmented
United States,Dollar,USD,1989,1989,8.1951,26.6577,1.9565,0.0,gold,Native American $1 [aug],copper,0.706576,zinc,0.293424,none,0.0,augmented
United States,Cent,USD,1983,1983,2.4913,19.0676,1.5131,0.0,copper,Wheat/MM/Lincoln types vary [aug],unknown,1.0,none,0.0,none,0.0,augmented
United States,Nickel,USD,1987,1987,4.9434,21.1725,1.9536,0.0,silver,,copper,0.746768,nickel,0.253232,none,0.0,augmented
United States,Dime,USD,1987,1991,2.285,18.0651,1.3789,0.0,silver,Cu-Ni clad [aug],copper,0.907278,nickel,0.092722,none,0.0,augmented
United States,Quarter,USD,1987,1987,5.5987,24.304,1.7718,0.0,silver,Cu-Ni clad; designs vary [aug],copper,0.937407,nickel,0.062593,none,0.0,augmented
United States,Half Dollar,USD,1991,1991,11.3043,30.5609,2.2413,0.0,silver,Cu-Ni clad [aug],copper,0.940787,nickel,0.059213,none,0.0,augmented
United States,Dollar,USD,1988,1988,8.0359,26.3649,2.0665,0.0,gold,Native American $1 [aug],copper,0.691759,zinc,0.308241,none,0.0,augmented
United States,Cent,USD,1993,1993,2.4591,18.7231,1.4999,0.0,copper,Wheat/MM/Lincoln types vary [aug],unknown,1.0,none,0.0,none,0.0,augmented
United States,Nickel,USD,1993,1993,4.8815,21.3271,1.8468,0.0,silver,Synthetic augmentation (no note in source row),copper,0.752732,nickel,0.247268,none,0.0,augmented
United States,Dime,USD,1989,1989,2.2327,18.2414,1.3358,0.0,silver,Cu-Ni clad [aug],copper,0.902825,nickel,0.097175,none,0.0,augmented
United States,Quarter,USD,1987,1989,5.6734,24.3956,1.7793,0.0,silver,Cu-Ni clad; designs vary [aug],copper,0.921677,nickel,0.078323,none,0.0,augmented
United States,Half Dollar,USD,1981,1985,11.5611,30.3938,2.1027,0.0,silver,Cu-Ni clad [aug],copper,0.91257,nickel,0.08743,none,0.0,augmented
United States,Dollar,USD,1992,1992,8.0857,26.7677,1.9817,0.0,gold,Native American $1 [aug],copper,0.708396,zinc,0.291604,none,0.0,augmented
United States,Cent,USD,1986,1986,2.4964,18.8494,1.4922,0.0,copper,Wheat/MM/Lincoln types vary [aug],unknown,1.0,none,0.0,none,0.0,augmented
United States,Nickel,USD,1990,1990,4.9854,21.9426,1.9667,0.0,silver,,copper,0.744596,nickel,0.255404,none,0.0,augmented
United States,Dime,USD,1992,1992,2.1894,17.8391,1.4089,0.0,silver,Cu-Ni clad [aug],copper,0.922369,nickel,0.077631,none,0.0,augmented
United States,Quarter,USD,1993,1993,5.711,24.5846,1.8053,0.0,silver,Cu-Ni clad; designs vary [aug],copper,0.910657,nickel,0.089343,none,0.0,augmented
United States,Half Dollar,USD,1984,1984,11.2888,30.7031,2.0766,0.0,silver,Cu-Ni clad [aug],copper,0.912024,nickel,0.087976,none,0.0,augmented
United States,Dollar,USD,1988,1994,8.1983,26.5195,1.9552,0.0,gold,Native American $1 [aug],copper,0.698882,zinc,0.301118,none,0.0,augmented
United States,Cent,USD,1995,1995,2.4607,19.2795,1.5236,0.0,copper,Wheat/MM/Lincoln types vary [aug],unknown,1.0,none,0.0,none,0.0,augmented
United States,Nickel,USD,1988,1988,4.9632,21.0557,2.0741,0.0,silver,,copper,0.747764,nickel,0.252236,none,0.0,augmented
United States,Dime,USD,1986,1986,2.2298,17.9607,1.2836,0.0,silver,Cu-Ni clad [aug],copper,0.934766,nickel,0.065234,none,0.0,augmented
United States,Quarter,USD,1990,1992,5.9104,24.5971,1.7365,0.0,silver,Cu-Ni clad; designs vary [aug],copper,0.920752,nickel,0.079248,none,0.0,augmented
United States,Half Dollar,USD,1991,1991,11.4082,30.7795,2.1414,0.0,silver,Cu-Ni clad [aug],copper,0.904271,nickel,0.095729,none,0.0,augmented
United States,Dollar,USD,1991,1991,8.1773,26.9556,1.9768,0.0,gold,Native American $1 [aug],copper,0.717791,zinc,0.282209,none,0.0,augmented
United States,Cent,USD,1995,1995,2.5209,19.1257,1.6089,0.0,copper,Wheat/MM/Lincoln types vary [aug],unknown,1.0,none,0.0,none,0.0,augmented
United States,Nickel,USD,1993,1993,4.9039,21.5086,2.0219,0.0,silver,,copper,0.751154,nickel,0.248846,none,0.0,augmented
United States,Dime,USD,1996,1996,2.2295,17.7222,1.3195,0.0,silver,Cu-Ni clad [aug],copper,0.91232,nickel,0.08768,none,0.0,augmented
United States,Quarter,USD,1994,1994,5.8362,24.1951,1.7272,0.0,silver,Cu-Ni clad; designs vary [aug],copper,0.922571,nickel,0.077429,none,0.0,augmented
United States,Half Dollar,USD,1994,1994,10.946,30.9521,2.2475,0.0,silver,Cu-Ni clad [aug],copper,0.921877,nickel,0.078123,none,0.0,augmented
United States,Dollar,USD,1988,1994,7.9913,26.3734,1.952,0.0,gold,Native American $1 [aug],copper,0.70847,zinc,0.29153,none,0.0,augmented
United States,Cent,USD,1988,1988,2.5197,19.4013,1.538,0.0,copper,Wheat/MM/Lincoln types vary [aug],unknown,1.0,none,0.0,none,0.0,augmented
United States,Nickel,USD,1992,1992,4.9042,21.5087,1.8015,0.0,silver,,copper,0.736455,nickel,0.263545,none,0.0,augmented
United States,Dime,USD,1997,1997,2.2621,17.9841,1.3321,0.0,silver,Cu-Ni clad [aug],copper,0.904284,nickel,0.095716,none,0.0,augmented
United States,Quarter,USD,1993,1997,5.7212,24.1966,1.7154,0.0,silver,Cu-Ni clad; designs vary [aug],copper,0.90635,nickel,0.09365,none,0.0,augmented
United States,Half Dollar,USD,1995,1995,11.2051,30.6131,2.15,0.0,silver,Cu-Ni clad [aug],copper,0.93924,nickel,0.06076,none,0.0,augmented
United States,Dollar,USD,1986,1990,8.1061,26.5115,2.0148,0.0,gold,Native American $1 [aug],copper,0.70563,zinc,0.29437,none,0.0,augmented
United States,Cent,USD,1991,1995,2.6512,18.9136,1.5246,0.0,copper,Wheat/MM/Lincoln types vary [aug],unknown,1.0,none,0.0,none,0.0,augmented
United States,Nickel,USD,1989,1989,5.0472,21.3306,1.8464,0.0,silver,,copper,0.735605,nickel,0.264395,none,0.0,augmented
United States,Dime,USD,1989,1989,2.2292,17.9371,1.3309,0.0,silver,Cu-Ni clad [aug],copper,0.904608,nickel,0.095392,none,0.0,augmented
United States,Quarter,USD,1997,1997,5.615,24.1241,1.7688,0.0,silver,Cu-Ni clad; designs vary [aug],copper,0.910984,nickel,0.089016,none,0.0,augmented
United States,Half Dollar,USD,1993,1997,11.2947,30.2586,2.1557,0.0,silver,Cu-Ni clad [aug],copper,0.908346,nickel,0.091654,none,0.0,augmented
United States,Dollar,USD,1997,1997,8.0274,27.018,2.0211,0.0,gold,Native American $1 [aug],copper,0.713903,zinc,0.286097,none,0.0,augmented
United States,Cent,USD,1989,1989,2.5224,19.0159,1.5137,0.0,copper,Wheat/MM/Lincoln types vary [aug],unknown,1.0,none,0.0,none,0.0,augmented
United States,Nickel,USD,1989,1989,5.0876,20.7428,1.8614,0.0,silver,,copper,0.758912,nickel,0.241088,none,0.0,augmented
United States,Dime,USD,1997,1997,2.2895,17.7861,1.3793,0.0,silver,Cu-Ni clad [aug],copper,0.932301,nickel,0.067699,none,0.0,augmented
United States,Quarter,USD,1994,1994,5.6907,24.5708,1.6935,0.0,silver,Cu-Ni clad; designs vary [aug],copper,0.913408,nickel,0.086592,none,0.0,augmented
United States,Half Dollar,USD,1989,1989,11.2347,30.2996,2.0683,0.0,silver,Cu-Ni clad [aug],copper,0.902073,nickel,0.097927,none,0.0,augmented
United States,Dollar,USD,1990,1990,8.3057,26.3587,2.0147,0.0,gold,Native American $1 [aug],copper,0.684868,zinc,0.315132,none,0.0,augmented
United States,Cent,USD,2000,2000,2.5373,18.9067,1.5125,0.0,copper,Wheat/MM/Lincoln types vary [aug],unknown,1.0,none,0.0,none,0.0,augmented
United States,Nickel,USD,1998,2002,5.1156,21.3723,1.8668,0.0,silver,Synthetic augmentation (no note in source row),copper,0.750534,nickel,0.249466,none,0.0,augmented
United States,Dime,USD,1990,1990,2.2002,17.9005,1.283,0.0,silver,Cu-Ni clad [aug],copper,0.899715,nickel,0.100285,none,0.0,augmented
United States,Quarter,USD,1997,1997,5.622,24.4585,1.6766,0.0,silver,Cu-Ni clad; designs vary [aug],copper,0.937135,nickel,0.062865,none,0.0,augmented
United States,Half Dollar,USD,1993,1997,11.1086,30.641,2.0805,0.0,silver,Cu-Ni clad [aug],copper,0.917789,nickel,0.082211,none,0.0,augmented
United States,Dollar,USD,1994,1994,8.06,26.1438,2.0244,0.0,gold,Native American $1 [aug],copper,0.700009,zinc,0.299991,none,0.0,augmented
United States,Cent,USD,1996,2000,2.5106,19.1227,1.5176,0.0,copper,Wheat/MM/Lincoln types vary [aug],unknown,1.0,none,0.0,none,0.0,augmented
United States,Nickel,USD,1996,1998,4.9685,21.7247,1.9022,0.0,silver,Synthetic augmentation (no note in source row),copper,0.74787,nickel,0.25213,none,0.0,augmented
United States,Dime,USD,2000,2000,2.2797,17.8175,1.3807,0.0,silver,Cu-Ni clad [aug],copper,0.917263,nickel,0.082737,none,0.0,augmented
United States,Quarter,USD,2000,2000,5.696,24.2743,1.7163,0.0,silver,Cu-Ni clad; designs vary [aug],copper,0.919988,nickel,0.080012,none,0.0,augmented
United States,Half Dollar,USD,1996,1996,11.1351,30.3849,2.0874,0.0,silver,Cu-Ni clad [aug],copper,0.920004,nickel,0.079996,none,0.0,augmented
United States,Dollar,USD,1998,2004,8.1389,26.3674,1.9107,0.0,gold,Native American $1 [aug],copper,0.707291,zinc,0.292709,none,0.0,augmented
United States,Cent,USD,1999,2001,2.5375,18.858,1.4782,0.0,copper,Wheat/MM/Lincoln types vary [aug],unknown,1.0,none,0.0,none,0.0,augmented
United States,Nickel,USD,2000,2000,5.0091,21.4125,1.9973,0.0,silver,,copper,0.753678,nickel,0.246322,none,0.0,augmented
United States,Dime,USD,1997,2001,2.2714,18.0961,1.3019,0.0,silver,Cu-Ni clad [aug],copper,0.90309,nickel,0.09691,none,0.0,augmented
United States,Quarter,USD,1999,1999,5.7029,24.6953,1.6713,0.0,silver,Cu-Ni clad; designs vary [aug],copper,0.91316,nickel,0.08684,none,0.0,augmented
United States,Half Dollar,USD,1997,1997,11.4966,30.9338,2.1676,0.0,silver,Cu-Ni clad [aug],copper,0.910694,nickel,0.089306,none,0.0,augmented
United States,Dollar,USD,1993,1993,7.6636,26.8294,2.0082,0.0,gold,Native American $1 [aug],copper,0.702825,zinc,0.297175,none,0.0,augmented
United States,Cent,USD,1994,1994,2.5891,19.3593,1.5364,0.0,copper,Wheat/MM/Lincoln types vary [aug],unknown,1.0,none,0.0,none,0.0,augmented
United States,Nickel,USD,1991,1995,4.9266,21.2775,1.9367,0.0,silver,Synthetic augmentation (no note in source row),copper,0.740707,nickel,0.259293,none,0.0,augmented
United States,Dime,USD,1996,1996,2.2273,17.9899,1.3458,0.0,silver,Cu-Ni clad [aug],copper,0.912684,nickel,0.087316,none,0.0,augmented
United States,Quarter,USD,2000,2002,5.7884,24.348,1.7029,0.0,silver,Cu-Ni clad; designs vary [aug],copper,0.920555,nickel,0.079445,none,0.0,augmented
United States,Half Dollar,USD,2000,2000,11.3737,31.0043,2.131,0.0,silver,Cu-Ni clad [aug],copper,0.903619,nickel,0.096381,none,0.0,augmented
United States,Dollar,USD,1997,1999,8.0257,26.7249,2.0928,0.0,gold,Native American $1 [aug],copper,0.696251,zinc,0.303749,none,0.0,augmented
United States,Cent,USD,1998,1998,2.5165,19.2749,1.6062,0.0,copper,Wheat/MM/Lincoln types vary [aug],unknown,1.0,none,0.0,none,0.0,augmented
United States,Nickel,USD,2000,2000,5.019,20.9856,2.0259,0.0,silver,,copper,0.748182,nickel,0.251818,none,0.0,augmented
United States,Dime,USD,2001,2001,2.2378,17.8113,1.4172,0.0,silver,Cu-Ni clad [aug],copper,0.91366,nickel,0.08634,none,0.0,augmented
United States,Quarter,USD,1995,1997,5.6652,24.2764,1.7944,0.0,silver,Cu-Ni clad; designs vary [aug],copper,0.909054,nickel,0.090946,none,0.0,augmented
United States,Half Dollar,USD,1999,2005,11.1056,30.0713,2.049,0.0,silver,Cu-Ni clad [aug],copper,0.928056,nickel,0.071944,none,0.0,augmented
United States,Dollar,USD,1996,1996,7.9309,26.375,1.9637,0.0,gold,Susan B. Anthony Cu-Ni [aug],copper,0.692014,zinc,0.307986,none,0.0,augmented
United States,Cent,USD,1995,1997,2.4979,18.8909,1.5173,0.0,copper,Wheat/MM/Lincoln types vary [aug],unknown,1.0,none,0.0,none,0.0,augmented
United States,Nickel,USD,2002,2002,5.0427,21.115,1.9585,0.0,silver,,copper,0.754861,nickel,0.245139,none,0.0,augmented
United States,Dime,USD,1995,1995,2.2517,18.0115,1.3219,0.0,silver,Cu-Ni clad [aug],copper,0.905721,nickel,0.094279,none,0.0,augmented
United States,Quarter,USD,1996,1996,5.8801,24.0691,1.6156,0.0,silver,Cu-Ni clad; designs vary [aug],copper,0.914311,nickel,0.085689,none,0.0,augmented
United States,Half Dollar,USD,2002,2002,11.4267,30.8545,2.0894,0.0,silver,Cu-Ni clad [aug],copper,0.917113,nickel,0.082887,none,0.0,augmented
United States,Dollar,USD,2000,2000,7.9993,26.328,1.9575,0.0,gold,Sacagawea Mn-brass [aug],copper,0.703594,zinc,0.296406,none,0.0,augmented
United States,Cent,USD,2004,2004,2.5147,19.1005,1.4861,0.0,copper,Wheat/MM/Lincoln types vary [aug],unknown,1.0,none,0.0,none,0.0,augmented
United States,Nickel,USD,2005,2005,5.1079,21.2117,1.9964,0.0,silver,,copper,0.745278,nickel,0.254722,none,0.0,augmented
United States,Dime,USD,2002,2002,2.2522,17.7655,1.3723,0.0,silver,Cu-Ni clad [aug],copper,0.906121,nickel,0.093879,none,0.0,augmented
United States,Quarter,USD,2000,2006,5.6038,24.657,1.7956,0.0,silver,Cu-Ni clad; designs vary [aug],copper,0.942671,nickel,0.057329,none,0.0,augmented
United States,Half Dollar,USD,2003,2003,11.3285,30.5008,2.1659,0.0,silver,Cu-Ni clad [aug],copper,0.912813,nickel,0.087187,none,0.0,augmented
United States,Dollar,USD,2000,2000,8.0747,26.4227,2.1345,0.0,gold,Sacagawea Mn-brass [aug],copper,0.698856,zinc,0.301144,none,0.0,augmented
United States,Cent,USD,2003,2003,2.545,19.2049,1.5178,0.0,copper,Wheat/MM/Lincoln types vary [aug],unknown,1.0,none,0.0,none,0.0,augmented
United States,Nickel,USD,2002,2004,5.0252,21.3698,1.878,0.0,silver,,copper,0.750285,nickel,0.249715,none,0.0,augmented
United States,Dime,USD,1998,2002,2.349,17.801,1.3568,0.0,silver,Cu-Ni clad [aug],copper,0.914595,nickel,0.085405,none,0.0,augmented
United States,Quarter,USD,2000,2000,5.7041,24.6497,1.8133,0.0,silver,Cu-Ni clad; designs vary [aug],copper,0.93138,nickel,0.06862,none,0.0,augmented
United States,Half Dollar,USD,2000,2000,11.3854,29.7988,2.128,0.0,silver,Cu-Ni clad [aug],copper,0.90998,nickel,0.09002,none,0.0,augmented
United States,Dollar,USD,2004,2004,7.8884,26.4811,2.0019,0.0,gold,Sacagawea Mn-brass [aug],copper,0.695232,zinc,0.304768,none,0.0,augmented
United States,Cent,USD,2006,2006,2.4222,18.7987,1.5205,0.0,copper,Wheat/MM/Lincoln types vary [aug],unknown,1.0,none,0.0,none,0.0,augmented
United States,Nickel,USD,2005,2005,4.9904,21.4521,1.8985,0.0,silver,,copper,0.75545,nickel,0.24455,none,0.0,augmented
United States,Dime,USD,2005,2005,2.2865,18.0072,1.3494,0.0,silver,Cu-Ni clad [aug],copper,0.897594,nickel,0.102406,none,0.0,augmented
United States,Quarter,USD,2003,2003,5.6055,24.244,1.7535,0.0,silver,Cu-Ni clad; designs vary [aug],copper,0.91705,nickel,0.08295,none,0.0,augmented
United States,Half Dollar,USD,2003,2003,10.8053,31.1857,2.1405,0.0,silver,Cu-Ni clad [aug],copper,0.922538,nickel,0.077462,none,0.0,augmented
United States,Dollar,USD,2000,2000,8.0051,26.7009,1.961,0.0,gold,Sacagawea Mn-brass [aug],copper,0.690376,zinc,0.309624,none,0.0,augmented
United States,Cent,USD,2005,2005,2.4342,18.679,1.4704,0.0,copper,Wheat/MM/Lincoln types vary [aug],unknown,1.0,none,0.0,none,0.0,augmented
United States,Nickel,USD,1998,2000,5.12,21.2956,1.961,0.0,silver,,copper,0.747446,nickel,0.252554,none,0.0,augmented
United States,Dime,USD,2007,2007,2.2966,17.7779,1.351,0.0,silver,Cu-Ni clad [aug],copper,0.9345,nickel,0.0655,none,0.0,augmented
United States,Quarter,USD,1999,1999,5.8074,23.9044,1.7162,0.0,silver,Cu-Ni clad; designs vary [aug],copper,0.931412,nickel,0.068588,none,0.0,augmented
United States,Half Dollar,USD,2003,2007,11.4911,30.7656,2.0939,0.0,silver,Cu-Ni clad [aug],copper,0.89704,nickel,0.10296,none,0.0,augmented
United States,Dollar,USD,2004,2008,7.9076,26.5478,1.9189,0.0,gold,Sacagawea Mn-brass [aug],copper,0.692147,zinc,0.307853,none,0.0,augmented
United States,Cent,USD,1999,2005,2.5261,18.8407,1.4953,0.0,copper,Wheat/MM/Lincoln types vary [aug],unknown,1.0,none,0.0,none,0.0,augmented
United States,Nickel,USD,2002,2002,5.0226,21.5478,1.9399,0.0,silver,,copper,0.754719,nickel,0.245281,none,0.0,augmented
United States,Dime,USD,2002,2002,2.2639,18.0201,1.4008,0.0,silver,Cu-Ni clad [aug],copper,0.935902,nickel,0.064098,none,0.0,augmented
United States,Quarter,USD,2008,2008,5.6729,24.3044,1.8606,0.0,silver,Cu-Ni clad; designs vary [aug],copper,0.92066,nickel,0.07934,none,0.0,augmented
United States,Half Dollar,USD,2004,2004,11.1641,30.7632,2.173,0.0,silver,Cu-Ni clad [aug],copper,0.916758,nickel,0.083242,none,0.0,augmented
United States,Dollar,USD,2002,2002,8.0917,26.5745,2.0584,0.0,gold,Sacagawea Mn-brass [aug],copper,0.709878,zinc,0.290122,none,0.0,augmented
United States,Cent,USD,2002,2002,2.5561,19.2778,1.5347,0.0,copper,Wheat/MM/Lincoln types vary [aug],unknown,1.0,none,0.0,none,0.0,augmented
United States,Nickel,USD,2001,2001,5.1731,21.3237,1.9274,0.0,silver,,copper,0.740482,nickel,0.259518,none,0.0,augmented
United States,Dime,USD,2007,2007,2.2443,17.8626,1.3193,0.0,silver,Cu-Ni clad [aug],copper,0.90593,nickel,0.09407,none,0.0,augmented
United States,Quarter,USD,2003,2003,5.6671,24.4648,1.8093,0.0,silver,Cu-Ni clad; designs vary [aug],copper,0.904804,nickel,0.095196,none,0.0,augmented
United States,Half Dollar,USD,2004,2006,11.3582,29.9595,2.1893,0.0,silver,Cu-Ni clad [aug],copper,0.914904,nickel,0.085096,none,0.0,augmented
United States,Dollar,USD,2007,2007,7.9948,26.5333,1.9754,0.0,gold,Sacagawea Mn-brass [aug],copper,0.696625,zinc,0.303375,none,0.0,augmented
United States,Cent,USD,2002,2002,2.4293,19.2384,1.3951,0.0,copper,Wheat/MM/Lincoln types vary [aug],unknown,1.0,none,0.0,none,0.0,augmented
United States,Nickel,USD,2008,2008,4.9288,21.3344,1.9615,0.0,silver,,copper,0.765471,nickel,0.234529,none,0.0,augmented
United States,Dime,USD,2006,2006,2.2805,17.8214,1.3835,0.0,silver,Cu-Ni clad [aug],copper,0.922511,nickel,0.077489,none,0.0,augmented
United States,Quarter,USD,2008,2008,5.7922,24.1767,1.791,0.0,silver,Cu-Ni clad; designs vary [aug],copper,0.91834,nickel,0.08166,none,0.0,augmented
United States,Half Dollar,USD,2008,2010,11.182,30.7412,2.1651,0.0,silver,Cu-Ni clad [aug],copper,0.924558,nickel,0.075442,none,0.0,augmented
United States,Dollar,USD,2005,2005,8.2265,26.1632,1.9153,0.0,gold,Sacagawea Mn-brass [aug],copper,0.703992,zinc,0.296008,none,0.0,augmented
United States,Cent,USD,2012,2012,2.4745,18.8232,1.5603,0.0,copper,Wheat/MM/Lincoln types vary [aug],unknown,1.0,none,0.0,none,0.0,augmented
United States,Nickel,USD,2011,2011,4.9574,20.6534,1.9429,0.0,silver,,copper,0.736472,nickel,0.263528,none,0.0,augmented
United States,Dime,USD,2006,2006,2.2656,18.0916,1.2904,0.0,silver,Cu-Ni clad [aug],copper,0.931556,nickel,0.068444,none,0.0,augmented
United States,Quarter,USD,2006,2006,5.6706,24.06,1.7697,0.0,silver,Cu-Ni clad; designs vary [aug],copper,0.909717,nickel,0.090283,none,0.0,augmented
United States,Half Dollar,USD,2008,2014,11.3393,30.9221,2.177,0.0,silver,Cu-Ni clad [aug],copper,0.915799,nickel,0.084201,none,0.0,augmented
United States,Dollar,USD,2003,2003,8.0558,26.3967,2.0044,0.0,gold,Sacagawea Mn-brass [aug],copper,0.709256,zinc,0.290744,none,0.0,augmented
United States,Cent,USD,2011,2011,2.4852,19.1182,1.4234,0.0,copper,Wheat/MM/Lincoln types vary [aug],unknown,1.0,none,0.0,none,0.0,augmented
United States,Nickel,USD,2006,2006,4.9951,21.6159,1.9338,0.0,silver,,copper,0.750511,nickel,0.249489,none,0.0,augmented
United States,Dime,USD,2006,2008,2.2234,17.7956,1.354,0.0,silver,Cu-Ni clad [aug],copper,0.926699,nickel,0.073301,none,0.0,augmented
United States,Quarter,USD,2014,2014,5.5071,24.7526,1.766,0.0,silver,Cu-Ni clad; designs vary [aug],copper,0.915579,nickel,0.084421,none,0.0,augmented
United States,Half Dollar,USD,2005,2009,11.2827,30.9393,2.2991,0.0,silver,Cu-Ni clad [aug],copper,0.901357,nickel,0.098643,none,0.0,augmented
United States,Dollar,USD,2005,2005,8.078,26.5097,1.951,0.0,gold,Native American $1 [aug],copper,0.694976,zinc,0.305024,none,0.0,augmented
United States,Cent,USD,2005,2009,2.4883,19.052,1.5563,0.0,copper,Wheat/MM/Lincoln types vary [aug],unknown,1.0,none,0.0,none,0.0,augmented
United States,Nickel,USD,2009,2009,5.0654,21.2463,1.8668,0.0,silver,Synthetic augmentation (no note in source row),copper,0.753643,nickel,0.246357,none,0.0,augmented
United States,Dime,USD,2005,2005,2.3303,17.9572,1.3533,0.0,silver,Cu-Ni clad [aug],copper,0.929415,nickel,0.070585,none,0.0,augmented
United States,Quarter,USD,2013,2013,5.6333,24.3603,1.7742,0.0,silver,Cu-Ni clad; designs vary [aug],copper,0.918754,nickel,0.081246,none,0.0,augmented
United States,Half Dollar,USD,2006,2006,11.2301,30.9403,2.0415,0.0,silver,Cu-Ni clad [aug],copper,0.916042,nickel,0.083958,none,0.0,augmented
United States,Dollar,USD,2015,2015,8.3636,26.4779,2.0028,0.0,gold,Native American $1 [aug],copper,0.708131,zinc,0.291869,none,0.0,augmented
United States,Cent,USD,2006,2008,2.5247,18.9311,1.4235,0.0,copper,Wheat/MM/Lincoln types vary [aug],unknown,1.0,none,0.0,none,0.0,augmented
United States,Nickel,USD,2012,2012,4.9301,20.8093,1.8857,0.0,silver,Synthetic augmentation (no note in source row),copper,0.752491,nickel,0.247509,none,0.0,augmented
United States,Dime,USD,2010,2010,2.3614,17.8762,1.4357,0.0,silver,Cu-Ni clad [aug],copper,0.921469,nickel,0.078531,none,0.0,augmented
United States,Quarter,USD,2016,2016,5.6609,24.2454,1.9073,0.0,silver,Cu-Ni clad; designs vary [aug],copper,0.917225,nickel,0.082775,none,0.0,augmented
United States,Half Dollar,USD,2006,2006,11.103,30.6426,2.183,0.0,silver,Cu-Ni clad [aug],copper,0.909458,nickel,0.090542,none,0.0,augmented
United States,Dollar,USD,2013,2019,7.9102,26.341,1.9868,0.0,gold,Native American $1 [aug],copper,0.70563,zinc,0.29437,none,0.0,augmented
United States,Cent,USD,2012,2014,2.4883,18.77,1.4744,0.0,copper,Wheat/MM/Lincoln types vary [aug],unknown,1.0,none,0.0,none,0.0,augmented
United States,Nickel,USD,2008,2012,4.9563,21.324,1.9082,0.0,silver,Synthetic augmentation (no note in source row),copper,0.747733,nickel,0.252267,none,0.0,augmented
United States,Dime,USD,2016,2016,2.3294,17.9802,1.3909,0.0,silver,Cu-Ni clad [aug],copper,0.91927,nickel,0.08073,none,0.0,augmented
United States,Quarter,USD,2010,2010,5.6346,24.4705,1.6667,0.0,silver,Cu-Ni clad; designs vary [aug],copper,0.918381,nickel,0.081619,none,0.0,augmented
United States,Half Dollar,USD,2011,2011,11.4162,30.3846,2.138,0.0,silver,Cu-Ni clad [aug],copper,0.908896,nickel,0.091104,none,0.0,augmented
United States,Dollar,USD,2013,2013,8.2709,26.5372,2.1945,0.0,gold,Native American $1 [aug],copper,0.698032,zinc,0.301968,none,0.0,augmented
United States,Cent,USD,2014,2014,2.5855,19.3316,1.5558,0.0,copper,Wheat/MM/Lincoln types vary [aug],unknown,1.0,none,0.0,none,0.0,augmented
United States,Nickel,USD,2012,2012,5.0239,21.321,2.0028,0.0,silver,,copper,0.748307,nickel,0.251693,none,0.0,augmented
United States,Dime,USD,2013,2013,2.3016,17.7751,1.3853,0.0,silver,Cu-Ni clad [aug],copper,0.910771,nickel,0.089229,none,0.0,augmented
United States,Quarter,USD,2009,2009,5.4607,24.2899,1.7253,0.0,silver,Cu-Ni clad; designs vary [aug],copper,0.911864,nickel,0.088136,none,0.0,augmented
United States,Half Dollar,USD,2014,2014,11.546,30.7013,2.1745,0.0,silver,Cu-Ni clad [aug],copper,0.907577,nickel,0.092423,none,0.0,augmented
United States,Dollar,USD,2008,2008,8.1778,26.2622,2.0203,0.0,gold,Native American $1 [aug],copper,0.709499,zinc,0.290501,none,0.0,augmented
United States,Cent,USD,2012,2012,2.531,19.1257,1.4851,0.0,copper,Wheat/MM/Lincoln types vary [aug],unknown,1.0,none,0.0,none,0.0,augmented
United States,Nickel,USD,2011,2015,5.1804,21.2386,1.9318,0.0,silver,,copper,0.755405,nickel,0.244595,none,0.0,augmented
United States,Dime,USD,2009,2009,2.2668,18.1021,1.3807,0.0,silver,Cu-Ni clad [aug],copper,0.910601,nickel,0.089399,none,0.0,augmented
United States,Quarter,USD,2017,2017,5.5957,24.0561,1.7511,0.0,silver,Cu-Ni clad; designs vary [aug],copper,0.92574,nickel,0.07426,none,0.0,augmented
United States,Half Dollar,USD,2013,2013,11.4667,30.7287,2.1757,0.0,silver,Cu-Ni clad [aug],copper,0.927332,nickel,0.072668,none,0.0,augmented
United States,Dollar,USD,2007,2013,8.2446,26.5835,2.0679,0.0,gold,Native American $1 [aug],copper,0.714772,zinc,0.285228,none,0.0,augmented
United States,Cent,USD,2018,2022,2.4666,18.824,1.5854,0.0,copper,Wheat/MM/Lincoln types vary [aug],unknown,1.0,none,0.0,none,0.0,augmented
United States,Nickel,USD,2020,2020,4.9173,21.209,2.0008,0.0,silver,,copper,0.74993,nickel,0.25007,none,0.0,augmented
United States,Dime,USD,2011,2017,2.3553,17.852,1.3618,0.0,silver,Cu-Ni clad [aug],copper,0.918137,nickel,0.081863,none,0.0,augmented
United States,Quarter,USD,2011,2015,5.7551,24.3345,1.7466,0.0,silver,Cu-Ni clad; designs vary [aug],copper,0.91756,nickel,0.08244,none,0.0,augmented
United States,Half Dollar,USD,2013,2017,11.2831,30.9138,2.229,0.0,silver,Cu-Ni clad [aug],copper,0.903269,nickel,0.096731,none,0.0,augmented
United States,Dollar,USD,2013,2017,7.8972,26.43,1.9442,0.0,gold,Native American $1 [aug],copper,0.707286,zinc,0.292714,none,0.0,augmented
United States,Cent,USD,2017,2017,2.5144,19.1683,1.5399,0.0,copper,Wheat/MM/Lincoln types vary [aug],unknown,1.0,none,0.0,none,0.0,augmented
United States,Nickel,USD,2021,2021,4.9688,21.3651,1.8726,0.0,silver,,copper,0.742033,nickel,0.257967,none,0.0,augmented
United States,Dime,USD,2015,2015,2.2188,18.0005,1.3815,0.0,silver,Cu-Ni clad [aug],copper,0.905259,nickel,0.094741,none,0.0,augmented
United States,Quarter,USD,2016,2018,5.7394,24.4925,1.7364,0.0,silver,Cu-Ni clad; designs vary [aug],copper,0.917345,nickel,0.082655,none,0.0,augmented
United States,Half Dollar,USD,2013,2015,11.5023,30.4182,2.1058,0.0,silver,Cu-Ni clad [aug],copper,0.932303,nickel,0.067697,none,0.0,augmented
United States,Dollar,USD,2019,2023,7.924,26.77,1.9437,0.0,gold,Native American $1 [aug],copper,0.697515,zinc,0.302485,none,0.0,augmented
United States,Cent,USD,2014,2014,2.4997,18.7967,1.5532,0.0,copper,Wheat/MM/Lincoln types vary [aug],unknown,1.0,none,0.0,none,0.0,augmented
United States,Nickel,USD,2022,2022,5.1296,21.2441,1.9383,0.0,silver,,copper,0.762029,nickel,0.237971,none,0.0,augmented
United States,Dime,USD,2018,2018,2.1838,18.1383,1.3753,0.0,silver,Cu-Ni clad [aug],copper,0.926431,nickel,0.073569,none,0.0,augmented
United States,Quarter,USD,2020,2020,5.5594,24.3779,1.7924,0.0,silver,Cu-Ni clad; designs vary [aug],copper,0.908639,nickel,0.091361,none,0.0,augmented
United States,Half Dollar,USD,2012,2012,11.2315,30.755,2.1251,0.0,silver,Cu-Ni clad [aug],copper,0.910125,nickel,0.089875,none,0.0,augmented
United States,Dollar,USD,2012,2012,7.9403,26.6777,1.968,0.0,gold,Native American $1 [aug],copper,0.698629,zinc,0.301371,none,0.0,augmented
United States,Cent,USD,2016,2016,2.5954,18.9159,1.475,0.0,copper,Wheat/MM/Lincoln types vary [aug],unknown,1.0,none,0.0,none,0.0,augmented
United States,Nickel,USD,2016,2016,5.0784,21.2847,1.9149,0.0,silver,,copper,0.757576,nickel,0.242424,none,0.0,augmented
United States,Dime,USD,2012,2016,2.2185,17.777,1.353,0.0,silver,Cu-Ni clad [aug],copper,0.914083,nickel,0.085917,none,0.0,augmented
United States,Quarter,USD,2022,2022,5.7156,24.263,1.6691,0.0,silver,Cu-Ni clad; designs vary [aug],copper,0.915673,nickel,0.084327,none,0.0,augmented
United States,Half Dollar,USD,2011,2015,11.5242,30.3077,2.1938,0.0,silver,Cu-Ni clad [aug],copper,0.918862,nickel,0.081138,none,0.0,augmented
United States,Dollar,USD,2023,2023,8.1737,26.5575,1.9863,0.0,gold,Native American $1 [aug],copper,0.702123,zinc,0.297877,none,0.0,augmented
United States,Cent,USD,2016,2016,2.5179,18.8301,1.4792,0.0,copper,Wheat/MM/Lincoln types vary [aug],unknown,1.0,none,0.0,none,0.0,augmented
United States,Nickel,USD,2017,2017,5.0371,21.3378,1.8796,0.0,silver,,copper,0.746963,nickel,0.253037,none,0.0,augmented
United States,Dime,USD,2019,2025,2.3006,17.8817,1.3727,0.0,silver,Cu-Ni clad [aug],copper,0.914588,nickel,0.085412,none,0.0,augmented
United States,Quarter,USD,2020,2024,5.6043,23.9341,1.8353,0.0,silver,Cu-Ni clad; designs vary [aug],copper,0.922813,nickel,0.077187,none,0.0,augmented
United States,Half Dollar,USD,2023,2023,11.6442,30.2387,2.142,0.0,silver,Cu-Ni clad [aug],copper,0.92055,nickel,0.07945,none,0.0,augmented
United States,Dollar,USD,2023,2023,8.2006,26.7981,1.995,0.0,gold,Native American $1 [aug],copper,0.690295,zinc,0.309705,none,0.0,augmented
United States,Cent,USD,2019,2023,2.5245,19.3362,1.4719,0.0,copper,Wheat/MM/Lincoln types vary [aug],unknown,1.0,none,0.0,none,0.0,augmented
United States,Nickel,USD,2023,2023,4.9007,21.224,1.96,0.0,silver,Synthetic augmentation (no note in source row),copper,0.747545,nickel,0.252455,none,0.0,augmented
United States,Dime,USD,2020,2020,2.2355,17.9617,1.3365,0.0,silver,Cu-Ni clad [aug],copper,0.913787,nickel,0.086213,none,0.0,augmented
United States,Quarter,USD,2025,2025,5.527,24.2076,1.7553,0.0,silver,Cu-Ni clad; designs vary [aug],copper,0.908756,nickel,0.091244,none,0.0,augmented
United States,Half Dollar,USD,2017,2017,11.1851,31.0541,2.1997,0.0,silver,Cu-Ni clad [aug],copper,0.916325,nickel,0.083675,none,0.0,augmented
United States,Dollar,USD,2015,2015,8.5107,26.5503,2.0398,0.0,gold,Native American $1 [aug],copper,0.700856,zinc,0.299144,none,0.0,augmented
United States,Cent,USD,2016,2016,2.5337,19.4154,1.429,0.0,copper,Wheat/MM/Lincoln types vary [aug],unknown,1.0,none,0.0,none,0.0,augmented
United States,Nickel,USD,2020,2020,4.765,21.3046,2.0173,0.0,silver,Synthetic augmentation (no note in source row),copper,0.763232,nickel,0.236768,none,0.0,augmented
United States,Dime,USD,2016,2016,2.3192,17.554,1.2886,0.0,silver,Cu-Ni clad [aug],copper,0.913146,nickel,0.086854,none,0.0,augmented
United States,Quarter,USD,2024,2024,5.7581,24.4058,1.7212,0.0,silver,Cu-Ni clad; designs vary [aug],copper,0.916354,nickel,0.083646,none,0.0,augmented
United States,Half Dollar,USD,2017,2017,11.4259,30.6848,2.1329,0.0,silver,Cu-Ni clad [aug],copper,0.918395,nickel,0.081605,none,0.0,augmented
United States,Dollar,USD,2021,2026,8.0698,26.3286,2.0314,0.0,gold,Native American $1 [aug],copper,0.702218,zinc,0.297782,none,0.0,augmented
United States,Cent,USD,2023,2023,2.4746,18.7365,1.5375,0.0,copper,Wheat/MM/Lincoln types vary [aug],unknown,1.0,none,0.0,none,0.0,augmented
United States,Nickel,USD,2024,2026,4.9125,20.9992,1.8486,0.0,silver,,copper,0.758247,nickel,0.241753,none,0.0,augmented
United States,Dime,USD,2021,2021,2.2558,18.1674,1.3767,0.0,silver,Cu-Ni clad [aug],copper,0.920552,nickel,0.079448,none,0.0,augmented
United States,Quarter,USD,2017,2017,5.4606,24.1924,1.8101,0.0,silver,Cu-Ni clad; designs vary [aug],copper,0.913769,nickel,0.086231,none,0.0,augmented
United States,Half Dollar,USD,2017,2021,11.4377,30.661,2.0986,0.0,silver,Cu-Ni clad [aug],copper,0.894123,nickel,0.105877,none,0.0,augmented
United States,Dollar,USD,2018,2018,8.0609,26.4979,1.9722,0.0,gold,Native American $1 [aug],copper,0.700349,zinc,0.299651,none,0.0,augmented
United States,Cent,USD,2021,2021,2.5008,19.6558,1.5269,0.0,copper,Wheat/MM/Lincoln types vary [aug],unknown,1.0,none,0.0,none,0.0,augmented
United States,Nickel,USD,2025,2025,4.7842,21.2169,2.0302,0.0,silver,,copper,0.763392,nickel,0.236608,none,0.0,augmented
United States,Dime,USD,2016,2020,2.1872,18.1132,1.381,0.0,silver,Cu-Ni clad [aug],copper,0.91252,nickel,0.08748,none,0.0,augmented
United States,Quarter,USD,2021,2023,5.4638,23.8958,1.7114,0.0,silver,Cu-Ni clad; designs vary [aug],copper,0.906872,nickel,0.093128,none,0.0,augmented
United States,Half Dollar,USD,2023,2023,11.1421,30.683,2.0953,0.0,silver,Cu-Ni clad [aug],copper,0.891505,nickel,0.108495,none,0.0,augmented
United States,Dollar,USD,2015,2021,8.0035,27.0108,1.9792,0.0,gold,Native American $1 [aug],copper,0.705604,zinc,0.294396,none,0.0,augmented
United States,Cent,USD,2026,2026,2.5602,19.1615,1.5175,0.0,copper,Wheat/MM/Lincoln types vary [aug],unknown,1.0,none,0.0,none,0.0,augmented
United States,Nickel,USD,2026,2026,5.0171,21.4879,1.9149,0.0,silver,Synthetic augmentation (no note in source row),copper,0.75094,nickel,0.24906,none,0.0,augmented
United States,Dime,USD,2026,2026,2.2923,17.7466,1.3205,0.0,silver,Cu-Ni clad [aug],copper,0.917373,nickel,0.082627,none,0.0,augmented
United States,Quarter,USD,2025,2025,5.7976,24.019,1.7706,0.0,silver,Cu-Ni clad; designs vary [aug],copper,0.924023,nickel,0.075977,none,0.0,augmented
United States,Half Dollar,USD,2023,2026,11.2334,30.1833,2.1952,0.0,silver,Cu-Ni clad [aug],copper,0.925316,nickel,0.074684,none,0.0,augmented
United States,Dollar,USD,2026,2026,8.0089,26.2321,2.1135,0.0,gold,Native American $1 [aug],copper,0.697298,zinc,0.302702,none,0.0,augmented
United States,Cent,USD,2026,2026,2.5136,18.9987,1.54,0.0,copper,Wheat/MM/Lincoln types vary [aug],unknown,1.0,none,0.0,none,0.0,augmented
United States,Nickel,USD,2026,2026,4.811,21.3177,2.0065,0.0,silver,,copper,0.757091,nickel,0.242909,none,0.0,augmented
United States,Dime,USD,2026,2026,2.2312,17.8787,1.2699,0.0,silver,Cu-Ni clad [aug],copper,0.916373,nickel,0.083627,none,0.0,augmented
United States,Quarter,USD,2021,2021,5.604,24.1922,1.7494,0.0,silver,Cu-Ni clad; designs vary [aug],copper,0.908627,nickel,0.091373,none,0.0,augmented
United States,Half Dollar,USD,2025,2025,11.4692,30.5988,2.2151,0.0,silver,Cu-Ni clad [aug],copper,0.930688,nickel,0.069312,none,0.0,augmented
United States,Dollar,USD,2026,2026,8.0555,26.7066,1.9987,0.0,gold,Native American $1 [aug],copper,0.695272,zinc,0.304728,none,0.0,augmented
Austria,1 cent,EUR,2003,2026,3.029,16.1513,1.5874,0.0,copper,Euro standard specs [aug],unknown,1.0,none,0.0,none,0.0,augmented
Austria,2 cent,EUR,1996,2023,4.0142,19.209,1.6789,0.0,copper,Euro standard specs [aug],unknown,1.0,none,0.0,none,0.0,augmented
Austria,5 cent,EUR,1999,2026,3.0769,21.4961,1.7267,0.0,copper,Euro standard specs [aug],unknown,1.0,none,0.0,none,0.0,augmented
Austria,10 cent,EUR,1999,2022,4.0295,20.14,1.9819,0.0,gold,Euro standard specs [aug],copper,0.691447,zinc,0.308553,none,0.0,augmented
Austria,20 cent,EUR,1995,2024,5.0026,22.2018,2.177,0.0,gold,Euro standard specs [aug],copper,0.700999,zinc,0.299001,none,0.0,augmented
Austria,50 cent,EUR,2000,2025,8.4724,24.2828,2.5027,0.0,gold,Euro standard specs [aug],copper,0.692376,zinc,0.307624,none,0.0,augmented
Austria,1 euro,EUR,2000,2026,7.7437,23.2973,2.3701,0.0,bimetal,Euro standard specs [aug],unknown,1.0,none,0.0,none,0.0,augmented
Austria,2 euro,EUR,2003,2026,8.5768,25.6743,2.184,0.0,bimetal,Euro standard specs [aug],unknown,1.0,none,0.0,none,0.0,augmented
Belgium,1 cent,EUR,1997,2020,2.9426,16.2332,1.7149,0.0,copper,Euro standard specs [aug],unknown,1.0,none,0.0,none,0.0,augmented
Belgium,2 cent,EUR,1995,2024,3.9984,18.453,1.6118,0.0,copper,Euro standard specs [aug],unknown,1.0,none,0.0,none,0.0,augmented
Belgium,5 cent,EUR,1998,2021,2.911,21.3909,1.5308,0.0,copper,Euro standard specs [aug],unknown,1.0,none,0.0,none,0.0,augmented
Belgium,10 cent,EUR,1999,2022,4.2567,19.301,1.9703,0.0,gold,Euro standard specs [aug],copper,0.695156,zinc,0.304844,none,0.0,augmented
Belgium,20 cent,EUR,2003,2026,5.013,22.0471,2.1901,0.0,gold,Euro standard specs [aug],copper,0.70875,zinc,0.29125,none,0.0,augmented
Belgium,50 cent,EUR,2004,2026,8.4886,24.7126,2.4672,0.0,gold,Euro standard specs [aug],copper,0.689846,zinc,0.310154,none,0.0,augmented
Belgium,1 euro,EUR,2001,2024,7.5264,23.2035,2.3265,0.0,bimetal,Euro standard specs [aug],unknown,1.0,none,0.0,none,0.0,augmented
Belgium,2 euro,EUR,1998,2023,8.4059,25.389,2.1505,0.0,bimetal,Euro standard specs [aug],unknown,1.0,none,0.0,none,0.0,augmented
Cyprus,1 cent,EUR,2000,2023,3.0341,16.2238,1.6459,0.0,copper,Euro standard specs [aug],unknown,1.0,none,0.0,none,0.0,augmented
Cyprus,2 cent,EUR,1996,2025,3.9749,18.5688,1.5964,0.0,copper,Euro standard specs [aug],unknown,1.0,none,0.0,none,0.0,augmented
Cyprus,5 cent,EUR,1998,2021,2.9968,21.4336,1.7004,0.0,copper,Euro standard specs [aug],unknown,1.0,none,0.0,none,0.0,augmented
Cyprus,10 cent,EUR,2002,2026,3.9849,19.8312,1.835,0.0,gold,Euro standard specs [aug],copper,0.706266,zinc,0.293734,none,0.0,augmented
Cyprus,20 cent,EUR,2000,2023,5.1026,21.9138,2.2083,0.0,gold,Euro standard specs [aug],copper,0.695825,zinc,0.304175,none,0.0,augmented
Cyprus,50 cent,EUR,2006,2026,8.2728,24.3709,2.3864,0.0,gold,Euro standard specs [aug],copper,0.718225,zinc,0.281775,none,0.0,augmented
Cyprus,1 euro,EUR,1997,2020,7.7429,23.5848,2.3572,0.0,bimetal,Euro standard specs [aug],unknown,1.0,none,0.0,none,0.0,augmented
Cyprus,2 euro,EUR,1997,2020,8.6288,26.2993,2.1959,0.0,bimetal,Euro standard specs [aug],unknown,1.0,none,0.0,none,0.0,augmented
Estonia,1 cent,EUR,1998,2021,3.0526,16.1633,1.7116,0.0,copper,Euro standard specs [aug],unknown,1.0,none,0.0,none,0.0,augmented
Estonia,2 cent,EUR,2001,2024,3.9923,18.8708,1.6431,0.0,copper,Euro standard specs [aug],unknown,1.0,none,0.0,none,0.0,augmented
Estonia,5 cent,EUR,2006,2026,2.9478,21.283,1.695,0.0,copper,Euro standard specs [aug],unknown,1.0,none,0.0,none,0.0,augmented
Estonia,10 cent,EUR,1998,2025,3.9229,19.5359,1.8529,0.0,gold,Euro standard specs [aug],copper,0.718862,zinc,0.281138,none,0.0,augmented
Estonia,20 cent,EUR,2002,2025,4.9106,22.7065,2.047,0.0,gold,Euro standard specs [aug],copper,0.708861,zinc,0.291139,none,0.0,augmented
Estonia,50 cent,EUR,2006,2026,8.2667,24.4385,2.4308,0.0,gold,Euro standard specs [aug],copper,0.696394,zinc,0.303606,none,0.0,augmented
Estonia,1 euro,EUR,2002,2025,7.4497,23.1294,2.3625,0.0,bimetal,Euro standard specs [aug],unknown,1.0,none,0.0,none,0.0,augmented
Estonia,2 euro,EUR,1998,2021,8.4448,25.5676,2.163,0.0,bimetal,Euro standard specs [aug],unknown,1.0,none,0.0,none,0.0,augmented
Finland,1 cent,EUR,1995,2024,3.1468,16.4621,1.6339,0.0,copper,Euro standard specs [aug],unknown,1.0,none,0.0,none,0.0,augmented
Finland,2 cent,EUR,2002,2025,4.1162,18.5037,1.6135,0.0,copper,Euro standard specs [aug],unknown,1.0,none,0.0,none,0.0,augmented
Finland,5 cent,EUR,2004,2026,2.9841,21.1892,1.5973,0.0,copper,Euro standard specs [aug],unknown,1.0,none,0.0,none,0.0,augmented
Finland,10 cent,EUR,1999,2022,4.0136,19.9261,1.8449,0.0,gold,Euro standard specs [aug],copper,0.707429,zinc,0.292571,none,0.0,augmented
Finland,20 cent,EUR,2006,2026,4.9864,22.5721,2.2475,0.0,gold,Euro standard specs [aug],copper,0.693259,zinc,0.306741,none,0.0,augmented
Finland,50 cent,EUR,2003,2026,8.4125,24.0857,2.2329,0.0,gold,Euro standard specs [aug],copper,0.703629,zinc,0.296371,none,0.0,augmented
Finland,1 euro,EUR,2002,2025,7.323,23.2025,2.4533,0.0,bimetal,Euro standard specs [aug],unknown,1.0,none,0.0,none,0.0,augmented
Finland,2 euro,EUR,1997,2020,8.668,25.8238,2.158,0.0,bimetal,Euro standard specs [aug],unknown,1.0,none,0.0,none,0.0,augmented
France,1 cent,EUR,2000,2026,2.84,16.2391,1.7744,0.0,copper,Euro standard specs [aug],unknown,1.0,none,0.0,none,0.0,augmented
France,2 cent,EUR,2003,2026,4.0195,18.606,1.6717,0.0,copper,Euro standard specs [aug],unknown,1.0,none,0.0,none,0.0,augmented
France,5 cent,EUR,2002,2025,2.8835,21.169,1.7206,0.0,copper,Euro standard specs [aug],unknown,1.0,none,0.0,none,0.0,augmented
France,10 cent,EUR,2006,2026,3.9863,19.9189,1.8532,0.0,gold,Euro standard specs [aug],copper,0.703133,zinc,0.296867,none,0.0,augmented
France,20 cent,EUR,2006,2026,4.9861,22.4388,2.1756,0.0,gold,Euro standard specs [aug],copper,0.696777,zinc,0.303223,none,0.0,augmented
France,50 cent,EUR,1999,2026,8.3587,24.2852,2.3662,0.0,gold,Euro standard specs [aug],copper,0.709592,zinc,0.290408,none,0.0,augmented
France,1 euro,EUR,2006,2026,7.4068,23.1046,2.4148,0.0,bimetal,Euro standard specs [aug],unknown,1.0,none,0.0,none,0.0,augmented
France,2 euro,EUR,2002,2025,8.4986,25.5796,2.2597,0.0,bimetal,Euro standard specs [aug],unknown,1.0,none,0.0,none,0.0,augmented
Germany,1 cent,EUR,2004,2026,3.0014,16.2016,1.6685,0.0,copper,Euro standard specs [aug],unknown,1.0,none,0.0,none,0.0,augmented
Germany,2 cent,EUR,1997,2020,4.0692,18.7313,1.7606,0.0,copper,Euro standard specs [aug],unknown,1.0,none,0.0,none,0.0,augmented
Germany,5 cent,EUR,2005,2026,2.9682,21.4914,1.6683,0.0,copper,Euro standard specs [aug],unknown,1.0,none,0.0,none,0.0,augmented
Germany,10 cent,EUR,2001,2024,3.9318,19.6522,2.035,0.0,gold,Euro standard specs [aug],copper,0.695187,zinc,0.304813,none,0.0,augmented
Germany,20 cent,EUR,1997,2020,5.0219,22.4562,2.0655,0.0,gold,Euro standard specs [aug],copper,0.703618,zinc,0.296382,none,0.0,augmented
Germany,50 cent,EUR,2007,2026,8.5811,24.1719,2.3337,0.0,gold,Euro standard specs [aug],copper,0.693469,zinc,0.306531,none,0.0,augmented
Germany,1 euro,EUR,2003,2026,7.4696,23.3368,2.1882,0.0,bimetal,Euro standard specs [aug],unknown,1.0,none,0.0,none,0.0,augmented
Germany,2 euro,EUR,2007,2026,8.7797,26.0011,2.0577,0.0,bimetal,Euro standard specs [aug],unknown,1.0,none,0.0,none,0.0,augmented
Greece,1 cent,EUR,1997,2020,3.0169,16.0419,1.7318,0.0,copper,Euro standard specs [aug],unknown,1.0,none,0.0,none,0.0,augmented
Greece,2 cent,EUR,2004,2026,4.0083,18.6451,1.6126,0.0,copper,Euro standard specs [aug],unknown,1.0,none,0.0,none,0.0,augmented
Greece,5 cent,EUR,2004,2026,2.9664,21.5837,1.6341,0.0,copper,Euro standard specs [aug],unknown,1.0,none,0.0,none,0.0,augmented
Greece,10 cent,EUR,1999,2022,3.9723,19.9998,1.8462,0.0,gold,Euro standard specs [aug],copper,0.703077,zinc,0.296923,none,0.0,augmented
Greece,20 cent,EUR,1998,2021,5.1761,22.6835,2.136,0.0,gold,Euro standard specs [aug],copper,0.712583,zinc,0.287417,none,0.0,augmented
Greece,50 cent,EUR,2002,2025,8.5175,24.128,2.4,0.0,gold,Euro standard specs [aug],copper,0.702698,zinc,0.297302,none,0.0,augmented
Greece,1 euro,EUR,2004,2026,7.5359,23.5846,2.3415,0.0,bimetal,Euro standard specs [aug],unknown,1.0,none,0.0,none,0.0,augmented
Greece,2 euro,EUR,2001,2024,8.2684,26.0733,2.202,0.0,bimetal,Euro standard specs [aug],unknown,1.0,none,0.0,none,0.0,augmented
Ireland,1 cent,EUR,1997,2020,2.9409,16.4431,1.6878,0.0,copper,Euro standard specs [aug],unknown,1.0,none,0.0,none,0.0,augmented
Ireland,2 cent,EUR,2000,2023,4.1656,18.6413,1.748,0.0,copper,Euro standard specs [aug],unknown,1.0,none,0.0,none,0.0,augmented
Ireland,5 cent,EUR,2000,2023,3.0645,21.6424,1.657,0.0,copper,Euro standard specs [aug],unknown,1.0,none,0.0,none,0.0,augmented
Ireland,10 cent,EUR,2002,2025,3.9197,19.5639,2.0233,0.0,gold,Euro standard specs [aug],copper,0.697757,zinc,0.302243,none,0.0,augmented
Ireland,20 cent,EUR,2002,2026,5.0143,21.8553,2.184,0.0,gold,Euro standard specs [aug],copper,0.705158,zinc,0.294842,none,0.0,augmented
Ireland,50 cent,EUR,2000,2023,8.3009,24.3741,2.5281,0.0,gold,Euro standard specs [aug],copper,0.695434,zinc,0.304566,none,0.0,augmented
Ireland,1 euro,EUR,1999,2022,7.2901,23.3396,2.3293,0.0,bimetal,Euro standard specs [aug],unknown,1.0,none,0.0,none,0.0,augmented
Ireland,2 euro,EUR,2001,2024,8.6227,26.0291,2.1368,0.0,bimetal,Euro standard specs [aug],unknown,1.0,none,0.0,none,0.0,augmented
Italy,1 cent,EUR,2000,2023,2.9739,16.2095,1.6134,0.0,copper,Euro standard specs [aug],unknown,1.0,none,0.0,none,0.0,augmented
Italy,2 cent,EUR,2001,2024,3.9748,18.4505,1.6192,0.0,copper,Euro standard specs [aug],unknown,1.0,none,0.0,none,0.0,augmented
Italy,5 cent,EUR,1998,2025,2.9978,21.3862,1.5361,0.0,copper,Euro standard specs [aug],unknown,1.0,none,0.0,none,0.0,augmented
Italy,10 cent,EUR,1996,2021,4.0994,19.6982,1.8776,0.0,gold,Euro standard specs [aug],copper,0.70219,zinc,0.29781,none,0.0,augmented
Italy,20 cent,EUR,1998,2021,5.0901,22.4932,2.1903,0.0,gold,Euro standard specs [aug],copper,0.691942,zinc,0.308058,none,0.0,augmented
Italy,50 cent,EUR,2004,2026,8.5057,24.6675,2.4958,0.0,gold,Euro standard specs [aug],copper,0.698813,zinc,0.301187,none,0.0,augmented
Italy,1 euro,EUR,1998,2021,7.4517,23.3271,2.3285,0.0,bimetal,Euro standard specs [aug],unknown,1.0,none,0.0,none,0.0,augmented
Italy,2 euro,EUR,2002,2026,8.6537,26.0819,2.264,0.0,bimetal,Euro standard specs [aug],unknown,1.0,none,0.0,none,0.0,augmented
Latvia,1 cent,EUR,2000,2023,3.0088,16.6715,1.743,0.0,copper,Euro standard specs [aug],unknown,1.0,none,0.0,none,0.0,augmented
Latvia,2 cent,EUR,2004,2026,3.9302,18.7411,1.5645,0.0,copper,Euro standard specs [aug],unknown,1.0,none,0.0,none,0.0,augmented
Latvia,5 cent,EUR,1997,2020,3.1034,21.3907,1.6419,0.0,copper,Euro standard specs [aug],unknown,1.0,none,0.0,none,0.0,augmented
Latvia,10 cent,EUR,2001,2026,4.0808,19.6671,1.8666,0.0,gold,Euro standard specs [aug],copper,0.694251,zinc,0.305749,none,0.0,augmented
Latvia,20 cent,EUR,2006,2026,5.0451,22.7461,2.2203,0.0,gold,Euro standard specs [aug],copper,0.701123,zinc,0.298877,none,0.0,augmented
Latvia,50 cent,EUR,2006,2026,8.4049,24.2761,2.3338,0.0,gold,Euro standard specs [aug],copper,0.702891,zinc,0.297109,none,0.0,augmented
Latvia,1 euro,EUR,2002,2025,7.4793,22.8019,2.2283,0.0,bimetal,Euro standard specs [aug],unknown,1.0,none,0.0,none,0.0,augmented
Latvia,2 euro,EUR,1999,2022,8.628,26.026,2.2402,0.0,bimetal,Euro standard specs [aug],unknown,1.0,none,0.0,none,0.0,augmented
Lithuania,1 cent,EUR,2001,2026,3.0763,15.8688,1.6554,0.0,copper,Euro standard specs [aug],unknown,1.0,none,0.0,none,0.0,augmented
Lithuania,2 cent,EUR,2001,2024,3.9063,18.536,1.6583,0.0,copper,Euro standard specs [aug],unknown,1.0,none,0.0,none,0.0,augmented
Lithuania,5 cent,EUR,2002,2025,2.974,21.2416,1.6685,0.0,copper,Euro standard specs [aug],unknown,1.0,none,0.0,none,0.0,augmented
Lithuania,10 cent,EUR,2000,2025,3.9132,19.699,1.9227,0.0,gold,Euro standard specs [aug],copper,0.703525,zinc,0.296475,none,0.0,augmented
Lithuania,20 cent,EUR,2004,2026,4.9834,22.2483,2.0283,0.0,gold,Euro standard specs [aug],copper,0.699654,zinc,0.300346,none,0.0,augmented
Lithuania,50 cent,EUR,2005,2026,8.3281,24.1599,2.2913,0.0,gold,Euro standard specs [aug],copper,0.693521,zinc,0.306479,none,0.0,augmented
Lithuania,1 euro,EUR,2000,2023,7.4313,23.2323,2.3709,0.0,bimetal,Euro standard specs [aug],unknown,1.0,none,0.0,none,0.0,augmented
Lithuania,2 euro,EUR,1998,2021,8.5276,25.857,2.1906,0.0,bimetal,Euro standard specs [aug],unknown,1.0,none,0.0,none,0.0,augmented
Luxembourg,1 cent,EUR,2007,2026,3.0023,16.3123,1.7561,0.0,copper,Euro standard specs [aug],unknown,1.0,none,0.0,none,0.0,augmented
Luxembourg,2 cent,EUR,1997,2020,3.9885,18.561,1.7334,0.0,copper,Euro standard specs [aug],unknown,1.0,none,0.0,none,0.0,augmented
Luxembourg,5 cent,EUR,2002,2025,3.0432,20.9643,1.6627,0.0,copper,Euro standard specs [aug],unknown,1.0,none,0.0,none,0.0,augmented
Luxembourg,10 cent,EUR,1999,2026,3.9951,19.7626,2.0275,0.0,gold,Euro standard specs [aug],copper,0.692257,zinc,0.307743,none,0.0,augmented
Luxembourg,20 cent,EUR,2004,2026,4.986,22.0076,2.2311,0.0,gold,Euro standard specs [aug],copper,0.698668,zinc,0.301332,none,0.0,augmented
Luxembourg,50 cent,EUR,2007,2026,8.4574,24.1204,2.3333,0.0,gold,Euro standard specs [aug],copper,0.708137,zinc,0.291863,none,0.0,augmented
Luxembourg,1 euro,EUR,1998,2021,7.4728,23.1752,2.3439,0.0,bimetal,Euro standard specs [aug],unknown,1.0,none,0.0,none,0.0,augmented
Luxembourg,2 euro,EUR,2002,2026,8.4036,25.4812,2.1609,0.0,bimetal,Euro standard specs [aug],unknown,1.0,none,0.0,none,0.0,augmented
Malta,1 cent,EUR,1999,2024,3.0492,16.1729,1.6281,0.0,copper,Euro standard specs [aug],unknown,1.0,none,0.0,none,0.0,augmented
Malta,2 cent,EUR,2005,2026,4.0857,18.4105,1.7685,0.0,copper,Euro standard specs [aug],unknown,1.0,none,0.0,none,0.0,augmented
Malta,5 cent,EUR,2002,2025,2.9749,21.4225,1.6644,0.0,copper,Euro standard specs [aug],unknown,1.0,none,0.0,none,0.0,augmented
Malta,10 cent,EUR,2005,2026,3.8683,20.1436,1.8928,0.0,gold,Euro standard specs [aug],copper,0.694978,zinc,0.305022,none,0.0,augmented
Malta,20 cent,EUR,2001,2026,5.058,21.9122,2.0511,0.0,gold,Euro standard specs [aug],copper,0.688999,zinc,0.311001,none,0.0,augmented
Malta,50 cent,EUR,2003,2026,8.7539,24.6915,2.3623,0.0,gold,Euro standard specs [aug],copper,0.705352,zinc,0.294648,none,0.0,augmented
Malta,1 euro,EUR,2004,2026,7.4566,23.1417,2.3073,0.0,bimetal,Euro standard specs [aug],unknown,1.0,none,0.0,none,0.0,augmented
Malta,2 euro,EUR,2003,2026,8.3272,25.7497,2.1676,0.0,bimetal,Euro standard specs [aug],unknown,1.0,none,0.0,none,0.0,augmented
Netherlands,1 cent,EUR,2005,2026,2.9757,16.2799,1.6308,0.0,copper,Euro standard specs [aug],unknown,1.0,none,0.0,none,0.0,augmented
Netherlands,2 cent,EUR,2004,2026,3.9963,19.0343,1.7262,0.0,copper,Euro standard specs [aug],unknown,1.0,none,0.0,none,0.0,augmented
Netherlands,5 cent,EUR,1999,2022,2.9872,21.6392,1.5835,0.0,copper,Euro standard specs [aug],unknown,1.0,none,0.0,none,0.0,augmented
Netherlands,10 cent,EUR,2006,2026,4.0477,19.8835,2.0334,0.0,gold,Euro standard specs [aug],copper,0.706727,zinc,0.293273,none,0.0,augmented
Netherlands,20 cent,EUR,2005,2026,4.9222,22.5794,2.1737,0.0,gold,Euro standard specs [aug],copper,0.694474,zinc,0.305526,none,0.0,augmented
Netherlands,50 cent,EUR,2002,2026,8.4372,24.4188,2.3697,0.0,gold,Euro standard specs [aug],copper,0.696401,zinc,0.303599,none,0.0,augmented
Netherlands,1 euro,EUR,2007,2026,7.3186,23.6534,2.4381,0.0,bimetal,Euro standard specs [aug],unknown,1.0,none,0.0,none,0.0,augmented
Netherlands,2 euro,EUR,2003,2026,8.3925,26.2321,2.1969,0.0,bimetal,Euro standard specs [aug],unknown,1.0,none,0.0,none,0.0,augmented
Portugal,1 cent,EUR,2007,2026,3.0018,16.2071,1.6115,0.0,copper,Euro standard specs [aug],unknown,1.0,none,0.0,none,0.0,augmented
Portugal,2 cent,EUR,2004,2026,4.0924,18.7441,1.6122,0.0,copper,Euro standard specs [aug],unknown,1.0,none,0.0,none,0.0,augmented
Portugal,5 cent,EUR,2005,2026,2.9612,20.9409,1.6388,0.0,copper,Euro standard specs [aug],unknown,1.0,none,0.0,none,0.0,augmented
Portugal,10 cent,EUR,2003,2026,4.1537,19.6812,1.9523,0.0,gold,Euro standard specs [aug],copper,0.707819,zinc,0.292181,none,0.0,augmented
Portugal,20 cent,EUR,2005,2026,4.9877,22.3861,2.1831,0.0,gold,Euro standard specs [aug],copper,0.692279,zinc,0.307721,none,0.0,augmented
Portugal,50 cent,EUR,2005,2026,8.5594,24.138,2.3836,0.0,gold,Euro standard specs [aug],copper,0.700432,zinc,0.299568,none,0.0,augmented
Portugal,1 euro,EUR,1999,2022,7.4917,23.2812,2.2869,0.0,bimetal,Euro standard specs [aug],unknown,1.0,none,0.0,none,0.0,augmented
Portugal,2 euro,EUR,2002,2025,8.6993,25.2403,2.0312,0.0,bimetal,Euro standard specs [aug],unknown,1.0,none,0.0,none,0.0,augmented
Slovakia,1 cent,EUR,1999,2022,3.0552,16.065,1.69,0.0,copper,Euro standard specs [aug],unknown,1.0,none,0.0,none,0.0,augmented
Slovakia,2 cent,EUR,1997,2020,4.1419,18.6018,1.7072,0.0,copper,Euro standard specs [aug],unknown,1.0,none,0.0,none,0.0,augmented
Slovakia,5 cent,EUR,2006,2026,2.8403,20.5991,1.7337,0.0,copper,Euro standard specs [aug],unknown,1.0,none,0.0,none,0.0,augmented
Slovakia,10 cent,EUR,2003,2026,3.8966,19.6671,1.9307,0.0,gold,Euro standard specs [aug],copper,0.703281,zinc,0.296719,none,0.0,augmented
Slovakia,20 cent,EUR,1999,2022,4.8705,22.5941,2.1449,0.0,gold,Euro standard specs [aug],copper,0.697202,zinc,0.302798,none,0.0,augmented
Slovakia,50 cent,EUR,2007,2026,8.6848,24.2247,2.4627,0.0,gold,Euro standard specs [aug],copper,0.708188,zinc,0.291812,none,0.0,augmented
Slovakia,1 euro,EUR,1997,2020,7.3686,23.1369,2.3301,0.0,bimetal,Euro standard specs [aug],unknown,1.0,none,0.0,none,0.0,augmented
Slovakia,2 euro,EUR,2000,2025,8.4618,25.7918,2.1917,0.0,bimetal,Euro standard specs [aug],unknown,1.0,none,0.0,none,0.0,augmented
Slovenia,1 cent,EUR,1999,2026,2.9171,16.403,1.6654,0.0,copper,Euro standard specs [aug],unknown,1.0,none,0.0,none,0.0,augmented
Slovenia,2 cent,EUR,2000,2023,3.8832,18.55,1.738,0.0,copper,Euro standard specs [aug],unknown,1.0,none,0.0,none,0.0,augmented
Slovenia,5 cent,EUR,1996,2023,2.9384,21.2583,1.6726,0.0,copper,Euro standard specs [aug],unknown,1.0,none,0.0,none,0.0,augmented
Slovenia,10 cent,EUR,2005,2026,3.8696,19.5836,1.9163,0.0,gold,Euro standard specs [aug],copper,0.686273,zinc,0.313727,none,0.0,augmented
Slovenia,20 cent,EUR,2004,2026,4.98,22.4827,2.1381,0.0,gold,Euro standard specs [aug],copper,0.704655,zinc,0.295345,none,0.0,augmented
Slovenia,50 cent,EUR,2007,2026,8.2618,24.4472,2.3883,0.0,gold,Euro standard specs [aug],copper,0.703812,zinc,0.296188,none,0.0,augmented
Slovenia,1 euro,EUR,2006,2026,7.4711,23.2289,2.2719,0.0,bimetal,Euro standard specs [aug],unknown,1.0,none,0.0,none,0.0,augmented
Slovenia,2 euro,EUR,2004,2026,8.8324,25.9455,2.2912,0.0,bimetal,Euro standard specs [aug],unknown,1.0,none,0.0,none,0.0,augmented
Spain,1 cent,EUR,2007,2026,3.0424,16.2166,1.6679,0.0,copper,Euro standard specs [aug],unknown,1.0,none,0.0,none,0.0,augmented
Spain,2 cent,EUR,2001,2024,4.1378,18.7087,1.6928,0.0,copper,Euro standard specs [aug],unknown,1.0,none,0.0,none,0.0,augmented
Spain,5 cent,EUR,2000,2023,3.1438,21.481,1.6805,0.0,copper,Euro standard specs [aug],unknown,1.0,none,0.0,none,0.0,augmented
Spain,10 cent,EUR,2005,2026,4.0448,19.8551,2.044,0.0,gold,Euro standard specs [aug],copper,0.708654,zinc,0.291346,none,0.0,augmented
Spain,20 cent,EUR,2001,2024,4.8778,22.008,2.1659,0.0,gold,Euro standard specs [aug],copper,0.706627,zinc,0.293373,none,0.0,augmented
Spain,50 cent,EUR,2005,2026,8.5572,24.1827,2.3824,0.0,gold,Euro standard specs [aug],copper,0.705376,zinc,0.294624,none,0.0,augmented
Spain,1 euro,EUR,2007,2026,7.5114,23.3594,2.2279,0.0,bimetal,Euro standard specs [aug],unknown,1.0,none,0.0,none,0.0,augmented
Spain,2 euro,EUR,2005,2026,8.2271,25.3432,2.178,0.0,bimetal,Euro standard specs [aug],unknown,1.0,none,0.0,none,0.0,augmented
Monaco,1 cent,EUR,2000,2023,3.0091,16.1425,1.744,0.0,copper,Euro standard specs [aug],unknown,1.0,none,0.0,none,0.0,augmented
Monaco,2 cent,EUR,2006,2026,4.0972,18.6374,1.7084,0.0,copper,Euro standard specs [aug],unknown,1.0,none,0.0,none,0.0,augmented
Monaco,5 cent,EUR,1997,2020,3.0304,21.2117,1.7542,0.0,copper,Euro standard specs [aug],unknown,1.0,none,0.0,none,0.0,augmented
Monaco,10 cent,EUR,2004,2026,4.0445,19.588,1.9936,0.0,gold,Euro standard specs [aug],copper,0.718704,zinc,0.281296,none,0.0,augmented
Monaco,20 cent,EUR,2004,2026,4.9575,22.2814,2.1767,0.0,gold,Euro standard specs [aug],copper,0.699368,zinc,0.300632,none,0.0,augmented
Monaco,50 cent,EUR,2004,2026,8.5888,24.7264,2.4443,0.0,gold,Euro standard specs [aug],copper,0.687919,zinc,0.312081,none,0.0,augmented
Monaco,1 euro,EUR,2000,2025,7.6592,23.0899,2.3737,0.0,bimetal,Euro standard specs [aug],unknown,1.0,none,0.0,none,0.0,augmented
Monaco,2 euro,EUR,2004,2026,8.4855,25.8557,2.2148,0.0,bimetal,Euro standard specs [aug],unknown,1.0,none,0.0,none,0.0,augmented
San Marino,1 cent,EUR,2000,2023,2.8633,16.3458,1.6533,0.0,copper,Euro standard specs [aug],unknown,1.0,none,0.0,none,0.0,augmented
San Marino,2 cent,EUR,2001,2024,4.0701,18.9128,1.6656,0.0,copper,Euro standard specs [aug],unknown,1.0,none,0.0,none,0.0,augmented
San Marino,5 cent,EUR,2000,2026,2.9372,20.892,1.7117,0.0,copper,Euro standard specs [aug],unknown,1.0,none,0.0,none,0.0,augmented
San Marino,10 cent,EUR,2002,2025,3.9863,19.825,2.0017,0.0,gold,Euro standard specs [aug],copper,0.704362,zinc,0.295638,none,0.0,augmented
San Marino,20 cent,EUR,2004,2026,5.0418,22.3267,2.1774,0.0,gold,Euro standard specs [aug],copper,0.694913,zinc,0.305087,none,0.0,augmented
San Marino,50 cent,EUR,2003,2026,8.246,24.2222,2.3939,0.0,gold,Euro standard specs [aug],copper,0.708943,zinc,0.291057,none,0.0,augmented
San Marino,1 euro,EUR,1998,2021,7.5249,22.8674,2.3546,0.0,bimetal,Euro standard specs [aug],unknown,1.0,none,0.0,none,0.0,augmented
San Marino,2 euro,EUR,2006,2026,8.4085,25.7548,2.2098,0.0,bimetal,Euro standard specs [aug],unknown,1.0,none,0.0,none,0.0,augmented
Vatican City,1 cent,EUR,1997,2020,2.9538,16.1593,1.835,0.0,copper,Euro standard specs [aug],unknown,1.0,none,0.0,none,0.0,augmented
Vatican City,2 cent,EUR,2007,2026,3.9831,18.6675,1.7506,0.0,copper,Euro standard specs [aug],unknown,1.0,none,0.0,none,0.0,augmented
Vatican City,5 cent,EUR,2001,2024,3.0367,21.507,1.6768,0.0,copper,Euro standard specs [aug],unknown,1.0,none,0.0,none,0.0,augmented
Vatican City,10 cent,EUR,2000,2023,3.8999,19.7322,1.9428,0.0,gold,Euro standard specs [aug],copper,0.700861,zinc,0.299139,none,0.0,augmented
Vatican City,20 cent,EUR,2004,2026,5.0663,22.2872,2.0522,0.0,gold,Euro standard specs [aug],copper,0.702164,zinc,0.297836,none,0.0,augmented
Vatican City,50 cent,EUR,2006,2026,8.7625,24.5861,2.4117,0.0,gold,Euro standard specs [aug],copper,0.701555,zinc,0.298445,none,0.0,augmented
Vatican City,1 euro,EUR,2001,2024,7.4338,23.3087,2.3443,0.0,bimetal,Euro standard specs [aug],unknown,1.0,none,0.0,none,0.0,augmented
Vatican City,2 euro,EUR,2002,2025,8.4027,25.6138,2.1292,0.0,bimetal,Euro standard specs [aug],unknown,1.0,none,0.0,none,0.0,augmented
Andorra,1 cent,EUR,2000,2023,2.9887,16.0855,1.7117,0.0,copper,Euro standard specs [aug],unknown,1.0,none,0.0,none,0.0,augmented
Andorra,2 cent,EUR,1999,2022,3.958,18.5972,1.7346,0.0,copper,Euro standard specs [aug],unknown,1.0,none,0.0,none,0.0,augmented
Andorra,5 cent,EUR,2005,2026,3.0107,21.1617,1.6223,0.0,copper,Euro standard specs [aug],unknown,1.0,none,0.0,none,0.0,augmented
Andorra,10 cent,EUR,1998,2021,3.93,19.8785,1.9262,0.0,gold,Euro standard specs [aug],copper,0.696818,zinc,0.303182,none,0.0,augmented
Andorra,20 cent,EUR,2000,2023,5.0539,22.0415,2.199,0.0,gold,Euro standard specs [aug],copper,0.711053,zinc,0.288947,none,0.0,augmented
Andorra,50 cent,EUR,1998,2021,8.5648,24.5338,2.499,0.0,gold,Euro standard specs [aug],copper,0.691508,zinc,0.308492,none,0.0,augmented
Andorra,1 euro,EUR,2004,2026,7.563,22.7056,2.2516,0.0,bimetal,Euro standard specs [aug],unknown,1.0,none,0.0,none,0.0,augmented
Andorra,2 euro,EUR,2004,2026,8.3353,25.6279,2.1363,0.0,bimetal,Euro standard specs [aug],unknown,1.0,none,0.0,none,0.0,augmented
Japan,1 Yen,JPY,1945,2020,1.0278,19.7918,1.5033,0.0,silver,Aluminum [aug],aluminum,1.0,none,0.0,none,0.0,augmented
Japan,5 Yen,JPY,1952,2026,3.7816,21.8812,1.5277,5.1862,gold,Brass; holed [aug],copper,0.712341,zinc,0.287659,none,0.0,augmented
Japan,10 Yen,JPY,1948,2023,4.4085,23.3614,1.5973,0.0,brown,Bronze [aug],copper,0.938727,tin,0.061273,none,0.0,augmented
Japan,50 Yen,JPY,1945,2020,3.9642,21.2623,1.7022,3.8751,silver,Cu-Ni; holed [aug],copper,0.758318,nickel,0.241682,none,0.0,augmented
Japan,100 Yen,JPY,1946,2021,4.9705,22.4077,1.6901,0.0,silver,Cu-Ni [aug],copper,0.745805,nickel,0.254195,none,0.0,augmented
Japan,500 Yen,JPY,1943,2024,6.9657,26.513,2.0043,0.0,gold,Nickel-brass [aug],copper,0.6994746994746994,zinc,0.24054224054224052,nickel,0.05998305998305998,augmented
United Kingdom,1p,GBP,1970,2024,3.5288,20.3658,1.5602,0.0,copper,Decimal issues; sizes changed for 5p/10p in 1990s [aug],unknown,1.0,none,0.0,none,0.0,augmented
United Kingdom,2p,GBP,1976,2026,7.352,25.9149,1.8598,0.0,copper,Decimal issues; sizes changed for 5p/10p in 1990s [aug],unknown,1.0,none,0.0,none,0.0,augmented
United Kingdom,5p,GBP,1971,2025,3.232,17.5392,1.7101,0.0,silver,Decimal issues; sizes changed for 5p/10p in 1990s [aug],copper,0.742348,nickel,0.257652,none,0.0,augmented
United Kingdom,10p,GBP,1971,2025,6.5875,24.389,1.7924,0.0,silver,Decimal issues; sizes changed for 5p/10p in 1990s [aug],copper,0.758786,nickel,0.241214,none,0.0,augmented
United Kingdom,20p,GBP,1973,2026,4.9843,21.6859,1.7865,0.0,silver,Decimal issues; sizes changed for 5p/10p in 1990s [aug],copper,0.756636,nickel,0.243364,none,0.0,augmented
United Kingdom,50p,GBP,1975,2026,8.1067,27.2463,1.7828,0.0,silver,Decimal issues; sizes changed for 5p/10p in 1990s [aug],copper,0.755781,nickel,0.244219,none,0.0,augmented
United Kingdom,£1,GBP,1966,2026,8.8586,23.3457,2.7912,0.0,bimetal,Decimal issues; sizes changed for 5p/10p in 1990s [aug],unknown,1.0,none,0.0,none,0.0,augmented
United Kingdom,£2,GBP,1975,2026,11.9134,28.0187,2.5504,0.0,bimetal,Decimal issues; sizes changed for 5p/10p in 1990s [aug],unknown,1.0,none,0.0,none,0.0,augmented
Canada,1 cent,CAD,1964,2025,2.3537,18.9661,1.4701,0.0,copper,Specs vary by era; estimates [aug],unknown,1.0,none,0.0,none,0.0,augmented
Canada,5 cents,CAD,1970,2026,3.8808,21.1565,1.7217,0.0,silver,Specs vary by era; estimates [aug],copper,0.748534,nickel,0.251466,none,0.0,augmented
Canada,10 cents,CAD,1964,2021,1.7222,18.0442,1.2041,0.0,silver,Specs vary by era; estimates [aug],copper,0.744403,nickel,0.255597,none,0.0,augmented
Canada,25 cents,CAD,1965,2026,4.2766,23.8584,1.5214,0.0,silver,Specs vary by era; estimates [aug],copper,0.761129,nickel,0.238871,none,0.0,augmented
Canada,50 cents,CAD,1972,2026,6.979,27.3762,1.9053,0.0,silver,Specs vary by era; estimates [aug],copper,0.764968,nickel,0.235032,none,0.0,augmented
Canada,$1 Loonie,CAD,1963,2020,6.6217,26.4276,1.8394,0.0,gold,Specs vary by era; estimates [aug],copper,0.695106,zinc,0.304894,none,0.0,augmented
Canada,$2 Toonie,CAD,1971,2026,6.8549,28.2586,1.6581,0.0,bimetal,Specs vary by era; estimates [aug],unknown,1.0,none,0.0,none,0.0,augmented
United Kingdom,Penny,GBP,1899,1899,9.2112,30.876,1.6127,0.0,brown,Pre-decimal bronze penny [aug],copper,0.964017,tin,0.035983,none,0.0,augmented
United Kingdom,Penny,GBP,1897,1901,9.3875,30.7587,1.6709,0.0,brown,Pre-decimal bronze penny [aug],copper,0.943709,tin,0.056291,none,0.0,augmented
United Kingdom,Penny,GBP,1904,1904,9.0368,31.1424,1.6254,0.0,brown,Pre-decimal bronze penny [aug],copper,0.958744,tin,0.041256,none,0.0,augmented
United Kingdom,Penny,GBP,1904,1904,9.5492,30.4669,1.6147,0.0,brown,Pre-decimal bronze penny [aug],copper,0.94009,tin,0.05991,none,0.0,augmented
United Kingdom,Penny,GBP,1906,1906,9.0084,30.4693,1.6571,0.0,brown,Pre-decimal bronze penny [aug],copper,0.946621,tin,0.053379,none,0.0,augmented
United Kingdom,Penny,GBP,1905,1905,9.3413,30.6117,1.6175,0.0,brown,Pre-decimal bronze penny [aug],copper,0.958096,tin,0.041904,none,0.0,augmented
United Kingdom,Penny,GBP,1901,1901,9.5341,30.6867,1.6608,0.0,brown,Pre-decimal bronze penny [aug],copper,0.948565,tin,0.051435,none,0.0,augmented
United Kingdom,Penny,GBP,1911,1911,9.3305,30.6157,1.6795,0.0,brown,Pre-decimal bronze penny [aug],copper,0.973149,tin,0.026851,none,0.0,augmented
United Kingdom,Penny,GBP,1910,1910,9.6316,30.7714,1.6257,0.0,brown,Pre-decimal bronze penny [aug],copper,0.946588,tin,0.053412,none,0.0,augmented
United Kingdom,Penny,GBP,1910,1910,9.6319,30.7452,1.6119,0.0,brown,Pre-decimal bronze penny [aug],copper,0.967467,tin,0.032533,none,0.0,augmented
United Kingdom,Penny,GBP,1915,1915,9.7351,30.7266,1.6307,0.0,brown,Pre-decimal bronze penny [aug],copper,0.940127,tin,0.059873,none,0.0,augmented
United Kingdom,Penny,GBP,1916,1916,9.3451,30.7932,1.6312,0.0,brown,Pre-decimal bronze penny [aug],copper,0.956818,tin,0.043182,none,0.0,augmented
United Kingdom,Penny,GBP,1907,1907,9.6333,30.4361,1.6346,0.0,brown,Pre-decimal bronze penny [aug],copper,0.942467,tin,0.057533,none,0.0,augmented
United Kingdom,Penny,GBP,1913,1913,9.5321,30.3469,1.4918,0.0,brown,Pre-decimal bronze penny [aug],copper,0.945737,tin,0.054263,none,0.0,augmented
United Kingdom,Penny,GBP,1909,1909,9.7316,30.6683,1.6405,0.0,brown,Pre-decimal bronze penny [aug],copper,0.956106,tin,0.043894,none,0.0,augmented
United Kingdom,Penny,GBP,1915,1915,9.7434,30.9398,1.642,0.0,brown,Pre-decimal bronze penny [aug],copper,0.962658,tin,0.037342,none,0.0,augmented
United Kingdom,Penny,GBP,1920,1920,9.2658,30.688,1.6004,0.0,brown,Pre-decimal bronze penny [aug],copper,0.947995,tin,0.052005,none,0.0,augmented
United Kingdom,Penny,GBP,1916,1916,9.5932,30.9551,1.6334,0.0,brown,Pre-decimal bronze penny [aug],copper,0.94375,tin,0.05625,none,0.0,augmented
United Kingdom,Penny,GBP,1913,1913,9.4808,30.7421,1.6944,0.0,brown,Pre-decimal bronze penny [aug],copper,0.95601,tin,0.04399,none,0.0,augmented
United Kingdom,Penny,GBP,1919,1919,9.3831,30.6583,1.5491,0.0,brown,Pre-decimal bronze penny [aug],copper,0.938286,tin,0.061714,none,0.0,augmented
United Kingdom,Penny,GBP,1920,1926,8.9587,31.0076,1.5929,0.0,brown,Pre-decimal bronze penny [aug],copper,0.950877,tin,0.049123,none,0.0,augmented
United Kingdom,Penny,GBP,1924,1928,9.7041,30.8039,1.6728,0.0,brown,Pre-decimal bronze penny [aug],copper,0.938421,tin,0.061579,none,0.0,augmented
United Kingdom,Penny,GBP,1918,1924,9.5853,30.5104,1.5624,0.0,brown,Pre-decimal bronze penny [aug],copper,0.949455,tin,0.050545,none,0.0,augmented
United Kingdom,Penny,GBP,1927,1927,9.4415,30.4091,1.6193,0.0,brown,Pre-decimal bronze penny [aug],copper,0.948071,tin,0.051929,none,0.0,augmented
United Kingdom,Penny,GBP,1929,1929,9.6109,30.8078,1.5936,0.0,brown,Pre-decimal bronze penny [aug],copper,0.961139,tin,0.038861,none,0.0,augmented
United Kingdom,Penny,GBP,1930,1930,9.4467,30.7849,1.6003,0.0,brown,Pre-decimal bronze penny [aug],copper,0.955804,tin,0.044196,none,0.0,augmented
United Kingdom,Penny,GBP,1923,1923,9.6073,30.7314,1.6867,0.0,brown,Pre-decimal bronze penny [aug],copper,0.951449,tin,0.048551,none,0.0,augmented
United Kingdom,Penny,GBP,1927,1927,9.2928,30.8114,1.635,0.0,brown,Pre-decimal bronze penny [aug],copper,0.940153,tin,0.059847,none,0.0,augmented
United Kingdom,Penny,GBP,1924,1928,9.3779,30.6616,1.6667,0.0,brown,Pre-decimal bronze penny [aug],copper,0.954218,tin,0.045782,none,0.0,augmented
United Kingdom,Penny,GBP,1934,1934,9.3831,31.0748,1.5553,0.0,brown,Pre-decimal bronze penny [aug],copper,0.938772,tin,0.061228,none,0.0,augmented
United Kingdom,Penny,GBP,1928,1928,9.7098,30.7668,1.5284,0.0,brown,Pre-decimal bronze penny [aug],copper,0.950617,tin,0.049383,none,0.0,augmented
United Kingdom,Penny,GBP,1934,1934,9.3461,30.4686,1.5999,0.0,brown,Pre-decimal bronze penny [aug],copper,0.957655,tin,0.042345,none,0.0,augmented
United Kingdom,Penny,GBP,1936,1938,9.3326,30.542,1.5936,0.0,brown,Pre-decimal bronze penny [aug],copper,0.940876,tin,0.059124,none,0.0,augmented
United Kingdom,Penny,GBP,1937,1937,9.4896,31.1901,1.6704,0.0,brown,Pre-decimal bronze penny [aug],copper,0.951325,tin,0.048675,none,0.0,augmented
United Kingdom,Penny,GBP,1939,1939,9.3739,30.579,1.606,0.0,brown,Pre-decimal bronze penny [aug],copper,0.956321,tin,0.043679,none,0.0,augmented
United Kingdom,Penny,GBP,1932,1938,9.4961,30.9651,1.6325,0.0,brown,Pre-decimal bronze penny [aug],copper,0.960751,tin,0.039249,none,0.0,augmented
United Kingdom,Penny,GBP,1934,1934,9.6046,31.1024,1.5904,0.0,brown,Pre-decimal bronze penny [aug],copper,0.955173,tin,0.044827,none,0.0,augmented
United Kingdom,Penny,GBP,1934,1934,8.9924,30.717,1.6244,0.0,brown,Pre-decimal bronze penny [aug],copper,0.961851,tin,0.038149,none,0.0,augmented
United Kingdom,Penny,GBP,1941,1941,9.279,30.6363,1.6701,0.0,brown,Pre-decimal bronze penny [aug],copper,0.960835,tin,0.039165,none,0.0,augmented
United Kingdom,Penny,GBP,1944,1944,9.6619,30.7773,1.5521,0.0,brown,Pre-decimal bronze penny [aug],copper,0.944903,tin,0.055097,none,0.0,augmented
United Kingdom,Penny,GBP,1940,1940,9.3893,31.3086,1.6094,0.0,brown,Pre-decimal bronze penny [aug],copper,0.952269,tin,0.047731,none,0.0,augmented
United Kingdom,Penny,GBP,1935,1937,9.27,30.5112,1.6932,0.0,brown,Pre-decimal bronze penny [aug],copper,0.950025,tin,0.049975,none,0.0,augmented
United Kingdom,Penny,GBP,1938,1940,9.3369,30.985,1.5205,0.0,brown,Pre-decimal bronze penny [aug],copper,0.941823,tin,0.058177,none,0.0,augmented
United Kingdom,Penny,GBP,1944,1944,9.2046,30.4496,1.5865,0.0,brown,Pre-decimal bronze penny [aug],copper,0.948899,tin,0.051101,none,0.0,augmented
United Kingdom,Penny,GBP,1948,1948,9.4475,30.906,1.6062,0.0,brown,Pre-decimal bronze penny [aug],copper,0.968583,tin,0.031417,none,0.0,augmented
United Kingdom,Penny,GBP,1943,1943,9.2699,30.6318,1.6433,0.0,brown,Pre-decimal bronze penny [aug],copper,0.944744,tin,0.055256,none,0.0,augmented
United Kingdom,Penny,GBP,1948,1952,9.4964,30.7915,1.6797,0.0,brown,Pre-decimal bronze penny [aug],copper,0.95139,tin,0.04861,none,0.0,augmented
United Kingdom,Penny,GBP,1944,1944,9.9323,30.4777,1.6169,0.0,brown,Pre-decimal bronze penny [aug],copper,0.951667,tin,0.048333,none,0.0,augmented
United Kingdom,Penny,GBP,1944,1944,9.2391,31.4725,1.6093,0.0,brown,Pre-decimal bronze penny [aug],copper,0.953225,tin,0.046775,none,0.0,augmented
United Kingdom,Penny,GBP,1952,1952,9.1571,30.7605,1.6002,0.0,brown,Pre-decimal bronze penny [aug],copper,0.95837,tin,0.04163,none,0.0,augmented
United Kingdom,Penny,GBP,1954,1956,9.2857,30.9832,1.6671,0.0,brown,Pre-decimal bronze penny [aug],copper,0.941105,tin,0.058895,none,0.0,augmented
United Kingdom,Penny,GBP,1951,1951,9.5241,30.8452,1.6383,0.0,brown,Pre-decimal bronze penny [aug],copper,0.958972,tin,0.041028,none,0.0,augmented
United Kingdom,Penny,GBP,1953,1953,9.3311,29.9627,1.6515,0.0,brown,Pre-decimal bronze penny [aug],copper,0.95053,tin,0.04947,none,0.0,augmented
United Kingdom,Penny,GBP,1955,1955,9.4791,31.2991,1.5684,0.0,brown,Pre-decimal bronze penny [aug],copper,0.952135,tin,0.047865,none,0.0,augmented
United Kingdom,Penny,GBP,1956,1956,9.3683,31.4476,1.7231,0.0,brown,Pre-decimal bronze penny [aug],copper,0.961874,tin,0.038126,none,0.0,augmented
United Kingdom,Penny,GBP,1952,1956,9.6875,30.8944,1.609,0.0,brown,Pre-decimal bronze penny [aug],copper,0.957126,tin,0.042874,none,0.0,augmented
United Kingdom,Penny,GBP,1960,1960,9.6381,30.9877,1.6392,0.0,brown,Pre-decimal bronze penny [aug],copper,0.944385,tin,0.055615,none,0.0,augmented
United Kingdom,Penny,GBP,1957,1957,9.8503,30.2885,1.6011,0.0,brown,Pre-decimal bronze penny [aug],copper,0.952235,tin,0.047765,none,0.0,augmented
United Kingdom,Penny,GBP,1960,1960,9.2418,30.4892,1.5702,0.0,brown,Pre-decimal bronze penny [aug],copper,0.949845,tin,0.050155,none,0.0,augmented
United Kingdom,Penny,GBP,1955,1961,9.3013,31.0792,1.6171,0.0,brown,Pre-decimal bronze penny [aug],copper,0.955366,tin,0.044634,none,0.0,augmented
United Kingdom,Penny,GBP,1965,1965,9.5846,30.6833,1.6452,0.0,brown,Pre-decimal bronze penny [aug],copper,0.941642,tin,0.058358,none,0.0,augmented
United Kingdom,Penny,GBP,1956,1960,9.7375,30.4544,1.5483,0.0,brown,Pre-decimal bronze penny [aug],copper,0.943353,tin,0.056647,none,0.0,augmented
United Kingdom,Penny,GBP,1963,1963,9.3593,30.6908,1.591,0.0,brown,Pre-decimal bronze penny [aug],copper,0.962449,tin,0.037551,none,0.0,augmented
United Kingdom,Penny,GBP,1955,1961,9.4092,31.4381,1.5944,0.0,brown,Pre-decimal bronze penny [aug],copper,0.956884,tin,0.043116,none,0.0,augmented
United Kingdom,Penny,GBP,1959,1959,9.5587,30.3754,1.5652,0.0,brown,Pre-decimal bronze penny [aug],copper,0.951416,tin,0.048584,none,0.0,augmented
United Kingdom,Penny,GBP,1964,1970,9.2425,30.6627,1.5873,0.0,brown,Pre-decimal bronze penny [aug],copper,0.951296,tin,0.048704,none,0.0,augmented
United Kingdom,Penny,GBP,1971,1971,9.2931,30.2939,1.6029,0.0,brown,Pre-decimal bronze penny [aug],copper,0.957479,tin,0.042521,none,0.0,augmented
United Kingdom,Penny,GBP,1966,1966,9.7781,30.6444,1.5404,0.0,brown,Pre-decimal bronze penny [aug],copper,0.957486,tin,0.042514,none,0.0,augmented
United Kingdom,Penny,GBP,1967,1967,9.5152,30.9928,1.6573,0.0,brown,Pre-decimal bronze penny [aug],copper,0.948482,tin,0.051518,none,0.0,augmented
United Kingdom,Penny,GBP,1966,1970,9.1768,30.9946,1.622,0.0,brown,Pre-decimal bronze penny [aug],copper,0.933703,tin,0.066297,none,0.0,augmented
United Kingdom,Penny,GBP,1968,1968,9.51,30.6883,1.539,0.0,brown,Pre-decimal bronze penny [aug],copper,0.943806,tin,0.056194,none,0.0,augmented
