country,denomination,currency,year_start,year_end,mass_g,diameter_mm,thickness_mm,hole_mm,color_hint,notes,metal_1,pct_1,metal_2,pct_2,metal_3,pct_3,composition_source
United States,Cent,USD,1900,1900,3.11,19.05,1.52,0.0,brown,Wheat/MM/Lincoln types vary,copper,0.95,zinc,0.05,none,0.0,color:brown
United States,Nickel,USD,1900,1900,5.0,21.21,1.95,0.0,silver,,copper,0.75,nickel,0.25,none,0.0,color:silver
United States,Dime,USD,1900,1900,2.5,17.91,1.35,0.0,silver,90% silver,silver,0.9,copper,0.09999999999999998,none,0.0,notes:percent
United States,Quarter,USD,1900,1900,6.25,24.26,1.75,0.0,silver,90% silver,silver,0.9,copper,0.09999999999999998,none,0.0,notes:percent
United States,Half Dollar,USD,1900,1900,12.5,30.61,2.15,0.0,silver,90% silver,silver,0.9,copper,0.09999999999999998,none,0.0,notes:percent
United States,Dollar,USD,1900,1900,26.73,38.1,2.4,0.0,silver,90% silver (Morgan/Peace),silver,0.9,copper,0.09999999999999998,none,0.0,notes:percent
United States,Cent,USD,1901,1901,3.11,19.05,1.52,0.0,brown,Wheat/MM/Lincoln types vary,copper,0.95,zinc,0.05,none,0.0,color:brown
United States,Nickel,USD,1901,1901,5.0,21.21,1.95,0.0,silver,,copper,0.75,nickel,0.25,none,0.0,color:silver
United States,Dime,USD,1901,1901,2.5,17.91,1.35,0.0,silver,90% silver,silver,0.9,copper,0.09999999999999998,none,0.0,notes:percent
United States,Quarter,USD,1901,1901,6.25,24.26,1.75,0.0,silver,90% silver,silver,0.9,copper,0.09999999999999998,none,0.0,notes:percent
United States,Half Dollar,USD,1901,1901,12.5,30.61,2.15,0.0,silver,90% silver,silver,0.9,copper,0.09999999999999998,none,0.0,notes:percent
United States,Dollar,USD,1901,1901,26.73,38.1,2.4,0.0,silver,90% silver (Morgan/Peace),silver,0.9,copper,0.09999999999999998,none,0.0,notes:percent
United States,Cent,USD,1902,1902,3.11,19.05,1.52,0.0,brown,Wheat/MM/Lincoln types vary,copper,0.95,zinc,0.05,none,0.0,color:brown
United States,Nickel,USD,1902,1902,5.0,21.21,1.95,0.0,silver,,copper,0.75,nickel,0.25,none,0.0,color:silver
United States,Dime,USD,1902,1902,2.5,17.91,1.35,0.0,silver,90% silver,silver,0.9,copper,0.09999999999999998,none,0.0,notes:percent
United States,Quarter,USD,1902,1902,6.25,24.26,1.75,0.0,silver,90% silver,silver,0.9,copper,0.09999999999999998,none,0.0,notes:percent
United States,Half Dollar,USD,1902,1902,12.5,30.61,2.15,0.0,silver,90% silver,silver,0.9,copper,0.09999999999999998,none,0.0,notes:percent
United States,Dollar,USD,1902,1902,26.73,38.1,2.4,0.0,silver,90% silver (Morgan/Peace),silver,0.9,copper,0.09999999999999998,none,0.0,notes:percent
United States,Cent,USD,1903,1903,3.11,19.05,1.52,0.0,brown,Wheat/MM/Lincoln types vary,copper,0.95,zinc,0.05,none,0.0,color:brown
United States,Nickel,USD,1903,1903,5.0,21.21,1.95,0.0,silver,,copper,0.75,nickel,0.25,none,0.0,color:silver
United States,Dime,USD,1903,1903,2.5,17.91,1.35,0.0,silver,90% silver,silver,0.9,copper,0.09999999999999998,none,0.0,notes:percent
United States,Quarter,USD,1903,1903,6.25,24.26,1.75,0.0,silver,90% silver,silver,0.9,copper,0.09999999999999998,none,0.0,notes:percent
United States,Half Dollar,USD,1903,1903,12.5,30.61,2.15,0.0,silver,90% silver,silver,0.9,copper,0.09999999999999998,none,0.0,notes:percent
United States,Dollar,USD,1903,1903,26.73,38.1,2.4,0.0,silver,90% silver (Morgan/Peace),silver,0.9,copper,0.09999999999999998,none,0.0,notes:percent
United States,Cent,USD,1904,1904,3.11,19.05,1.52,0.0,brown,Wheat/MM/Lincoln types vary,copper,0.95,zinc,0.05,none,0.0,color:brown
United States,Nickel,USD,1904,1904,5.0,21.21,1.95,0.0,silver,,copper,0.75,nickel,0.25,none,0.0,color:silver
United States,Dime,USD,1904,1904,2.5,17.91,1.35,0.0,silver,90% silver,silver,0.9,copper,0.09999999999999998,none,0.0,notes:percent
United States,Quarter,USD,1904,1904,6.25,24.26,1.75,0.0,silver,90% silver,silver,0.9,copper,0.09999999999999998,none,0.0,notes:percent
United States,Half Dollar,USD,1904,1904,12.5,30.61,2.15,0.0,silver,90% silver,silver,0.9,copper,0.09999999999999998,none,0.0,notes:percent
United States,Dollar,USD,1904,1904,26.73,38.1,2.4,0.0,silver,90% silver (Morgan/Peace),silver,0.9,copper,0.09999999999999998,none,0.0,notes:percent
United States,Cent,USD,1905,1905,3.11,19.05,1.52,0.0,brown,Wheat/MM/Lincoln types vary,copper,0.95,zinc,0.05,none,0.0,color:brown
United States,Nickel,USD,1905,1905,5.0,21.21,1.95,0.0,silver,,copper,0.75,nickel,0.25,none,0.0,color:silver
United States,Dime,USD,1905,1905,2.5,17.91,1.35,0.0,silver,90% silver,silver,0.9,copper,0.09999999999999998,none,0.0,notes:percent
United States,Quarter,USD,1905,1905,6.25,24.26,1.75,0.0,silver,90% silver,silver,0.9,copper,0.09999999999999998,none,0.0,notes:percent
United States,Half Dollar,USD,1905,1905,12.5,30.61,2.15,0.0,silver,90% silver,silver,0.9,copper,0.09999999999999998,none,0.0,notes:percent
United States,Dollar,USD,1905,1905,26.73,38.1,2.4,0.0,silver,90% silver (Morgan/Peace),silver,0.9,copper,0.09999999999999998,none,0.0,notes:percent
United States,Cent,USD,1906,1906,3.11,19.05,1.52,0.0,brown,Wheat/MM/Lincoln types vary,copper,0.95,zinc,0.05,none,0.0,color:brown
United States,Nickel,USD,1906,1906,5.0,21.21,1.95,0.0,silver,,copper,0.75,nickel,0.25,none,0.0,color:silver
United States,Dime,USD,1906,1906,2.5,17.91,1.35,0.0,silver,90% silver,silver,0.9,copper,0.09999999999999998,none,0.0,notes:percent
United States,Quarter,USD,1906,1906,6.25,24.26,1.75,0.0,silver,90% silver,silver,0.9,copper,0.09999999999999998,none,0.0,notes:percent
United States,Half Dollar,USD,1906,1906,12.5,30.61,2.15,0.0,silver,90% silver,silver,0.9,copper,0.09999999999999998,none,0.0,notes:percent
United States,Dollar,USD,1906,1906,26.73,38.1,2.4,0.0,silver,90% silver (Morgan/Peace),silver,0.9,copper,0.09999999999999998,none,0.0,notes:percent
United States,Cent,USD,1907,1907,3.11,19.05,1.52,0.0,brown,Wheat/MM/Lincoln types vary,copper,0.95,zinc,0.05,none,0.0,color:brown
United States,Nickel,USD,1907,1907,5.0,21.21,1.95,0.0,silver,,copper,0.75,nickel,0.25,none,0.0,color:silver
United States,Dime,USD,1907,1907,2.5,17.91,1.35,0.0,silver,90% silver,silver,0.9,copper,0.09999999999999998,none,0.0,notes:percent
United States,Quarter,USD,1907,1907,6.25,24.26,1.75,0.0,silver,90% silver,silver,0.9,copper,0.09999999999999998,none,0.0,notes:percent
United States,Half Dollar,USD,1907,1907,12.5,30.61,2.15,0.0,silver,90% silver,silver,0.9,copper,0.09999999999999998,none,0.0,notes:percent
United States,Dollar,USD,1907,1907,26.73,38.1,2.4,0.0,silver,90% silver (Morgan/Peace),silver,0.9,copper,0.09999999999999998,none,0.0,notes:percent
United States,Cent,USD,1908,1908,3.11,19.05,1.52,0.0,brown,Wheat/MM/Lincoln types vary,copper,0.95,zinc,0.05,none,0.0,color:brown
United States,Nickel,USD,1908,1908,5.0,21.21,1.95,0.0,silver,,copper,0.75,nickel,0.25,none,0.0,color:silver
United States,Dime,USD,1908,1908,2.5,17.91,1.35,0.0,silver,90% silver,silver,0.9,copper,0.09999999999999998,none,0.0,notes:percent
United States,Quarter,USD,1908,1908,6.25,24.26,1.75,0.0,silver,90% silver,silver,0.9,copper,0.09999999999999998,none,0.0,notes:percent
United States,Half Dollar,USD,1908,1908,12.5,30.61,2.15,0.0,silver,90% silver,silver,0.9,copper,0.09999999999999998,none,0.0,notes:percent
United States,Dollar,USD,1908,1908,26.73,38.1,2.4,0.0,silver,90% silver (Morgan/Peace),silver,0.9,copper,0.09999999999999998,none,0.0,notes:percent
United States,Cent,USD,1909,1909,3.11,19.05,1.52,0.0,brown,Wheat/MM/Lincoln types vary,copper,0.95,zinc,0.05,none,0.0,color:brown
United States,Nickel,USD,1909,1909,5.0,21.21,1.95,0.0,silver,,copper,0.75,nickel,0.25,none,0.0,color:silver
United States,Dime,USD,1909,1909,2.5,17.91,1.35,0.0,silver,90% silver,silver,0.9,copper,0.09999999999999998,none,0.0,notes:percent
United States,Quarter,USD,1909,1909,6.25,24.26,1.75,0.0,silver,90% silver,silver,0.9,copper,0.09999999999999998,none,0.0,notes:percent
United States,Half Dollar,USD,1909,1909,12.5,30.61,2.15,0.0,silver,90% silver,silver,0.9,copper,0.09999999999999998,none,0.0,notes:percent
United States,Dollar,USD,1909,1909,26.73,38.1,2.4,0.0,silver,90% silver (Morgan/Peace),silver,0.9,copper,0.09999999999999998,none,0.0,notes:percent
United States,Cent,USD,1910,1910,3.11,19.05,1.52,0.0,brown,Wheat/MM/Lincoln types vary,copper,0.95,zinc,0.05,none,0.0,color:brown
United States,Nickel,USD,1910,1910,5.0,21.21,1.95,0.0,silver,,copper,0.75,nickel,0.25,none,0.0,color:silver
United States,Dime,USD,1910,1910,2.5,17.91,1.35,0.0,silver,90% silver,silver,0.9,copper,0.09999999999999998,none,0.0,notes:percent
United States,Quarter,USD,1910,1910,6.25,24.26,1.75,0.0,silver,90% silver,silver,0.9,copper,0.09999999999999998,none,0.0,notes:percent
United States,Half Dollar,USD,1910,1910,12.5,30.61,2.15,0.0,silver,90% silver,silver,0.9,copper,0.09999999999999998,none,0.0,notes:percent
United States,Dollar,USD,1910,1910,26.73,38.1,2.4,0.0,silver,90% silver (Morgan/Peace),silver,0.9,copper,0.09999999999999998,none,0.0,notes:percent
United States,Cent,USD,1911,1911,3.11,19.05,1.52,0.0,brown,Wheat/MM/Lincoln types vary,copper,0.95,zinc,0.05,none,0.0,color:brown
United States,Nickel,USD,1911,1911,5.0,21.21,1.95,0.0,silver,,copper,0.75,nickel,0.25,none,0.0,color:silver
United States,Dime,USD,1911,1911,2.5,17.91,1.35,0.0,silver,90% silver,silver,0.9,copper,0.09999999999999998,none,0.0,notes:percent
United States,Quarter,USD,1911,1911,6.25,24.26,1.75,0.0,silver,90% silver,silver,0.9,copper,0.09999999999999998,none,0.0,notes:percent
United States,Half Dollar,USD,1911,1911,12.5,30.61,2.15,0.0,silver,90% silver,silver,0.9,copper,0.09999999999999998,none,0.0,notes:percent
United States,Dollar,USD,1911,1911,26.73,38.1,2.4,0.0,silver,90% silver (Morgan/Peace),silver,0.9,copper,0.09999999999999998,none,0.0,notes:percent
United States,Cent,USD,1912,1912,3.11,19.05,1.52,0.0,brown,Wheat/MM/Lincoln types vary,copper,0.95,zinc,0.05,none,0.0,color:brown
United States,Nickel,USD,1912,1912,5.0,21.21,1.95,0.0,silver,,copper,0.75,nickel,0.25,none,0.0,color:silver
United States,Dime,USD,1912,1912,2.5,17.91,1.35,0.0,silver,90% silver,silver,0.9,copper,0.09999999999999998,none,0.0,notes:percent
United States,Quarter,USD,1912,1912,6.25,24.26,1.75,0.0,silver,90% silver,silver,0.9,copper,0.09999999999999998,none,0.0,notes:percent
United States,Half Dollar,USD,1912,1912,12.5,30.61,2.15,0.0,silver,90% silver,silver,0.9,copper,0.09999999999999998,none,0.0,notes:percent
United States,Dollar,USD,1912,1912,26.73,38.1,2.4,0.0,silver,90% silver (Morgan/Peace),silver,0.9,copper,0.09999999999999998,none,0.0,notes:percent
United States,Cent,USD,1913,1913,3.11,19.05,1.52,0.0,brown,Wheat/MM/Lincoln types vary,copper,0.95,zinc,0.05,none,0.0,color:brown
United States,Nickel,USD,1913,1913,5.0,21.21,1.95,0.0,silver,,copper,0.75,nickel,0.25,none,0.0,color:silver
United States,Dime,USD,1913,1913,2.5,17.91,1.35,0.0,silver,90% silver,silver,0.9,copper,0.09999999999999998,none,0.0,notes:percent
United States,Quarter,USD,1913,1913,6.25,24.26,1.75,0.0,silver,90% silver,silver,0.9,copper,0.09999999999999998,none,0.0,notes:percent
United States,Half Dollar,USD,1913,1913,12.5,30.61,2.15,0.0,silver,90% silver,silver,0.9,copper,0.09999999999999998,none,0.0,notes:percent
United States,Dollar,USD,1913,1913,26.73,38.1,2.4,0.0,silver,90% silver (Morgan/Peace),silver,0.9,copper,0.09999999999999998,none,0.0,notes:percent
United States,Cent,USD,1914,1914,3.11,19.05,1.52,0.0,brown,Wheat/MM/Lincoln types vary,copper,0.95,zinc,0.05,none,0.0,color:brown
United States,Nickel,USD,1914,1914,5.0,21.21,1.95,0.0,silver,,copper,0.75,nickel,0.25,none,0.0,color:silver
United States,Dime,USD,1914,1914,2.5,17.91,1.35,0.0,silver,90% silver,silver,0.9,copper,0.09999999999999998,none,0.0,notes:percent
United States,Quarter,USD,1914,1914,6.25,24.26,1.75,0.0,silver,90% silver,silver,0.9,copper,0.09999999999999998,none,0.0,notes:percent
United States,Half Dollar,USD,1914,1914,12.5,30.61,2.15,0.0,silver,90% silver,silver,0.9,copper,0.09999999999999998,none,0.0,notes:percent
United States,Dollar,USD,1914,1914,26.73,38.1,2.4,0.0,silver,90% silver (Morgan/Peace),silver,0.9,copper,0.09999999999999998,none,0.0,notes:percent
United States,Cent,USD,1915,1915,3.11,19.05,1.52,0.0,brown,Wheat/MM/Lincoln types vary,copper,0.95,zinc,0.05,none,0.0,color:brown
United States,Nickel,USD,1915,1915,5.0,21.21,1.95,0.0,silver,,copper,0.75,nickel,0.25,none,0.0,color:silver
United States,Dime,USD,1915,1915,2.5,17.91,1.35,0.0,silver,90% silver,silver,0.9,copper,0.09999999999999998,none,0.0,notes:percent
United States,Quarter,USD,1915,1915,6.25,24.26,1.75,0.0,silver,90% silver,silver,0.9,copper,0.09999999999999998,none,0.0,notes:percent
United States,Half Dollar,USD,1915,1915,12.5,30.61,2.15,0.0,silver,90% silver,silver,0.9,copper,0.09999999999999998,none,0.0,notes:percent
United States,Dollar,USD,1915,1915,26.73,38.1,2.4,0.0,silver,90% silver (Morgan/Peace),silver,0.9,copper,0.09999999999999998,none,0.0,notes:percent
United States,Cent,USD,1916,1916,3.11,19.05,1.52,0.0,brown,Wheat/MM/Lincoln types vary,copper,0.95,zinc,0.05,none,0.0,color:brown
United States,Nickel,USD,1916,1916,5.0,21.21,1.95,0.0,silver,,copper,0.75,nickel,0.25,none,0.0,color:silver
United States,Dime,USD,1916,1916,2.5,17.91,1.35,0.0,silver,90% silver,silver,0.9,copper,0.09999999999999998,none,0.0,notes:percent
United States,Quarter,USD,1916,1916,6.25,24.26,1.75,0.0,silver,90% silver,silver,0.9,copper,0.09999999999999998,none,0.0,notes:percent
United States,Half Dollar,USD,1916,1916,12.5,30.61,2.15,0.0,silver,90% silver,silver,0.9,copper,0.09999999999999998,none,0.0,notes:percent
United States,Dollar,USD,1916,1916,26.73,38.1,2.4,0.0,silver,90% silver (Morgan/Peace),silver,0.9,copper,0.09999999999999998,none,0.0,notes:percent
United States,Cent,USD,1917,1917,3.11,19.05,1.52,0.0,brown,Wheat/MM/Lincoln types vary,copper,0.95,zinc,0.05,none,0.0,color:brown
United States,Nickel,USD,1917,1917,5.0,21.21,1.95,0.0,silver,,copper,0.75,nickel,0.25,none,0.0,color:silver
United States,Dime,USD,1917,1917,2.5,17.91,1.35,0.0,silver,90% silver,silver,0.9,copper,0.09999999999999998,none,0.0,notes:percent
United States,Quarter,USD,1917,1917,6.25,24.26,1.75,0.0,silver,90% silver,silver,0.9,copper,0.09999999999999998,none,0.0,notes:percent
United States,Half Dollar,USD,1917,1917,12.5,30.61,2.15,0.0,silver,90% silver,silver,0.9,copper,0.09999999999999998,none,0.0,notes:percent
United States,Dollar,USD,1917,1917,26.73,38.1,2.4,0.0,silver,90% silver (Morgan/Peace),silver,0.9,copper,0.09999999999999998,none,0.0,notes:percent
United States,Cent,USD,1918,1918,3.11,19.05,1.52,0.0,brown,Wheat/MM/Lincoln types vary,copper,0.95,zinc,0.05,none,0.0,color:brown
United States,Nickel,USD,1918,1918,5.0,21.21,1.95,0.0,silver,,copper,0.75,nickel,0.25,none,0.0,color:silver
United States,Dime,USD,1918,1918,2.5,17.91,1.35,0.0,silver,90% silver,silver,0.9,copper,0.09999999999999998,none,0.0,notes:percent
United States,Quarter,USD,1918,1918,6.25,24.26,1.75,0.0,silver,90% silver,silver,0.9,copper,0.09999999999999998,none,0.0,notes:percent
United States,Half Dollar,USD,1918,1918,12.5,30.61,2.15,0.0,silver,90% silver,silver,0.9,copper,0.09999999999999998,none,0.0,notes:percent
United States,Dollar,USD,1918,1918,26.73,38.1,2.4,0.0,silver,90% silver (Morgan/Peace),silver,0.9,copper,0.09999999999999998,none,0.0,notes:percent
United States,Cent,USD,1919,1919,3.11,19.05,1.52,0.0,brown,Wheat/MM/Lincoln types vary,copper,0.95,zinc,0.05,none,0.0,color:brown
United States,Nickel,USD,1919,1919,5.0,21.21,1.95,0.0,silver,,copper,0.75,nickel,0.25,none,0.0,color:silver
United States,Dime,USD,1919,1919,2.5,17.91,1.35,0.0,silver,90% silver,silver,0.9,copper,0.09999999999999998,none,0.0,notes:percent
United States,Quarter,USD,1919,1919,6.25,24.26,1.75,0.0,silver,90% silver,silver,0.9,copper,0.09999999999999998,none,0.0,notes:percent
United States,Half Dollar,USD,1919,1919,12.5,30.61,2.15,0.0,silver,90% silver,silver,0.9,copper,0.09999999999999998,none,0.0,notes:percent
United States,Dollar,USD,1919,1919,26.73,38.1,2.4,0.0,silver,90% silver (Morgan/Peace),silver,0.9,copper,0.09999999999999998,none,0.0,notes:percent
United States,Cent,USD,1920,1920,3.11,19.05,1.52,0.0,brown,Wheat/MM/Lincoln types vary,copper,0.95,zinc,0.05,none,0.0,color:brown
United States,Nickel,USD,1920,1920,5.0,21.21,1.95,0.0,silver,,copper,0.75,nickel,0.25,none,0.0,color:silver
United States,Dime,USD,1920,1920,2.5,17.91,1.35,0.0,silver,90% silver,silver,0.9,copper,0.09999999999999998,none,0.0,notes:percent
United States,Quarter,USD,1920,1920,6.25,24.26,1.75,0.0,silver,90% silver,silver,0.9,copper,0.09999999999999998,none,0.0,notes:percent
United States,Half Dollar,USD,1920,1920,12.5,30.61,2.15,0.0,silver,90% silver,silver,0.9,copper,0.09999999999999998,none,0.0,notes:percent
United States,Dollar,USD,1920,1920,26.73,38.1,2.4,0.0,silver,90% silver (Morgan/Peace),silver,0.9,copper,0.09999999999999998,none,0.0,notes:percent
United States,Cent,USD,1921,1921,3.11,19.05,1.52,0.0,brown,Wheat/MM/Lincoln types vary,copper,0.95,zinc,0.05,none,0.0,color:brown
United States,Nickel,USD,1921,1921,5.0,21.21,1.95,0.0,silver,,copper,0.75,nickel,0.25,none,0.0,color:silver
United States,Dime,USD,1921,1921,2.5,17.91,1.35,0.0,silver,90% silver,silver,0.9,copper,0.09999999999999998,none,0.0,notes:percent
United States,Quarter,USD,1921,1921,6.25,24.26,1.75,0.0,silver,90% silver,silver,0.9,copper,0.09999999999999998,none,0.0,notes:percent
United States,Half Dollar,USD,1921,1921,12.5,30.61,2.15,0.0,silver,90% silver,silver,0.9,copper,0.09999999999999998,none,0.0,notes:percent
United States,Dollar,USD,1921,1921,26.73,38.1,2.4,0.0,silver,90% silver (Morgan/Peace),silver,0.9,copper,0.09999999999999998,none,0.0,notes:percent
United States,Cent,USD,1922,1922,3.11,19.05,1.52,0.0,brown,Wheat/MM/Lincoln types vary,copper,0.95,zinc,0.05,none,0.0,color:brown
United States,Nickel,USD,1922,1922,5.0,21.21,1.95,0.0,silver,,copper,0.75,nickel,0.25,none,0.0,color:silver
United States,Dime,USD,1922,1922,2.5,17.91,1.35,0.0,silver,90% silver,silver,0.9,copper,0.09999999999999998,none,0.0,notes:percent
United States,Quarter,USD,1922,1922,6.25,24.26,1.75,0.0,silver,90% silver,silver,0.9,copper,0.09999999999999998,none,0.0,notes:percent
United States,Half Dollar,USD,1922,1922,12.5,30.61,2.15,0.0,silver,90% silver,silver,0.9,copper,0.09999999999999998,none,0.0,notes:percent
United States,Dollar,USD,1922,1922,26.73,38.1,2.4,0.0,silver,90% silver (Morgan/Peace),silver,0.9,copper,0.09999999999999998,none,0.0,notes:percent
United States,Cent,USD,1923,1923,3.11,19.05,1.52,0.0,brown,Wheat/MM/Lincoln types vary,copper,0.95,zinc,0.05,none,0.0,color:brown
United States,Nickel,USD,1923,1923,5.0,21.21,1.95,0.0,silver,,copper,0.75,nickel,0.25,none,0.0,color:silver
United States,Dime,USD,1923,1923,2.5,17.91,1.35,0.0,silver,90% silver,silver,0.9,copper,0.09999999999999998,none,0.0,notes:percent
United States,Quarter,USD,1923,1923,6.25,24.26,1.75,0.0,silver,90% silver,silver,0.9,copper,0.09999999999999998,none,0.0,notes:percent
United States,Half Dollar,USD,1923,1923,12.5,30.61,2.15,0.0,silver,90% silver,silver,0.9,copper,0.09999999999999998,none,0.0,notes:percent
United States,Dollar,USD,1923,1923,26.73,38.1,2.4,0.0,silver,90% silver (Morgan/Peace),silver,0.9,copper,0.09999999999999998,none,0.0,notes:percent
United States,Cent,USD,1924,1924,3.11,19.05,1.52,0.0,brown,Wheat/MM/Lincoln types vary,copper,0.95,zinc,0.05,none,0.0,color:brown
United States,Nickel,USD,1924,1924,5.0,21.21,1.95,0.0,silver,,copper,0.75,nickel,0.25,none,0.0,color:silver
United States,Dime,USD,1924,1924,2.5,17.91,1.35,0.0,silver,90% silver,silver,0.9,copper,0.09999999999999998,none,0.0,notes:percent
United States,Quarter,USD,1924,1924,6.25,24.26,1.75,0.0,silver,90% silver,silver,0.9,copper,0.09999999999999998,none,0.0,notes:percent
United States,Half Dollar,USD,1924,1924,12.5,30.61,2.15,0.0,silver,90% silver,silver,0.9,copper,0.09999999999999998,none,0.0,notes:percent
United States,Dollar,USD,1924,1924,26.73,38.1,2.4,0.0,silver,90% silver (Morgan/Peace),silver,0.9,copper,0.09999999999999998,none,0.0,notes:percent
United States,Cent,USD,1925,1925,3.11,19.05,1.52,0.0,brown,Wheat/MM/Lincoln types vary,copper,0.95,zinc,0.05,none,0.0,color:brown
United States,Nickel,USD,1925,1925,5.0,21.21,1.95,0.0,silver,,copper,0.75,nickel,0.25,none,0.0,color:silver
United States,Dime,USD,1925,1925,2.5,17.91,1.35,0.0,silver,90% silver,silver,0.9,copper,0.09999999999999998,none,0.0,notes:percent
United States,Quarter,USD,1925,1925,6.25,24.26,1.75,0.0,silver,90% silver,silver,0.9,copper,0.09999999999999998,none,0.0,notes:percent
United States,Half Dollar,USD,1925,1925,12.5,30.61,2.15,0.0,silver,90% silver,silver,0.9,copper,0.09999999999999998,none,0.0,notes:percent
United States,Dollar,USD,1925,1925,26.73,38.1,2.4,0.0,silver,90% silver (Morgan/Peace),silver,0.9,copper,0.09999999999999998,none,0.0,notes:percent
United States,Cent,USD,1926,1926,3.11,19.05,1.52,0.0,brown,Wheat/MM/Lincoln types vary,copper,0.95,zinc,0.05,none,0.0,color:brown
United States,Nickel,USD,1926,1926,5.0,21.21,1.95,0.0,silver,,copper,0.75,nickel,0.25,none,0.0,color:silver
United States,Dime,USD,1926,1926,2.5,17.91,1.35,0.0,silver,90% silver,silver,0.9,copper,0.09999999999999998,none,0.0,notes:percent
United States,Quarter,USD,1926,1926,6.25,24.26,1.75,0.0,silver,90% silver,silver,0.9,copper,0.09999999999999998,none,0.0,notes:percent
United States,Half Dollar,USD,1926,1926,12.5,30.61,2.15,0.0,silver,90% silver,silver,0.9,copper,0.09999999999999998,none,0.0,notes:percent
United States,Dollar,USD,1926,1926,26.73,38.1,2.4,0.0,silver,90% silver (Morgan/Peace),silver,0.9,copper,0.09999999999999998,none,0.0,notes:percent
United States,Cent,USD,1927,1927,3.11,19.05,1.52,0.0,brown,Wheat/MM/Lincoln types vary,copper,0.95,zinc,0.05,none,0.0,color:brown
United States,Nickel,USD,1927,1927,5.0,21.21,1.95,0.0,silver,,copper,0.75,nickel,0.25,none,0.0,color:silver
United States,Dime,USD,1927,1927,2.5,17.91,1.35,0.0,silver,90% silver,silver,0.9,copper,0.09999999999999998,none,0.0,notes:percent
United States,Quarter,USD,1927,1927,6.25,24.26,1.75,0.0,silver,90% silver,silver,0.9,copper,0.09999999999999998,none,0.0,notes:percent
United States,Half Dollar,USD,1927,1927,12.5,30.61,2.15,0.0,silver,90% silver,silver,0.9,copper,0.09999999999999998,none,0.0,notes:percent
United States,Dollar,USD,1927,1927,26.73,38.1,2.4,0.0,silver,90% silver (Morgan/Peace),silver,0.9,copper,0.09999999999999998,none,0.0,notes:percent
United States,Cent,USD,1928,1928,3.11,19.05,1.52,0.0,brown,Wheat/MM/Lincoln types vary,copper,0.95,zinc,0.05,none,0.0,color:brown
United States,Nickel,USD,1928,1928,5.0,21.21,1.95,0.0,silver,,copper,0.75,nickel,0.25,none,0.0,color:silver
United States,Dime,USD,1928,1928,2.5,17.91,1.35,0.0,silver,90% silver,silver,0.9,copper,0.09999999999999998,none,0.0,notes:percent
United States,Quarter,USD,1928,1928,6.25,24.26,1.75,0.0,silver,90% silver,silver,0.9,copper,0.09999999999999998,none,0.0,notes:percent
United States,Half Dollar,USD,1928,1928,12.5,30.61,2.15,0.0,silver,90% silver,silver,0.9,copper,0.09999999999999998,none,0.0,notes:percent
United States,Dollar,USD,1928,1928,26.73,38.1,2.4,0.0,silver,90% silver (Morgan/Peace),silver,0.9,copper,0.09999999999999998,none,0.0,notes:percent
United States,Cent,USD,1929,1929,3.11,19.05,1.52,0.0,brown,Wheat/MM/Lincoln types vary,copper,0.95,zinc,0.05,none,0.0,color:brown
United States,Nickel,USD,1929,1929,5.0,21.21,1.95,0.0,silver,,copper,0.75,nickel,0.25,none,0.0,color:silver
United States,Dime,USD,1929,1929,2.5,17.91,1.35,0.0,silver,90% silver,silver,0.9,copper,0.09999999999999998,none,0.0,notes:percent
United States,Quarter,USD,1929,1929,6.25,24.26,1.75,0.0,silver,90% silver,silver,0.9,copper,0.09999999999999998,none,0.0,notes:percent
United States,Half Dollar,USD,1929,1929,12.5,30.61,2.15,0.0,silver,90% silver,silver,0.9,copper,0.09999999999999998,none,0.0,notes:percent
United States,Dollar,USD,1929,1929,26.73,38.1,2.4,0.0,silver,90% silver (Morgan/Peace),silver,0.9,copper,0.09999999999999998,none,0.0,notes:percent
United States,Cent,USD,1930,1930,3.11,19.05,1.52,0.0,brown,Wheat/MM/Lincoln types vary,copper,0.95,zinc,0.05,none,0.0,color:brown
United States,Nickel,USD,1930,1930,5.0,21.21,1.95,0.0,silver,,copper,0.75,nickel,0.25,none,0.0,color:silver
United States,Dime,USD,1930,1930,2.5,17.91,1.35,0.0,silver,90% silver,silver,0.9,copper,0.09999999999999998,none,0.0,notes:percent
United States,Quarter,USD,1930,1930,6.25,24.26,1.75,0.0,silver,90% silver,silver,0.9,copper,0.09999999999999998,none,0.0,notes:percent
United States,Half Dollar,USD,1930,1930,12.5,30.61,2.15,0.0,silver,90% silver,silver,0.9,copper,0.09999999999999998,none,0.0,notes:percent
United States,Dollar,USD,1930,1930,26.73,38.1,2.4,0.0,silver,90% silver (Morgan/Peace),silver,0.9,copper,0.09999999999999998,none,0.0,notes:percent
United States,Cent,USD,1931,1931,3.11,19.05,1.52,0.0,brown,Wheat/MM/Lincoln types vary,copper,0.95,zinc,0.05,none,0.0,color:brown
United States,Nickel,USD,1931,1931,5.0,21.21,1.95,0.0,silver,,copper,0.75,nickel,0.25,none,0.0,color:silver
United States,Dime,USD,1931,1931,2.5,17.91,1.35,0.0,silver,90% silver,silver,0.9,copper,0.09999999999999998,none,0.0,notes:percent
United States,Quarter,USD,1931,1931,6.25,24.26,1.75,0.0,silver,90% silver,silver,0.9,copper,0.09999999999999998,none,0.0,notes:percent
United States,Half Dollar,USD,1931,1931,12.5,30.61,2.15,0.0,silver,90% silver,silver,0.9,copper,0.09999999999999998,none,0.0,notes:percent
United States,Dollar,USD,1931,1931,26.73,38.1,2.4,0.0,silver,90% silver (Morgan/Peace),silver,0.9,copper,0.09999999999999998,none,0.0,notes:percent
United States,Cent,USD,1932,1932,3.11,19.05,1.52,0.0,brown,Wheat/MM/Lincoln types vary,copper,0.95,zinc,0.05,none,0.0,color:brown
United States,Nickel,USD,1932,1932,5.0,21.21,1.95,0.0,silver,,copper,0.75,nickel,0.25,none,0.0,color:silver
United States,Dime,USD,1932,1932,2.5,17.91,1.35,0.0,silver,90% silver,silver,0.9,copper,0.09999999999999998,none,0.0,notes:percent
United States,Quarter,USD,1932,1932,6.25,24.26,1.75,0.0,silver,90% silver,silver,0.9,copper,0.09999999999999998,none,0.0,notes:percent
United States,Half Dollar,USD,1932,1932,12.5,30.61,2.15,0.0,silver,90% silver,silver,0.9,copper,0.09999999999999998,none,0.0,notes:percent
United States,Dollar,USD,1932,1932,26.73,38.1,2.4,0.0,silver,90% silver (Morgan/Peace),silver,0.9,copper,0.09999999999999998,none,0.0,notes:percent
United States,Cent,USD,1933,1933,3.11,19.05,1.52,0.0,brown,Wheat/MM/Lincoln types vary,copper,0.95,zinc,0.05,none,0.0,color:brown
United States,Nickel,USD,1933,1933,5.0,21.21,1.95,0.0,silver,,copper,0.75,nickel,0.25,none,0.0,color:silver
United States,Dime,USD,1933,1933,2.5,17.91,1.35,0.0,silver,90% silver,silver,0.9,copper,0.09999999999999998,none,0.0,notes:percent
United States,Quarter,USD,1933,1933,6.25,24.26,1.75,0.0,silver,90% silver,silver,0.9,copper,0.09999999999999998,none,0.0,notes:percent
United States,Half Dollar,USD,1933,1933,12.5,30.61,2.15,0.0,silver,90% silver,silver,0.9,copper,0.09999999999999998,none,0.0,notes:percent
United States,Dollar,USD,1933,1933,26.73,38.1,2.4,0.0,silver,90% silver (Morgan/Peace),silver,0.9,copper,0.09999999999999998,none,0.0,notes:percent
United States,Cent,USD,1934,1934,3.11,19.05,1.52,0.0,brown,Wheat/MM/Lincoln types vary,copper,0.95,zinc,0.05,none,0.0,color:brown
United States,Nickel,USD,1934,1934,5.0,21.21,1.95,0.0,silver,,copper,0.75,nickel,0.25,none,0.0,color:silver
United States,Dime,USD,1934,1934,2.5,17.91,1.35,0.0,silver,90% silver,silver,0.9,copper,0.09999999999999998,none,0.0,notes:percent
United States,Quarter,USD,1934,1934,6.25,24.26,1.75,0.0,silver,90% silver,silver,0.9,copper,0.09999999999999998,none,0.0,notes:percent
United States,Half Dollar,USD,1934,1934,12.5,30.61,2.15,0.0,silver,90% silver,silver,0.9,copper,0.09999999999999998,none,0.0,notes:percent
United States,Dollar,USD,1934,1934,26.73,38.1,2.4,0.0,silver,90% silver (Morgan/Peace),silver,0.9,copper,0.09999999999999998,none,0.0,notes:percent
United States,Cent,USD,1935,1935,3.11,19.05,1.52,0.0,brown,Wheat/MM/Lincoln types vary,copper,0.95,zinc,0.05,none,0.0,color:brown
United States,Nickel,USD,1935,1935,5.0,21.21,1.95,0.0,silver,,copper,0.75,nickel,0.25,none,0.0,color:silver
United States,Dime,USD,1935,1935,2.5,17.91,1.35,0.0,silver,90% silver,silver,0.9,copper,0.09999999999999998,none,0.0,notes:percent
United States,Quarter,USD,1935,1935,6.25,24.26,1.75,0.0,silver,90% silver,silver,0.9,copper,0.09999999999999998,none,0.0,notes:percent
United States,Half Dollar,USD,1935,1935,12.5,30.61,2.15,0.0,silver,90% silver,silver,0.9,copper,0.09999999999999998,none,0.0,notes:percent
United States,Dollar,USD,1935,1935,26.73,38.1,2.4,0.0,silver,90% silver (Morgan/Peace),silver,0.9,copper,0.09999999999999998,none,0.0,notes:percent
United States,Cent,USD,1936,1936,3.11,19.05,1.52,0.0,brown,Wheat/MM/Lincoln types vary,copper,0.95,zinc,0.05,none,0.0,color:brown
United States,Nickel,USD,1936,1936,5.0,21.21,1.95,0.0,silver,,copper,0.75,nickel,0.25,none,0.0,color:silver
United States,Dime,USD,1936,1936,2.5,17.91,1.35,0.0,silver,90% silver,silver,0.9,copper,0.09999999999999998,none,0.0,notes:percent
United States,Quarter,USD,1936,1936,6.25,24.26,1.75,0.0,silver,90% silver,silver,0.9,copper,0.09999999999999998,none,0.0,notes:percent
United States,Half Dollar,USD,1936,1936,12.5,30.61,2.15,0.0,silver,90% silver,silver,0.9,copper,0.09999999999999998,none,0.0,notes:percent
United States,Dollar,USD,1936,1936,8.1,26.5,2.0,0.0,gold,Native American $1,copper,0.7,zinc,0.3,none,0.0,color:gold
United States,Cent,USD,1937,1937,3.11,19.05,1.52,0.0,brown,Wheat/MM/Lincoln types vary,copper,0.95,zinc,0.05,none,0.0,color:brown
United States,Nickel,USD,1937,1937,5.0,21.21,1.95,0.0,silver,,copper,0.75,nickel,0.25,none,0.0,color:silver
United States,Dime,USD,1937,1937,2.5,17.91,1.35,0.0,silver,90% silver,silver,0.9,copper,0.09999999999999998,none,0.0,notes:percent
United States,Quarter,USD,1937,1937,6.25,24.26,1.75,0.0,silver,90% silver,silver,0.9,copper,0.09999999999999998,none,0.0,notes:percent
United States,Half Dollar,USD,1937,1937,12.5,30.61,2.15,0.0,silver,90% silver,silver,0.9,copper,0.09999999999999998,none,0.0,notes:percent
United States,Dollar,USD,1937,1937,8.1,26.5,2.0,0.0,gold,Native American $1,copper,0.7,zinc,0.3,none,0.0,color:gold
United States,Cent,USD,1938,1938,3.11,19.05,1.52,0.0,brown,Wheat/MM/Lincoln types vary,copper,0.95,zinc,0.05,none,0.0,color:brown
United States,Nickel,USD,1938,1938,5.0,21.21,1.95,0.0,silver,,copper,0.75,nickel,0.25,none,0.0,color:silver
United States,Dime,USD,1938,1938,2.5,17.91,1.35,0.0,silver,90% silver,silver,0.9,copper,0.09999999999999998,none,0.0,notes:percent
United States,Quarter,USD,1938,1938,6.25,24.26,1.75,0.0,silver,90% silver,silver,0.9,copper,0.09999999999999998,none,0.0,notes:percent
United States,Half Dollar,USD,1938,1938,12.5,30.61,2.15,0.0,silver,90% silver,silver,0.9,copper,0.09999999999999998,none,0.0,notes:percent
United States,Dollar,USD,1938,1938,8.1,26.5,2.0,0.0,gold,Native American $1,copper,0.7,zinc,0.3,none,0.0,color:gold
United States,Cent,USD,1939,1939,3.11,19.05,1.52,0.0,brown,Wheat/MM/Lincoln types vary,copper,0.95,zinc,0.05,none,0.0,color:brown
United States,Nickel,USD,1939,1939,5.0,21.21,1.95,0.0,silver,,copper,0.75,nickel,0.25,none,0.0,color:silver
United States,Dime,USD,1939,1939,2.5,17.91,1.35,0.0,silver,90% silver,silver,0.9,copper,0.09999999999999998,none,0.0,notes:percent
United States,Quarter,USD,1939,1939,6.25,24.26,1.75,0.0,silver,90% silver,silver,0.9,copper,0.09999999999999998,none,0.0,notes:percent
United States,Half Dollar,USD,1939,1939,12.5,30.61,2.15,0.0,silver,90% silver,silver,0.9,copper,0.09999999999999998,none,0.0,notes:percent
United States,Dollar,USD,1939,1939,8.1,26.5,2.0,0.0,gold,Native American $1,copper,0.7,zinc,0.3,none,0.0,color:gold
United States,Cent,USD,1940,1940,3.11,19.05,1.52,0.0,brown,Wheat/MM/Lincoln types vary,copper,0.95,zinc,0.05,none,0.0,color:brown
United States,Nickel,USD,1940,1940,5.0,21.21,1.95,0.0,silver,,copper,0.75,nickel,0.25,none,0.0,color:silver
United States,Dime,USD,1940,1940,2.5,17.91,1.35,0.0,silver,90% silver,silver,0.9,copper,0.09999999999999998,none,0.0,notes:percent
United States,Quarter,USD,1940,1940,6.25,24.26,1.75,0.0,silver,90% silver,silver,0.9,copper,0.09999999999999998,none,0.0,notes:percent
United States,Half Dollar,USD,1940,1940,12.5,30.61,2.15,0.0,silver,90% silver,silver,0.9,copper,0.09999999999999998,none,0.0,notes:percent
United States,Dollar,USD,1940,1940,8.1,26.5,2.0,0.0,gold,Native American $1,copper,0.7,zinc,0.3,none,0.0,color:gold
United States,Cent,USD,1941,1941,3.11,19.05,1.52,0.0,brown,Wheat/MM/Lincoln types vary,copper,0.95,zinc,0.05,none,0.0,color:brown
United States,Nickel,USD,1941,1941,5.0,21.21,1.95,0.0,silver,,copper,0.75,nickel,0.25,none,0.0,color:silver
United States,Dime,USD,1941,1941,2.5,17.91,1.35,0.0,silver,90% silver,silver,0.9,copper,0.09999999999999998,none,0.0,notes:percent
United States,Quarter,USD,1941,1941,6.25,24.26,1.75,0.0,silver,90% silver,silver,0.9,copper,0.09999999999999998,none,0.0,notes:percent
United States,Half Dollar,USD,1941,1941,12.5,30.61,2.15,0.0,silver,90% silver,silver,0.9,copper,0.09999999999999998,none,0.0,notes:percent
United States,Dollar,USD,1941,1941,8.1,26.5,2.0,0.0,gold,Native American $1,copper,0.7,zinc,0.3,none,0.0,color:gold
United States,Cent,USD,1942,1942,3.11,19.05,1.52,0.0,brown,Wheat/MM/Lincoln types vary,copper,0.95,zinc,0.05,none,0.0,color:brown
United States,Nickel,USD,1942,1942,5.0,21.21,1.95,0.0,silver,,copper,0.75,nickel,0.25,none,0.0,color:silver
United States,Dime,USD,1942,1942,2.5,17.91,1.35,0.0,silver,90% silver,silver,0.9,copper,0.09999999999999998,none,0.0,notes:percent
United States,Quarter,USD,1942,1942,6.25,24.26,1.75,0.0,silver,90% silver,silver,0.9,copper,0.09999999999999998,none,0.0,notes:percent
United States,Half Dollar,USD,1942,1942,12.5,30.61,2.15,0.0,silver,90% silver,silver,0.9,copper,0.09999999999999998,none,0.0,notes:percent
United States,Dollar,USD,1942,1942,8.1,26.5,2.0,0.0,gold,Native American $1,copper,0.7,zinc,0.3,none,0.0,color:gold
United States,Cent,USD,1943,1943,3.11,19.05,1.52,0.0,brown,Wheat/MM/Lincoln types vary,copper,0.95,zinc,0.05,none,0.0,color:brown
United States,Nickel,USD,1943,1943,5.0,21.21,1.95,0.0,silver,,copper,0.75,nickel,0.25,none,0.0,color:silver
United States,Dime,USD,1943,1943,2.5,17.91,1.35,0.0,silver,90% silver,silver,0.9,copper,0.09999999999999998,none,0.0,notes:percent
United States,Quarter,USD,1943,1943,6.25,24.26,1.75,0.0,silver,90% silver,silver,0.9,copper,0.09999999999999998,none,0.0,notes:percent
United States,Half Dollar,USD,1943,1943,12.5,30.61,2.15,0.0,silver,90% silver,silver,0.9,copper,0.09999999999999998,none,0.0,notes:percent
United States,Dollar,USD,1943,1943,8.1,26.5,2.0,0.0,gold,Native American $1,copper,0.7,zinc,0.3,none,0.0,color:gold
United States,Cent,USD,1944,1944,3.11,19.05,1.52,0.0,brown,Wheat/MM/Lincoln types vary,copper,0.95,zinc,0.05,none,0.0,color:brown
United States,Nickel,USD,1944,1944,5.0,21.21,1.95,0.0,silver,,copper,0.75,nickel,0.25,none,0.0,color:silver
United States,Dime,USD,1944,1944,2.5,17.91,1.35,0.0,silver,90% silver,silver,0.9,copper,0.09999999999999998,none,0.0,notes:percent
United States,Quarter,USD,1944,1944,6.25,24.26,1.75,0.0,silver,90% silver,silver,0.9,copper,0.09999999999999998,none,0.0,notes:percent
United States,Half Dollar,USD,1944,1944,12.5,30.61,2.15,0.0,silver,90% silver,silver,0.9,copper,0.09999999999999998,none,0.0,notes:percent
United States,Dollar,USD,1944,1944,8.1,26.5,2.0,0.0,gold,Native American $1,copper,0.7,zinc,0.3,none,0.0,color:gold
United States,Cent,USD,1945,1945,3.11,19.05,1.52,0.0,brown,Wheat/MM/Lincoln types vary,copper,0.95,zinc,0.05,none,0.0,color:brown
United States,Nickel,USD,1945,1945,5.0,21.21,1.95,0.0,silver,,copper,0.75,nickel,0.25,none,0.0,color:silver
United States,Dime,USD,1945,1945,2.5,17.91,1.35,0.0,silver,90% silver,silver,0.9,copper,0.09999999999999998,none,0.0,notes:percent
United States,Quarter,USD,1945,1945,6.25,24.26,1.75,0.0,silver,90% silver,silver,0.9,copper,0.09999999999999998,none,0.0,notes:percent
United States,Half Dollar,USD,1945,1945,12.5,30.61,2.15,0.0,silver,90% silver,silver,0.9,copper,0.09999999999999998,none,0.0,notes:percent
United States,Dollar,USD,1945,1945,8.1,26.5,2.0,0.0,gold,Native American $1,copper,0.7,zinc,0.3,none,0.0,color:gold
United States,Cent,USD,1946,1946,3.11,19.05,1.52,0.0,brown,Wheat/MM/Lincoln types vary,copper,0.95,zinc,0.05,none,0.0,color:brown
United States,Nickel,USD,1946,1946,5.0,21.21,1.95,0.0,silver,,copper,0.75,nickel,0.25,none,0.0,color:silver
United States,Dime,USD,1946,1946,2.5,17.91,1.35,0.0,silver,90% silver,silver,0.9,copper,0.09999999999999998,none,0.0,notes:percent
United States,Quarter,USD,1946,1946,6.25,24.26,1.75,0.0,silver,90% silver,silver,0.9,copper,0.09999999999999998,none,0.0,notes:percent
United States,Half Dollar,USD,1946,1946,12.5,30.61,2.15,0.0,silver,90% silver,silver,0.9,copper,0.09999999999999998,none,0.0,notes:percent
United States,Dollar,USD,1946,1946,8.1,26.5,2.0,0.0,gold,Native American $1,copper,0.7,zinc,0.3,none,0.0,color:gold
United States,Cent,USD,1947,1947,3.11,19.05,1.52,0.0,brown,Wheat/MM/Lincoln types vary,copper,0.95,zinc,0.05,none,0.0,color:brown
United States,Nickel,USD,1947,1947,5.0,21.21,1.95,0.0,silver,,copper,0.75,nickel,0.25,none,0.0,color:silver
United States,Dime,USD,1947,1947,2.5,17.91,1.35,0.0,silver,90% silver,silver,0.9,copper,0.09999999999999998,none,0.0,notes:percent
United States,Quarter,USD,1947,1947,6.25,24.26,1.75,0.0,silver,90% silver,silver,0.9,copper,0.09999999999999998,none,0.0,notes:percent
United States,Half Dollar,USD,1947,1947,12.5,30.61,2.15,0.0,silver,90% silver,silver,0.9,copper,0.09999999999999998,none,0.0,notes:percent
United States,Dollar,USD,1947,1947,8.1,26.5,2.0,0.0,gold,Native American $1,copper,0.7,zinc,0.3,none,0.0,color:gold
United States,Cent,USD,1948,1948,3.11,19.05,1.52,0.0,brown,Wheat/MM/Lincoln types vary,copper,0.95,zinc,0.05,none,0.0,color:brown
United States,Nickel,USD,1948,1948,5.0,21.21,1.95,0.0,silver,,copper,0.75,nickel,0.25,none,0.0,color:silver
United States,Dime,USD,1948,1948,2.5,17.91,1.35,0.0,silver,90% silver,silver,0.9,copper,0.09999999999999998,none,0.0,notes:percent
United States,Quarter,USD,1948,1948,6.25,24.26,1.75,0.0,silver,90% silver,silver,0.9,copper,0.09999999999999998,none,0.0,notes:percent
United States,Half Dollar,USD,1948,1948,12.5,30.61,2.15,0.0,silver,90% silver,silver,0.9,copper,0.09999999999999998,none,0.0,notes:percent
United States,Dollar,USD,1948,1948,8.1,26.5,2.0,0.0,gold,Native American $1,copper,0.7,zinc,0.3,none,0.0,color:gold
United States,Cent,USD,1949,1949,3.11,19.05,1.52,0.0,brown,Wheat/MM/Lincoln types vary,copper,0.95,zinc,0.05,none,0.0,color:brown
United States,Nickel,USD,1949,1949,5.0,21.21,1.95,0.0,silver,,copper,0.75,nickel,0.25,none,0.0,color:silver
United States,Dime,USD,1949,1949,2.5,17.91,1.35,0.0,silver,90% silver,silver,0.9,copper,0.09999999999999998,none,0.0,notes:percent
United States,Quarter,USD,1949,1949,6.25,24.26,1.75,0.0,silver,90% silver,silver,0.9,copper,0.09999999999999998,none,0.0,notes:percent
United States,Half Dollar,USD,1949,1949,12.5,30.61,2.15,0.0,silver,90% silver,silver,0.9,copper,0.09999999999999998,none,0.0,notes:percent
United States,Dollar,USD,1949,1949,8.1,26.5,2.0,0.0,gold,Native American $1,copper,0.7,zinc,0.3,none,0.0,color:gold
United States,Cent,USD,1950,1950,3.11,19.05,1.52,0.0,brown,Wheat/MM/Lincoln types vary,copper,0.95,zinc,0.05,none,0.0,color:brown
United States,Nickel,USD,1950,1950,5.0,21.21,1.95,0.0,silver,,copper,0.75,nickel,0.25,none,0.0,color:silver
United States,Dime,USD,1950,1950,2.5,17.91,1.35,0.0,silver,90% silver,silver,0.9,copper,0.09999999999999998,none,0.0,notes:percent
United States,Quarter,USD,1950,1950,6.25,24.26,1.75,0.0,silver,90% silver,silver,0.9,copper,0.09999999999999998,none,0.0,notes:percent
United States,Half Dollar,USD,1950,1950,12.5,30.61,2.15,0.0,silver,90% silver,silver,0.9,copper,0.09999999999999998,none,0.0,notes:percent
United States,Dollar,USD,1950,1950,8.1,26.5,2.0,0.0,gold,Native American $1,copper,0.7,zinc,0.3,none,0.0,color:gold
United States,Cent,USD,1951,1951,3.11,19.05,1.52,0.0,brown,Wheat/MM/Lincoln types vary,copper,0.95,zinc,0.05,none,0.0,color:brown
United States,Nickel,USD,1951,1951,5.0,21.21,1.95,0.0,silver,,copper,0.75,nickel,0.25,none,0.0,color:silver
United States,Dime,USD,1951,1951,2.5,17.91,1.35,0.0,silver,90% silver,silver,0.9,copper,0.09999999999999998,none,0.0,notes:percent
United States,Quarter,USD,1951,1951,6.25,24.26,1.75,0.0,silver,90% silver,silver,0.9,copper,0.09999999999999998,none,0.0,notes:percent
United States,Half Dollar,USD,1951,1951,12.5,30.61,2.15,0.0,silver,90% silver,silver,0.9,copper,0.09999999999999998,none,0.0,notes:percent
United States,Dollar,USD,1951,1951,8.1,26.5,2.0,0.0,gold,Native American $1,copper,0.7,zinc,0.3,none,0.0,color:gold
United States,Cent,USD,1952,1952,3.11,19.05,1.52,0.0,brown,Wheat/MM/Lincoln types vary,copper,0.95,zinc,0.05,none,0.0,color:brown
United States,Nickel,USD,1952,1952,5.0,21.21,1.95,0.0,silver,,copper,0.75,nickel,0.25,none,0.0,color:silver
United States,Dime,USD,1952,1952,2.5,17.91,1.35,0.0,silver,90% silver,silver,0.9,copper,0.09999999999999998,none,0.0,notes:percent
United States,Quarter,USD,1952,1952,6.25,24.26,1.75,0.0,silver,90% silver,silver,0.9,copper,0.09999999999999998,none,0.0,notes:percent
United States,Half Dollar,USD,1952,1952,12.5,30.61,2.15,0.0,silver,90% silver,silver,0.9,copper,0.09999999999999998,none,0.0,notes:percent
United States,Dollar,USD,1952,1952,8.1,26.5,2.0,0.0,gold,Native American $1,copper,0.7,zinc,0.3,none,0.0,color:gold
United States,Cent,USD,1953,1953,3.11,19.05,1.52,0.0,brown,Wheat/MM/Lincoln types vary,copper,0.95,zinc,0.05,none,0.0,color:brown
United States,Nickel,USD,1953,1953,5.0,21.21,1.95,0.0,silver,,copper,0.75,nickel,0.25,none,0.0,color:silver
United States,Dime,USD,1953,1953,2.5,17.91,1.35,0.0,silver,90% silver,silver,0.9,copper,0.09999999999999998,none,0.0,notes:percent
United States,Quarter,USD,1953,1953,6.25,24.26,1.75,0.0,silver,90% silver,silver,0.9,copper,0.09999999999999998,none,0.0,notes:percent
United States,Half Dollar,USD,1953,1953,12.5,30.61,2.15,0.0,silver,90% silver,silver,0.9,copper,0.09999999999999998,none,0.0,notes:percent
United States,Dollar,USD,1953,1953,8.1,26.5,2.0,0.0,gold,Native American $1,copper,0.7,zinc,0.3,none,0.0,color:gold
United States,Cent,USD,1954,1954,3.11,19.05,1.52,0.0,brown,Wheat/MM/Lincoln types vary,copper,0.95,zinc,0.05,none,0.0,color:brown
United States,Nickel,USD,1954,1954,5.0,21.21,1.95,0.0,silver,,copper,0.75,nickel,0.25,none,0.0,color:silver
United States,Dime,USD,1954,1954,2.5,17.91,1.35,0.0,silver,90% silver,silver,0.9,copper,0.09999999999999998,none,0.0,notes:percent
United States,Quarter,USD,1954,1954,6.25,24.26,1.75,0.0,silver,90% silver,silver,0.9,copper,0.09999999999999998,none,0.0,notes:percent
United States,Half Dollar,USD,1954,1954,12.5,30.61,2.15,0.0,silver,90% silver,silver,0.9,copper,0.09999999999999998,none,0.0,notes:percent
United States,Dollar,USD,1954,1954,8.1,26.5,2.0,0.0,gold,Native American $1,copper,0.7,zinc,0.3,none,0.0,color:gold
United States,Cent,USD,1955,1955,3.11,19.05,1.52,0.0,brown,Wheat/MM/Lincoln types vary,copper,0.95,zinc,0.05,none,0.0,color:brown
United States,Nickel,USD,1955,1955,5.0,21.21,1.95,0.0,silver,,copper,0.75,nickel,0.25,none,0.0,color:silver
United States,Dime,USD,1955,1955,2.5,17.91,1.35,0.0,silver,90% silver,silver,0.9,copper,0.09999999999999998,none,0.0,notes:percent
United States,Quarter,USD,1955,1955,6.25,24.26,1.75,0.0,silver,90% silver,silver,0.9,copper,0.09999999999999998,none,0.0,notes:percent
United States,Half Dollar,USD,1955,1955,12.5,30.61,2.15,0.0,silver,90% silver,silver,0.9,copper,0.09999999999999998,none,0.0,notes:percent
United States,Dollar,USD,1955,1955,8.1,26.5,2.0,0.0,gold,Native American $1,copper,0.7,zinc,0.3,none,0.0,color:gold
United States,Cent,USD,1956,1956,3.11,19.05,1.52,0.0,brown,Wheat/MM/Lincoln types vary,copper,0.95,zinc,0.05,none,0.0,color:brown
United States,Nickel,USD,1956,1956,5.0,21.21,1.95,0.0,silver,,copper,0.75,nickel,0.25,none,0.0,color:silver
United States,Dime,USD,1956,1956,2.5,17.91,1.35,0.0,silver,90% silver,silver,0.9,copper,0.09999999999999998,none,0.0,notes:percent
United States,Quarter,USD,1956,1956,6.25,24.26,1.75,0.0,silver,90% silver,silver,0.9,copper,0.09999999999999998,none,0.0,notes:percent
United States,Half Dollar,USD,1956,1956,12.5,30.61,2.15,0.0,silver,90% silver,silver,0.9,copper,0.09999999999999998,none,0.0,notes:percent
United States,Dollar,USD,1956,1956,8.1,26.5,2.0,0.0,gold,Native American $1,copper,0.7,zinc,0.3,none,0.0,color:gold
United States,Cent,USD,1957,1957,3.11,19.05,1.52,0.0,brown,Wheat/MM/Lincoln types vary,copper,0.95,zinc,0.05,none,0.0,color:brown
United States,Nickel,USD,1957,1957,5.0,21.21,1.95,0.0,silver,,copper,0.75,nickel,0.25,none,0.0,color:silver
United States,Dime,USD,1957,1957,2.5,17.91,1.35,0.0,silver,90% silver,silver,0.9,copper,0.09999999999999998,none,0.0,notes:percent
United States,Quarter,USD,1957,1957,6.25,24.26,1.75,0.0,silver,90% silver,silver,0.9,copper,0.09999999999999998,none,0.0,notes:percent
United States,Half Dollar,USD,1957,1957,12.5,30.61,2.15,0.0,silver,90% silver,silver,0.9,copper,0.09999999999999998,none,0.0,notes:percent
United States,Dollar,USD,1957,1957,8.1,26.5,2.0,0.0,gold,Native American $1,copper,0.7,zinc,0.3,none,0.0,color:gold
United States,Cent,USD,1958,1958,3.11,19.05,1.52,0.0,brown,Wheat/MM/Lincoln types vary,copper,0.95,zinc,0.05,none,0.0,color:brown
United States,Nickel,USD,1958,1958,5.0,21.21,1.95,0.0,silver,,copper,0.75,nickel,0.25,none,0.0,color:silver
United States,Dime,USD,1958,1958,2.5,17.91,1.35,0.0,silver,90% silver,silver,0.9,copper,0.09999999999999998,none,0.0,notes:percent
United States,Quarter,USD,1958,1958,6.25,24.26,1.75,0.0,silver,90% silver,silver,0.9,copper,0.09999999999999998,none,0.0,notes:percent
United States,Half Dollar,USD,1958,1958,12.5,30.61,2.15,0.0,silver,90% silver,silver,0.9,copper,0.09999999999999998,none,0.0,notes:percent
United States,Dollar,USD,1958,1958,8.1,26.5,2.0,0.0,gold,Native American $1,copper,0.7,zinc,0.3,none,0.0,color:gold
United States,Cent,USD,1959,1959,3.11,19.05,1.52,0.0,brown,Wheat/MM/Lincoln types vary,copper,0.95,zinc,0.05,none,0.0,color:brown
United States,Nickel,USD,1959,1959,5.0,21.21,1.95,0.0,silver,,copper,0.75,nickel,0.25,none,0.0,color:silver
United States,Dime,USD,1959,1959,2.5,17.91,1.35,0.0,silver,90% silver,silver,0.9,copper,0.09999999999999998,none,0.0,notes:percent
United States,Quarter,USD,1959,1959,6.25,24.26,1.75,0.0,silver,90% silver,silver,0.9,copper,0.09999999999999998,none,0.0,notes:percent
United States,Half Dollar,USD,1959,1959,12.5,30.61,2.15,0.0,silver,90% silver,silver,0.9,copper,0.09999999999999998,none,0.0,notes:percent
United States,Dollar,USD,1959,1959,8.1,26.5,2.0,0.0,gold,Native American $1,copper,0.7,zinc,0.3,none,0.0,color:gold
United States,Cent,USD,1960,1960,3.11,19.05,1.52,0.0,brown,Wheat/MM/Lincoln types vary,copper,0.95,zinc,0.05,none,0.0,color:brown
United States,Nickel,USD,1960,1960,5.0,21.21,1.95,0.0,silver,,copper,0.75,nickel,0.25,none,0.0,color:silver
United States,Dime,USD,1960,1960,2.5,17.91,1.35,0.0,silver,90% silver,silver,0.9,copper,0.09999999999999998,none,0.0,notes:percent
United States,Quarter,USD,1960,1960,6.25,24.26,1.75,0.0,silver,90% silver,silver,0.9,copper,0.09999999999999998,none,0.0,notes:percent
United States,Half Dollar,USD,1960,1960,12.5,30.61,2.15,0.0,silver,90% silver,silver,0.9,copper,0.09999999999999998,none,0.0,notes:percent
United States,Dollar,USD,1960,1960,8.1,26.5,2.0,0.0,gold,Native American $1,copper,0.7,zinc,0.3,none,0.0,color:gold
United States,Cent,USD,1961,1961,3.11,19.05,1.52,0.0,brown,Wheat/MM/Lincoln types vary,copper,0.95,zinc,0.05,none,0.0,color:brown
United States,Nickel,USD,1961,1961,5.0,21.21,1.95,0.0,silver,,copper,0.75,nickel,0.25,none,0.0,color:silver
United States,Dime,USD,1961,1961,2.5,17.91,1.35,0.0,silver,90% silver,silver,0.9,copper,0.09999999999999998,none,0.0,notes:percent
United States,Quarter,USD,1961,1961,6.25,24.26,1.75,0.0,silver,90% silver,silver,0.9,copper,0.09999999999999998,none,0.0,notes:percent
United States,Half Dollar,USD,1961,1961,12.5,30.61,2.15,0.0,silver,90% silver,silver,0.9,copper,0.09999999999999998,none,0.0,notes:percent
United States,Dollar,USD,1961,1961,8.1,26.5,2.0,0.0,gold,Native American $1,copper,0.7,zinc,0.3,none,0.0,color:gold
United States,Cent,USD,1962,1962,3.11,19.05,1.52,0.0,brown,Wheat/MM/Lincoln types vary,copper,0.95,zinc,0.05,none,0.0,color:brown
United States,Nickel,USD,1962,1962,5.0,21.21,1.95,0.0,silver,,copper,0.75,nickel,0.25,none,0.0,color:silver
United States,Dime,USD,1962,1962,2.5,17.91,1.35,0.0,silver,90% silver,silver,0.9,copper,0.09999999999999998,none,0.0,notes:percent
United States,Quarter,USD,1962,1962,6.25,24.26,1.75,0.0,silver,90% silver,silver,0.9,copper,0.09999999999999998,none,0.0,notes:percent
United States,Half Dollar,USD,1962,1962,12.5,30.61,2.15,0.0,silver,90% silver,silver,0.9,copper,0.09999999999999998,none,0.0,notes:percent
United States,Dollar,USD,1962,1962,8.1,26.5,2.0,0.0,gold,Native American $1,copper,0.7,zinc,0.3,none,0.0,color:gold
United States,Cent,USD,1963,1963,3.11,19.05,1.52,0.0,brown,Wheat/MM/Lincoln types vary,copper,0.95,zinc,0.05,none,0.0,color:brown
United States,Nickel,USD,1963,1963,5.0,21.21,1.95,0.0,silver,,copper,0.75,nickel,0.25,none,0.0,color:silver
United States,Dime,USD,1963,1963,2.5,17.91,1.35,0.0,silver,90% silver,silver,0.9,copper,0.09999999999999998,none,0.0,notes:percent
United States,Quarter,USD,1963,1963,6.25,24.26,1.75,0.0,silver,90% silver,silver,0.9,copper,0.09999999999999998,none,0.0,notes:percent
United States,Half Dollar,USD,1963,1963,12.5,30.61,2.15,0.0,silver,90% silver,silver,0.9,copper,0.09999999999999998,none,0.0,notes:percent
United States,Dollar,USD,1963,1963,8.1,26.5,2.0,0.0,gold,Native American $1,copper,0.7,zinc,0.3,none,0.0,color:gold
United States,Cent,USD,1964,1964,3.11,19.05,1.52,0.0,brown,Wheat/MM/Lincoln types vary,copper,0.95,zinc,0.05,none,0.0,color:brown
United States,Nickel,USD,1964,1964,5.0,21.21,1.95,0.0,silver,,copper,0.75,nickel,0.25,none,0.0,color:silver
United States,Dime,USD,1964,1964,2.5,17.91,1.35,0.0,silver,90% silver,silver,0.9,copper,0.09999999999999998,none,0.0,notes:percent
United States,Quarter,USD,1964,1964,6.25,24.26,1.75,0.0,silver,90% silver,silver,0.9,copper,0.09999999999999998,none,0.0,notes:percent
United States,Half Dollar,USD,1964,1964,12.5,30.61,2.15,0.0,silver,90% silver,silver,0.9,copper,0.09999999999999998,none,0.0,notes:percent
United States,Dollar,USD,1964,1964,8.1,26.5,2.0,0.0,gold,Native American $1,copper,0.7,zinc,0.3,none,0.0,color:gold
United States,Cent,USD,1965,1965,3.11,19.05,1.52,0.0,brown,Wheat/MM/Lincoln types vary,copper,0.95,zinc,0.05,none,0.0,color:brown
United States,Nickel,USD,1965,1965,5.0,21.21,1.95,0.0,silver,,copper,0.75,nickel,0.25,none,0.0,color:silver
United States,Dime,USD,1965,1965,2.268,17.91,1.35,0.0,silver,Cu-Ni clad,copper,0.9167,nickel,0.0833,none,0.0,phrase:clad
United States,Quarter,USD,1965,1965,5.67,24.26,1.75,0.0,silver,Cu-Ni clad; designs vary,copper,0.9167,nickel,0.0833,none,0.0,phrase:clad
United States,Half Dollar,USD,1965,1965,11.5,30.61,2.15,0.0,silver,40% silver,copper,0.6,silver,0.4,none,0.0,notes:percent
United States,Dollar,USD,1965,1965,8.1,26.5,2.0,0.0,gold,Native American $1,copper,0.7,zinc,0.3,none,0.0,color:gold
United States,Cent,USD,1966,1966,3.11,19.05,1.52,0.0,brown,Wheat/MM/Lincoln types vary,copper,0.95,zinc,0.05,none,0.0,color:brown
United States,Nickel,USD,1966,1966,5.0,21.21,1.95,0.0,silver,,copper,0.75,nickel,0.25,none,0.0,color:silver
United States,Dime,USD,1966,1966,2.268,17.91,1.35,0.0,silver,Cu-Ni clad,copper,0.9167,nickel,0.0833,none,0.0,phrase:clad
United States,Quarter,USD,1966,1966,5.67,24.26,1.75,0.0,silver,Cu-Ni clad; designs vary,copper,0.9167,nickel,0.0833,none,0.0,phrase:clad
United States,Half Dollar,USD,1966,1966,11.5,30.61,2.15,0.0,silver,40% silver,copper,0.6,silver,0.4,none,0.0,notes:percent
United States,Dollar,USD,1966,1966,8.1,26.5,2.0,0.0,gold,Native American $1,copper,0.7,zinc,0.3,none,0.0,color:gold
United States,Cent,USD,1967,1967,3.11,19.05,1.52,0.0,brown,Wheat/MM/Lincoln types vary,copper,0.95,zinc,0.05,none,0.0,color:brown
United States,Nickel,USD,1967,1967,5.0,21.21,1.95,0.0,silver,,copper,0.75,nickel,0.25,none,0.0,color:silver
United States,Dime,USD,1967,1967,2.268,17.91,1.35,0.0,silver,Cu-Ni clad,copper,0.9167,nickel,0.0833,none,0.0,phrase:clad
United States,Quarter,USD,1967,1967,5.67,24.26,1.75,0.0,silver,Cu-Ni clad; designs vary,copper,0.9167,nickel,0.0833,none,0.0,phrase:clad
United States,Half Dollar,USD,1967,1967,11.5,30.61,2.15,0.0,silver,40% silver,copper,0.6,silver,0.4,none,0.0,notes:percent
United States,Dollar,USD,1967,1967,8.1,26.5,2.0,0.0,gold,Native American $1,copper,0.7,zinc,0.3,none,0.0,color:gold
United States,Cent,USD,1968,1968,3.11,19.05,1.52,0.0,brown,Wheat/MM/Lincoln types vary,copper,0.95,zinc,0.05,none,0.0,color:brown
United States,Nickel,USD,1968,1968,5.0,21.21,1.95,0.0,silver,,copper,0.75,nickel,0.25,none,0.0,color:silver
United States,Dime,USD,1968,1968,2.268,17.91,1.35,0.0,silver,Cu-Ni clad,copper,0.9167,nickel,0.0833,none,0.0,phrase:clad
United States,Quarter,USD,1968,1968,5.67,24.26,1.75,0.0,silver,Cu-Ni clad; designs vary,copper,0.9167,nickel,0.0833,none,0.0,phrase:clad
United States,Half Dollar,USD,1968,1968,11.5,30.61,2.15,0.0,silver,40% silver,copper,0.6,silver,0.4,none,0.0,notes:percent
United States,Dollar,USD,1968,1968,8.1,26.5,2.0,0.0,gold,Native American $1,copper,0.7,zinc,0.3,none,0.0,color:gold
United States,Cent,USD,1969,1969,3.11,19.05,1.52,0.0,brown,Wheat/MM/Lincoln types vary,copper,0.95,zinc,0.05,none,0.0,color:brown
United States,Nickel,USD,1969,1969,5.0,21.21,1.95,0.0,silver,,copper,0.75,nickel,0.25,none,0.0,color:silver
United States,Dime,USD,1969,1969,2.268,17.91,1.35,0.0,silver,Cu-Ni clad,copper,0.9167,nickel,0.0833,none,0.0,phrase:clad
United States,Quarter,USD,1969,1969,5.67,24.26,1.75,0.0,silver,Cu-Ni clad; designs vary,copper,0.9167,nickel,0.0833,none,0.0,phrase:clad
United States,Half Dollar,USD,1969,1969,11.5,30.61,2.15,0.0,silver,40% silver,copper,0.6,silver,0.4,none,0.0,notes:percent
United States,Dollar,USD,1969,1969,8.1,26.5,2.0,0.0,gold,Native American $1,copper,0.7,zinc,0.3,none,0.0,color:gold
United States,Cent,USD,1970,1970,3.11,19.05,1.52,0.0,brown,Wheat/MM/Lincoln types vary,copper,0.95,zinc,0.05,none,0.0,color:brown
United States,Nickel,USD,1970,1970,5.0,21.21,1.95,0.0,silver,,copper,0.75,nickel,0.25,none,0.0,color:silver
United States,Dime,USD,1970,1970,2.268,17.91,1.35,0.0,silver,Cu-Ni clad,copper,0.9167,nickel,0.0833,none,0.0,phrase:clad
United States,Quarter,USD,1970,1970,5.67,24.26,1.75,0.0,silver,Cu-Ni clad; designs vary,copper,0.9167,nickel,0.0833,none,0.0,phrase:clad
United States,Half Dollar,USD,1970,1970,11.5,30.61,2.15,0.0,silver,40% silver,copper,0.6,silver,0.4,none,0.0,notes:percent
United States,Dollar,USD,1970,1970,8.1,26.5,2.0,0.0,gold,Native American $1,copper,0.7,zinc,0.3,none,0.0,color:gold
United States,Cent,USD,1971,1971,3.11,19.05,1.52,0.0,brown,Wheat/MM/Lincoln types vary,copper,0.95,zinc,0.05,none,0.0,color:brown
United States,Nickel,USD,1971,1971,5.0,21.21,1.95,0.0,silver,,copper,0.75,nickel,0.25,none,0.0,color:silver
United States,Dime,USD,1971,1971,2.268,17.91,1.35,0.0,silver,Cu-Ni clad,copper,0.9167,nickel,0.0833,none,0.0,phrase:clad
United States,Quarter,USD,1971,1971,5.67,24.26,1.75,0.0,silver,Cu-Ni clad; designs vary,copper,0.9167,nickel,0.0833,none,0.0,phrase:clad
United States,Half Dollar,USD,1971,1971,11.34,30.61,2.15,0.0,silver,Cu-Ni clad,copper,0.9167,nickel,0.0833,none,0.0,phrase:clad
United States,Dollar,USD,1971,1971,22.68,38.1,2.58,0.0,silver,Eisenhower Cu-Ni; some 40% Ag issues,copper,0.75,nickel,0.25,none,0.0,color:silver
United States,Cent,USD,1972,1972,3.11,19.05,1.52,0.0,brown,Wheat/MM/Lincoln types vary,copper,0.95,zinc,0.05,none,0.0,color:brown
United States,Nickel,USD,1972,1972,5.0,21.21,1.95,0.0,silver,,copper,0.75,nickel,0.25,none,0.0,color:silver
United States,Dime,USD,1972,1972,2.268,17.91,1.35,0.0,silver,Cu-Ni clad,copper,0.9167,nickel,0.0833,none,0.0,phrase:clad
United States,Quarter,USD,1972,1972,5.67,24.26,1.75,0.0,silver,Cu-Ni clad; designs vary,copper,0.9167,nickel,0.0833,none,0.0,phrase:clad
United States,Half Dollar,USD,1972,1972,11.34,30.61,2.15,0.0,silver,Cu-Ni clad,copper,0.9167,nickel,0.0833,none,0.0,phrase:clad
United States,Dollar,USD,1972,1972,22.68,38.1,2.58,0.0,silver,Eisenhower Cu-Ni; some 40% Ag issues,copper,0.75,nickel,0.25,none,0.0,color:silver
United States,Cent,USD,1973,1973,3.11,19.05,1.52,0.0,brown,Wheat/MM/Lincoln types vary,copper,0.95,zinc,0.05,none,0.0,color:brown
United States,Nickel,USD,1973,1973,5.0,21.21,1.95,0.0,silver,,copper,0.75,nickel,0.25,none,0.0,color:silver
United States,Dime,USD,1973,1973,2.268,17.91,1.35,0.0,silver,Cu-Ni clad,copper,0.9167,nickel,0.0833,none,0.0,phrase:clad
United States,Quarter,USD,1973,1973,5.67,24.26,1.75,0.0,silver,Cu-Ni clad; designs vary,copper,0.9167,nickel,0.0833,none,0.0,phrase:clad
United States,Half Dollar,USD,1973,1973,11.34,30.61,2.15,0.0,silver,Cu-Ni clad,copper,0.9167,nickel,0.0833,none,0.0,phrase:clad
United States,Dollar,USD,1973,1973,22.68,38.1,2.58,0.0,silver,Eisenhower Cu-Ni; some 40% Ag issues,copper,0.75,nickel,0.25,none,0.0,color:silver
United States,Cent,USD,1974,1974,3.11,19.05,1.52,0.0,brown,Wheat/MM/Lincoln types vary,copper,0.95,zinc,0.05,none,0.0,color:brown
United States,Nickel,USD,1974,1974,5.0,21.21,1.95,0.0,silver,,copper,0.75,nickel,0.25,none,0.0,color:silver
United States,Dime,USD,1974,1974,2.268,17.91,1.35,0.0,silver,Cu-Ni clad,copper,0.9167,nickel,0.0833,none,0.0,phrase:clad
United States,Quarter,USD,1974,1974,5.67,24.26,1.75,0.0,silver,Cu-Ni clad; designs vary,copper,0.9167,nickel,0.0833,none,0.0,phrase:clad
United States,Half Dollar,USD,1974,1974,11.34,30.61,2.15,0.0,silver,Cu-Ni clad,copper,0.9167,nickel,0.0833,none,0.0,phrase:clad
United States,Dollar,USD,1974,1974,22.68,38.1,2.58,0.0,silver,Eisenhower Cu-Ni; some 40% Ag issues,copper,0.75,nickel,0.25,none,0.0,color:silver
United States,Cent,USD,1975,1975,3.11,19.05,1.52,0.0,brown,Wheat/MM/Lincoln types vary,copper,0.95,zinc,0.05,none,0.0,color:brown
United States,Nickel,USD,1975,1975,5.0,21.21,1.95,0.0,silver,,copper,0.75,nickel,0.25,none,0.0,color:silver
United States,Dime,USD,1975,1975,2.268,17.91,1.35,0.0,silver,Cu-Ni clad,copper,0.9167,nickel,0.0833,none,0.0,phrase:clad
United States,Quarter,USD,1975,1975,5.67,24.26,1.75,0.0,silver,Cu-Ni clad; designs vary,copper,0.9167,nickel,0.0833,none,0.0,phrase:clad
United States,Half Dollar,USD,1975,1975,11.34,30.61,2.15,0.0,silver,Cu-Ni clad,copper,0.9167,nickel,0.0833,none,0.0,phrase:clad
United States,Dollar,USD,1975,1975,22.68,38.1,2.58,0.0,silver,Eisenhower Cu-Ni; some 40% Ag issues,copper,0.75,nickel,0.25,none,0.0,color:silver
United States,Cent,USD,1976,1976,3.11,19.05,1.52,0.0,brown,Wheat/MM/Lincoln types vary,copper,0.95,zinc,0.05,none,0.0,color:brown
United States,Nickel,USD,1976,1976,5.0,21.21,1.95,0.0,silver,,copper,0.75,nickel,0.25,none,0.0,color:silver
United States,Dime,USD,1976,1976,2.268,17.91,1.35,0.0,silver,Cu-Ni clad,copper,0.9167,nickel,0.0833,none,0.0,phrase:clad
United States,Quarter,USD,1976,1976,5.67,24.26,1.75,0.0,silver,Cu-Ni clad; designs vary,copper,0.9167,nickel,0.0833,none,0.0,phrase:clad
United States,Half Dollar,USD,1976,1976,11.34,30.61,2.15,0.0,silver,Cu-Ni clad,copper,0.9167,nickel,0.0833,none,0.0,phrase:clad
United States,Dollar,USD,1976,1976,22.68,38.1,2.58,0.0,silver,Eisenhower Cu-Ni; some 40% Ag issues,copper,0.75,nickel,0.25,none,0.0,color:silver
United States,Cent,USD,1977,1977,3.11,19.05,1.52,0.0,brown,Wheat/MM/Lincoln types vary,copper,0.95,zinc,0.05,none,0.0,color:brown
United States,Nickel,USD,1977,1977,5.0,21.21,1.95,0.0,silver,,copper,0.75,nickel,0.25,none,0.0,color:silver
United States,Dime,USD,1977,1977,2.268,17.91,1.35,0.0,silver,Cu-Ni clad,copper,0.9167,nickel,0.0833,none,0.0,phrase:clad
United States,Quarter,USD,1977,1977,5.67,24.26,1.75,0.0,silver,Cu-Ni clad; designs vary,copper,0.9167,nickel,0.0833,none,0.0,phrase:clad
United States,Half Dollar,USD,1977,1977,11.34,30.61,2.15,0.0,silver,Cu-Ni clad,copper,0.9167,nickel,0.0833,none,0.0,phrase:clad
United States,Dollar,USD,1977,1977,22.68,38.1,2.58,0.0,silver,Eisenhower Cu-Ni; some 40% Ag issues,copper,0.75,nickel,0.25,none,0.0,color:silver
United States,Cent,USD,1978,1978,3.11,19.05,1.52,0.0,brown,Wheat/MM/Lincoln types vary,copper,0.95,zinc,0.05,none,0.0,color:brown
United States,Nickel,USD,1978,1978,5.0,21.21,1.95,0.0,silver,,copper,0.75,nickel,0.25,none,0.0,color:silver
United States,Dime,USD,1978,1978,2.268,17.91,1.35,0.0,silver,Cu-Ni clad,copper,0.9167,nickel,0.0833,none,0.0,phrase:clad
United States,Quarter,USD,1978,1978,5.67,24.26,1.75,0.0,silver,Cu-Ni clad; designs vary,copper,0.9167,nickel,0.0833,none,0.0,phrase:clad
United States,Half Dollar,USD,1978,1978,11.34,30.61,2.15,0.0,silver,Cu-Ni clad,copper,0.9167,nickel,0.0833,none,0.0,phrase:clad
United States,Dollar,USD,1978,1978,22.68,38.1,2.58,0.0,silver,Eisenhower Cu-Ni; some 40% Ag issues,copper,0.75,nickel,0.25,none,0.0,color:silver
United States,Cent,USD,1979,1979,3.11,19.05,1.52,0.0,brown,Wheat/MM/Lincoln types vary,copper,0.95,zinc,0.05,none,0.0,color:brown
United States,Nickel,USD,1979,1979,5.0,21.21,1.95,0.0,silver,,copper,0.75,nickel,0.25,none,0.0,color:silver
United States,Dime,USD,1979,1979,2.268,17.91,1.35,0.0,silver,Cu-Ni clad,copper,0.9167,nickel,0.0833,none,0.0,phrase:clad
United States,Quarter,USD,1979,1979,5.67,24.26,1.75,0.0,silver,Cu-Ni clad; designs vary,copper,0.9167,nickel,0.0833,none,0.0,phrase:clad
United States,Half Dollar,USD,1979,1979,11.34,30.61,2.15,0.0,silver,Cu-Ni clad,copper,0.9167,nickel,0.0833,none,0.0,phrase:clad
United States,Dollar,USD,1979,1979,8.1,26.5,2.0,0.0,gold,Susan B. Anthony Cu-Ni,copper,0.7,zinc,0.3,none,0.0,color:gold
United States,Cent,USD,1980,1980,3.11,19.05,1.52,0.0,brown,Wheat/MM/Lincoln types vary,copper,0.95,zinc,0.05,none,0.0,color:brown
United States,Nickel,USD,1980,1980,5.0,21.21,1.95,0.0,silver,,copper,0.75,nickel,0.25,none,0.0,color:silver
United States,Dime,USD,1980,1980,2.268,17.91,1.35,0.0,silver,Cu-Ni clad,copper,0.9167,nickel,0.0833,none,0.0,phrase:clad
United States,Quarter,USD,1980,1980,5.67,24.26,1.75,0.0,silver,Cu-Ni clad; designs vary,copper,0.9167,nickel,0.0833,none,0.0,phrase:clad
United States,Half Dollar,USD,1980,1980,11.34,30.61,2.15,0.0,silver,Cu-Ni clad,copper,0.9167,nickel,0.0833,none,0.0,phrase:clad
United States,Dollar,USD,1980,1980,8.1,26.5,2.0,0.0,gold,Susan B. Anthony Cu-Ni,copper,0.7,zinc,0.3,none,0.0,color:gold
United States,Cent,USD,1981,1981,3.11,19.05,1.52,0.0,brown,Wheat/MM/Lincoln types vary,copper,0.95,zinc,0.05,none,0.0,color:brown
United States,Nickel,USD,1981,1981,5.0,21.21,1.95,0.0,silver,,copper,0.75,nickel,0.25,none,0.0,color:silver
United States,Dime,USD,1981,1981,2.268,17.91,1.35,0.0,silver,Cu-Ni clad,copper,0.9167,nickel,0.0833,none,0.0,phrase:clad
United States,Quarter,USD,1981,1981,5.67,24.26,1.75,0.0,silver,Cu-Ni clad; designs vary,copper,0.9167,nickel,0.0833,none,0.0,phrase:clad
United States,Half Dollar,USD,1981,1981,11.34,30.61,2.15,0.0,silver,Cu-Ni clad,copper,0.9167,nickel,0.0833,none,0.0,phrase:clad
United States,Dollar,USD,1981,1981,8.1,26.5,2.0,0.0,gold,Susan B. Anthony Cu-Ni,copper,0.7,zinc,0.3,none,0.0,color:gold
United States,Cent,USD,1982,1982,3.11,19.05,1.52,0.0,brown,Bronze (95% Cu),copper,0.95,tin,0.05,none,0.0,phrase:bronze
United States,Cent,USD,1982,1982,2.5,19.05,1.52,0.0,copper,Copper-plated zinc,zinc,0.975,copper,0.025,none,0.0,phrase:copper-plated zinc
United States,Cent,USD,1983,1983,2.5,19.05,1.52,0.0,copper,Wheat/MM/Lincoln types vary,unknown,1.0,none,0.0,none,0.0,color:unknown
United States,Nickel,USD,1983,1983,5.0,21.21,1.95,0.0,silver,,copper,0.75,nickel,0.25,none,0.0,color:silver
United States,Dime,USD,1983,1983,2.268,17.91,1.35,0.0,silver,Cu-Ni clad,copper,0.9167,nickel,0.0833,none,0.0,phrase:clad
United States,Quarter,USD,1983,1983,5.67,24.26,1.75,0.0,silver,Cu-Ni clad; designs vary,copper,0.9167,nickel,0.0833,none,0.0,phrase:clad
United States,Half Dollar,USD,1983,1983,11.34,30.61,2.15,0.0,silver,Cu-Ni clad,copper,0.9167,nickel,0.0833,none,0.0,phrase:clad
United States,Dollar,USD,1983,1983,8.1,26.5,2.0,0.0,gold,Native American $1,copper,0.7,zinc,0.3,none,0.0,color:gold
United States,Cent,USD,1984,1984,2.5,19.05,1.52,0.0,copper,Wheat/MM/Lincoln types vary,unknown,1.0,none,0.0,none,0.0,color:unknown
United States,Nickel,USD,1984,1984,5.0,21.21,1.95,0.0,silver,,copper,0.75,nickel,0.25,none,0.0,color:silver
United States,Dime,USD,1984,1984,2.268,17.91,1.35,0.0,silver,Cu-Ni clad,copper,0.9167,nickel,0.0833,none,0.0,phrase:clad
United States,Quarter,USD,1984,1984,5.67,24.26,1.75,0.0,silver,Cu-Ni clad; designs vary,copper,0.9167,nickel,0.0833,none,0.0,phrase:clad
United States,Half Dollar,USD,1984,1984,11.34,30.61,2.15,0.0,silver,Cu-Ni clad,copper,0.9167,nickel,0.0833,none,0.0,phrase:clad
United States,Dollar,USD,1984,1984,8.1,26.5,2.0,0.0,gold,Native American $1,copper,0.7,zinc,0.3,none,0.0,color:gold
United States,Cent,USD,1985,1985,2.5,19.05,1.52,0.0,copper,Wheat/MM/Lincoln types vary,unknown,1.0,none,0.0,none,0.0,color:unknown
United States,Nickel,USD,1985,1985,5.0,21.21,1.95,0.0,silver,,copper,0.75,nickel,0.25,none,0.0,color:silver
United States,Dime,USD,1985,1985,2.268,17.91,1.35,0.0,silver,Cu-Ni clad,copper,0.9167,nickel,0.0833,none,0.0,phrase:clad
United States,Quarter,USD,1985,1985,5.67,24.26,1.75,0.0,silver,Cu-Ni clad; designs vary,copper,0.9167,nickel,0.0833,none,0.0,phrase:clad
United States,Half Dollar,USD,1985,1985,11.34,30.61,2.15,0.0,silver,Cu-Ni clad,copper,0.9167,nickel,0.0833,none,0.0,phrase:clad
United States,Dollar,USD,1985,1985,8.1,26.5,2.0,0.0,gold,Native American $1,copper,0.7,zinc,0.3,none,0.0,color:gold
United States,Cent,USD,1986,1986,2.5,19.05,1.52,0.0,copper,Wheat/MM/Lincoln types vary,unknown,1.0,none,0.0,none,0.0,color:unknown
United States,Nickel,USD,1986,1986,5.0,21.21,1.95,0.0,silver,,copper,0.75,nickel,0.25,none,0.0,color:silver
United States,Dime,USD,1986,1986,2.268,17.91,1.35,0.0,silver,Cu-Ni clad,copper,0.9167,nickel,0.0833,none,0.0,phrase:clad
United States,Quarter,USD,1986,1986,5.67,24.26,1.75,0.0,silver,Cu-Ni clad; designs vary,copper,0.9167,nickel,0.0833,none,0.0,phrase:clad
United States,Half Dollar,USD,1986,1986,11.34,30.61,2.15,0.0,silver,Cu-Ni clad,copper,0.9167,nickel,0.0833,none,0.0,phrase:clad
United States,Dollar,USD,1986,1986,8.1,26.5,2.0,0.0,gold,Native American $1,copper,0.7,zinc,0.3,none,0.0,color:gold
United States,Cent,USD,1987,1987,2.5,19.05,1.52,0.0,copper,Wheat/MM/Lincoln types vary,unknown,1.0,none,0.0,none,0.0,color:unknown
United States,Nickel,USD,1987,1987,5.0,21.21,1.95,0.0,silver,,copper,0.75,nickel,0.25,none,0.0,color:silver
United States,Dime,USD,1987,1987,2.268,17.91,1.35,0.0,silver,Cu-Ni clad,copper,0.9167,nickel,0.0833,none,0.0,phrase:clad
United States,Quarter,USD,1987,1987,5.67,24.26,1.75,0.0,silver,Cu-Ni clad; designs vary,copper,0.9167,nickel,0.0833,none,0.0,phrase:clad
United States,Half Dollar,USD,1987,1987,11.34,30.61,2.15,0.0,silver,Cu-Ni clad,copper,0.9167,nickel,0.0833,none,0.0,phrase:clad
United States,Dollar,USD,1987,1987,8.1,26.5,2.0,0.0,gold,Native American $1,copper,0.7,zinc,0.3,none,0.0,color:gold
United States,Cent,USD,1988,1988,2.5,19.05,1.52,0.0,copper,Wheat/MM/Lincoln types vary,unknown,1.0,none,0.0,none,0.0,color:unknown
United States,Nickel,USD,1988,1988,5.0,21.21,1.95,0.0,silver,,copper,0.75,nickel,0.25,none,0.0,color:silver
United States,Dime,USD,1988,1988,2.268,17.91,1.35,0.0,silver,Cu-Ni clad,copper,0.9167,nickel,0.0833,none,0.0,phrase:clad
United States,Quarter,USD,1988,1988,5.67,24.26,1.75,0.0,silver,Cu-Ni clad; designs vary,copper,0.9167,nickel,0.0833,none,0.0,phrase:clad
United States,Half Dollar,USD,1988,1988,11.34,30.61,2.15,0.0,silver,Cu-Ni clad,copper,0.9167,nickel,0.0833,none,0.0,phrase:clad
United States,Dollar,USD,1988,1988,8.1,26.5,2.0,0.0,gold,Native American $1,copper,0.7,zinc,0.3,none,0.0,color:gold
United States,Cent,USD,1989,1989,2.5,19.05,1.52,0.0,copper,Wheat/MM/Lincoln types vary,unknown,1.0,none,0.0,none,0.0,color:unknown
United States,Nickel,USD,1989,1989,5.0,21.21,1.95,0.0,silver,,copper,0.75,nickel,0.25,none,0.0,color:silver
United States,Dime,USD,1989,1989,2.268,17.91,1.35,0.0,silver,Cu-Ni clad,copper,0.9167,nickel,0.0833,none,0.0,phrase:clad
United States,Quarter,USD,1989,1989,5.67,24.26,1.75,0.0,silver,Cu-Ni clad; designs vary,copper,0.9167,nickel,0.0833,none,0.0,phrase:clad
United States,Half Dollar,USD,1989,1989,11.34,30.61,2.15,0.0,silver,Cu-Ni clad,copper,0.9167,nickel,0.0833,none,0.0,phrase:clad
United States,Dollar,USD,1989,1989,8.1,26.5,2.0,0.0,gold,Native American $1,copper,0.7,zinc,0.3,none,0.0,color:gold
United States,Cent,USD,1990,1990,2.5,19.05,1.52,0.0,copper,Wheat/MM/Lincoln types vary,unknown,1.0,none,0.0,none,0.0,color:unknown
United States,Nickel,USD,1990,1990,5.0,21.21,1.95,0.0,silver,,copper,0.75,nickel,0.25,none,0.0,color:silver
United States,Dime,USD,1990,1990,2.268,17.91,1.35,0.0,silver,Cu-Ni clad,copper,0.9167,nickel,0.0833,none,0.0,phrase:clad
United States,Quarter,USD,1990,1990,5.67,24.26,1.75,0.0,silver,Cu-Ni clad; designs vary,copper,0.9167,nickel,0.0833,none,0.0,phrase:clad
United States,Half Dollar,USD,1990,1990,11.34,30.61,2.15,0.0,silver,Cu-Ni clad,copper,0.9167,nickel,0.0833,none,0.0,phrase:clad
United States,Dollar,USD,1990,1990,8.1,26.5,2.0,0.0,gold,Native American $1,copper,0.7,zinc,0.3,none,0.0,color:gold
United States,Cent,USD,1991,1991,2.5,19.05,1.52,0.0,copper,Wheat/MM/Lincoln types vary,unknown,1.0,none,0.0,none,0.0,color:unknown
United States,Nickel,USD,1991,1991,5.0,21.21,1.95,0.0,silver,,copper,0.75,nickel,0.25,none,0.0,color:silver
United States,Dime,USD,1991,1991,2.268,17.91,1.35,0.0,silver,Cu-Ni clad,copper,0.9167,nickel,0.0833,none,0.0,phrase:clad
United States,Quarter,USD,1991,1991,5.67,24.26,1.75,0.0,silver,Cu-Ni clad; designs vary,copper,0.9167,nickel,0.0833,none,0.0,phrase:clad
United States,Half Dollar,USD,1991,1991,11.34,30.61,2.15,0.0,silver,Cu-Ni clad,copper,0.9167,nickel,0.0833,none,0.0,phrase:clad
United States,Dollar,USD,1991,1991,8.1,26.5,2.0,0.0,gold,Native American $1,copper,0.7,zinc,0.3,none,0.0,color:gold
United States,Cent,USD,1992,1992,2.5,19.05,1.52,0.0,copper,Wheat/MM/Lincoln types vary,unknown,1.0,none,0.0,none,0.0,color:unknown
United States,Nickel,USD,1992,1992,5.0,21.21,1.95,0.0,silver,,copper,0.75,nickel,0.25,none,0.0,color:silver
United States,Dime,USD,1992,1992,2.268,17.91,1.35,0.0,silver,Cu-Ni clad,copper,0.9167,nickel,0.0833,none,0.0,phrase:clad
United States,Quarter,USD,1992,1992,5.67,24.26,1.75,0.0,silver,Cu-Ni clad; designs vary,copper,0.9167,nickel,0.0833,none,0.0,phrase:clad
United States,Half Dollar,USD,1992,1992,11.34,30.61,2.15,0.0,silver,Cu-Ni clad,copper,0.9167,nickel,0.0833,none,0.0,phrase:clad
United States,Dollar,USD,1992,1992,8.1,26.5,2.0,0.0,gold,Native American $1,copper,0.7,zinc,0.3,none,0.0,color:gold
United States,Cent,USD,1993,1993,2.5,19.05,1.52,0.0,copper,Wheat/MM/Lincoln types vary,unknown,1.0,none,0.0,none,0.0,color:unknown
United States,Nickel,USD,1993,1993,5.0,21.21,1.95,0.0,silver,,copper,0.75,nickel,0.25,none,0.0,color:silver
United States,Dime,USD,1993,1993,2.268,17.91,1.35,0.0,silver,Cu-Ni clad,copper,0.9167,nickel,0.0833,none,0.0,phrase:clad
United States,Quarter,USD,1993,1993,5.67,24.26,1.75,0.0,silver,Cu-Ni clad; designs vary,copper,0.9167,nickel,0.0833,none,0.0,phrase:clad
United States,Half Dollar,USD,1993,1993,11.34,30.61,2.15,0.0,silver,Cu-Ni clad,copper,0.9167,nickel,0.0833,none,0.0,phrase:clad
United States,Dollar,USD,1993,1993,8.1,26.5,2.0,0.0,gold,Native American $1,copper,0.7,zinc,0.3,none,0.0,color:gold
United States,Cent,USD,1994,1994,2.5,19.05,1.52,0.0,copper,Wheat/MM/Lincoln types vary,unknown,1.0,none,0.0,none,0.0,color:unknown
United States,Nickel,USD,1994,1994,5.0,21.21,1.95,0.0,silver,,copper,0.75,nickel,0.25,none,0.0,color:silver
United States,Dime,USD,1994,1994,2.268,17.91,1.35,0.0,silver,Cu-Ni clad,copper,0.9167,nickel,0.0833,none,0.0,phrase:clad
United States,Quarter,USD,1994,1994,5.67,24.26,1.75,0.0,silver,Cu-Ni clad; designs vary,copper,0.9167,nickel,0.0833,none,0.0,phrase:clad
United States,Half Dollar,USD,1994,1994,11.34,30.61,2.15,0.0,silver,Cu-Ni clad,copper,0.9167,nickel,0.0833,none,0.0,phrase:clad
United States,Dollar,USD,1994,1994,8.1,26.5,2.0,0.0,gold,Native American $1,copper,0.7,zinc,0.3,none,0.0,color:gold
United States,Cent,USD,1995,1995,2.5,19.05,1.52,0.0,copper,Wheat/MM/Lincoln types vary,unknown,1.0,none,0.0,none,0.0,color:unknown
United States,Nickel,USD,1995,1995,5.0,21.21,1.95,0.0,silver,,copper,0.75,nickel,0.25,none,0.0,color:silver
United States,Dime,USD,1995,1995,2.268,17.91,1.35,0.0,silver,Cu-Ni clad,copper,0.9167,nickel,0.0833,none,0.0,phrase:clad
United States,Quarter,USD,1995,1995,5.67,24.26,1.75,0.0,silver,Cu-Ni clad; designs vary,copper,0.9167,nickel,0.0833,none,0.0,phrase:clad
United States,Half Dollar,USD,1995,1995,11.34,30.61,2.15,0.0,silver,Cu-Ni clad,copper,0.9167,nickel,0.0833,none,0.0,phrase:clad
United States,Dollar,USD,1995,1995,8.1,26.5,2.0,0.0,gold,Native American $1,copper,0.7,zinc,0.3,none,0.0,color:gold
United States,Cent,USD,1996,1996,2.5,19.05,1.52,0.0,copper,Wheat/MM/Lincoln types vary,unknown,1.0,none,0.0,none,0.0,color:unknown
United States,Nickel,USD,1996,1996,5.0,21.21,1.95,0.0,silver,,copper,0.75,nickel,0.25,none,0.0,color:silver
United States,Dime,USD,1996,1996,2.268,17.91,1.35,0.0,silver,Cu-Ni clad,copper,0.9167,nickel,0.0833,none,0.0,phrase:clad
United States,Quarter,USD,1996,1996,5.67,24.26,1.75,0.0,silver,Cu-Ni clad; designs vary,copper,0.9167,nickel,0.0833,none,0.0,phrase:clad
United States,Half Dollar,USD,1996,1996,11.34,30.61,2.15,0.0,silver,Cu-Ni clad,copper,0.9167,nickel,0.0833,none,0.0,phrase:clad
United States,Dollar,USD,1996,1996,8.1,26.5,2.0,0.0,gold,Native American $1,copper,0.7,zinc,0.3,none,0.0,color:gold
United States,Cent,USD,1997,1997,2.5,19.05,1.52,0.0,copper,Wheat/MM/Lincoln types vary,unknown,1.0,none,0.0,none,0.0,color:unknown
United States,Nickel,USD,1997,1997,5.0,21.21,1.95,0.0,silver,,copper,0.75,nickel,0.25,none,0.0,color:silver
United States,Dime,USD,1997,1997,2.268,17.91,1.35,0.0,silver,Cu-Ni clad,copper,0.9167,nickel,0.0833,none,0.0,phrase:clad
United States,Quarter,USD,1997,1997,5.67,24.26,1.75,0.0,silver,Cu-Ni clad; designs vary,copper,0.9167,nickel,0.0833,none,0.0,phrase:clad
United States,Half Dollar,USD,1997,1997,11.34,30.61,2.15,0.0,silver,Cu-Ni clad,copper,0.9167,nickel,0.0833,none,0.0,phrase:clad
United States,Dollar,USD,1997,1997,8.1,26.5,2.0,0.0,gold,Native American $1,copper,0.7,zinc,0.3,none,0.0,color:gold
United States,Cent,USD,1998,1998,2.5,19.05,1.52,0.0,copper,Wheat/MM/Lincoln types vary,unknown,1.0,none,0.0,none,0.0,color:unknown
United States,Nickel,USD,1998,1998,5.0,21.21,1.95,0.0,silver,,copper,0.75,nickel,0.25,none,0.0,color:silver
United States,Dime,USD,1998,1998,2.268,17.91,1.35,0.0,silver,Cu-Ni clad,copper,0.9167,nickel,0.0833,none,0.0,phrase:clad
United States,Quarter,USD,1998,1998,5.67,24.26,1.75,0.0,silver,Cu-Ni clad; designs vary,copper,0.9167,nickel,0.0833,none,0.0,phrase:clad
United States,Half Dollar,USD,1998,1998,11.34,30.61,2.15,0.0,silver,Cu-Ni clad,copper,0.9167,nickel,0.0833,none,0.0,phrase:clad
United States,Dollar,USD,1998,1998,8.1,26.5,2.0,0.0,gold,Native American $1,copper,0.7,zinc,0.3,none,0.0,color:gold
United States,Cent,USD,1999,1999,2.5,19.05,1.52,0.0,copper,Wheat/MM/Lincoln types vary,unknown,1.0,none,0.0,none,0.0,color:unknown
United States,Nickel,USD,1999,1999,5.0,21.21,1.95,0.0,silver,,copper,0.75,nickel,0.25,none,0.0,color:silver
United States,Dime,USD,1999,1999,2.268,17.91,1.35,0.0,silver,Cu-Ni clad,copper,0.9167,nickel,0.0833,none,0.0,phrase:clad
United States,Quarter,USD,1999,1999,5.67,24.26,1.75,0.0,silver,Cu-Ni clad; designs vary,copper,0.9167,nickel,0.0833,none,0.0,phrase:clad
United States,Half Dollar,USD,1999,1999,11.34,30.61,2.15,0.0,silver,Cu-Ni clad,copper,0.9167,nickel,0.0833,none,0.0,phrase:clad
United States,Dollar,USD,1999,1999,8.1,26.5,2.0,0.0,gold,Susan B. Anthony Cu-Ni,copper,0.7,zinc,0.3,none,0.0,color:gold
United States,Cent,USD,2000,2000,2.5,19.05,1.52,0.0,copper,Wheat/MM/Lincoln types vary,unknown,1.0,none,0.0,none,0.0,color:unknown
United States,Nickel,USD,2000,2000,5.0,21.21,1.95,0.0,silver,,copper,0.75,nickel,0.25,none,0.0,color:silver
United States,Dime,USD,2000,2000,2.268,17.91,1.35,0.0,silver,Cu-Ni clad,copper,0.9167,nickel,0.0833,none,0.0,phrase:clad
United States,Quarter,USD,2000,2000,5.67,24.26,1.75,0.0,silver,Cu-Ni clad; designs vary,copper,0.9167,nickel,0.0833,none,0.0,phrase:clad
United States,Half Dollar,USD,2000,2000,11.34,30.61,2.15,0.0,silver,Cu-Ni clad,copper,0.9167,nickel,0.0833,none,0.0,phrase:clad
United States,Dollar,USD,2000,2000,8.1,26.5,2.0,0.0,gold,Sacagawea Mn-brass,copper,0.7,zinc,0.3,none,0.0,phrase:brass
United States,Cent,USD,2001,2001,2.5,19.05,1.52,0.0,copper,Wheat/MM/Lincoln types vary,unknown,1.0,none,0.0,none,0.0,color:unknown
United States,Nickel,USD,2001,2001,5.0,21.21,1.95,0.0,silver,,copper,0.75,nickel,0.25,none,0.0,color:silver
United States,Dime,USD,2001,2001,2.268,17.91,1.35,0.0,silver,Cu-Ni clad,copper,0.9167,nickel,0.0833,none,0.0,phrase:clad
United States,Quarter,USD,2001,2001,5.67,24.26,1.75,0.0,silver,Cu-Ni clad; designs vary,copper,0.9167,nickel,0.0833,none,0.0,phrase:clad
United States,Half Dollar,USD,2001,2001,11.34,30.61,2.15,0.0,silver,Cu-Ni clad,copper,0.9167,nickel,0.0833,none,0.0,phrase:clad
United States,Dollar,USD,2001,2001,8.1,26.5,2.0,0.0,gold,Sacagawea Mn-brass,copper,0.7,zinc,0.3,none,0.0,phrase:brass
United States,Cent,USD,2002,2002,2.5,19.05,1.52,0.0,copper,Wheat/MM/Lincoln types vary,unknown,1.0,none,0.0,none,0.0,color:unknown
United States,Nickel,USD,2002,2002,5.0,21.21,1.95,0.0,silver,,copper,0.75,nickel,0.25,none,0.0,color:silver
United States,Dime,USD,2002,2002,2.268,17.91,1.35,0.0,silver,Cu-Ni clad,copper,0.9167,nickel,0.0833,none,0.0,phrase:clad
United States,Quarter,USD,2002,2002,5.67,24.26,1.75,0.0,silver,Cu-Ni clad; designs vary,copper,0.9167,nickel,0.0833,none,0.0,phrase:clad
United States,Half Dollar,USD,2002,2002,11.34,30.61,2.15,0.0,silver,Cu-Ni clad,copper,0.9167,nickel,0.0833,none,0.0,phrase:clad
United States,Dollar,USD,2002,2002,8.1,26.5,2.0,0.0,gold,Sacagawea Mn-brass,copper,0.7,zinc,0.3,none,0.0,phrase:brass
United States,Cent,USD,2003,2003,2.5,19.05,1.52,0.0,copper,Wheat/MM/Lincoln types vary,unknown,1.0,none,0.0,none,0.0,color:unknown
United States,Nickel,USD,2003,2003,5.0,21.21,1.95,0.0,silver,,copper,0.75,nickel,0.25,none,0.0,color:silver
United States,Dime,USD,2003,2003,2.268,17.91,1.35,0.0,silver,Cu-Ni clad,copper,0.9167,nickel,0.0833,none,0.0,phrase:clad
United States,Quarter,USD,2003,2003,5.67,24.26,1.75,0.0,silver,Cu-Ni clad; designs vary,copper,0.9167,nickel,0.0833,none,0.0,phrase:clad
United States,Half Dollar,USD,2003,2003,11.34,30.61,2.15,0.0,silver,Cu-Ni clad,copper,0.9167,nickel,0.0833,none,0.0,phrase:clad
United States,Dollar,USD,2003,2003,8.1,26.5,2.0,0.0,gold,Sacagawea Mn-brass,copper,0.7,zinc,0.3,none,0.0,phrase:brass
United States,Cent,USD,2004,2004,2.5,19.05,1.52,0.0,copper,Wheat/MM/Lincoln types vary,unknown,1.0,none,0.0,none,0.0,color:unknown
United States,Nickel,USD,2004,2004,5.0,21.21,1.95,0.0,silver,,copper,0.75,nickel,0.25,none,0.0,color:silver
United States,Dime,USD,2004,2004,2.268,17.91,1.35,0.0,silver,Cu-Ni clad,copper,0.9167,nickel,0.0833,none,0.0,phrase:clad
United States,Quarter,USD,2004,2004,5.67,24.26,1.75,0.0,silver,Cu-Ni clad; designs vary,copper,0.9167,nickel,0.0833,none,0.0,phrase:clad
United States,Half Dollar,USD,2004,2004,11.34,30.61,2.15,0.0,silver,Cu-Ni clad,copper,0.9167,nickel,0.0833,none,0.0,phrase:clad
United States,Dollar,USD,2004,2004,8.1,26.5,2.0,0.0,gold,Sacagawea Mn-brass,copper,0.7,zinc,0.3,none,0.0,phrase:brass
United States,Cent,USD,2005,2005,2.5,19.05,1.52,0.0,copper,Wheat/MM/Lincoln types vary,unknown,1.0,none,0.0,none,0.0,color:unknown
United States,Nickel,USD,2005,2005,5.0,21.21,1.95,0.0,silver,,copper,0.75,nickel,0.25,none,0.0,color:silver
United States,Dime,USD,2005,2005,2.268,17.91,1.35,0.0,silver,Cu-Ni clad,copper,0.9167,nickel,0.0833,none,0.0,phrase:clad
United States,Quarter,USD,2005,2005,5.67,24.26,1.75,0.0,silver,Cu-Ni clad; designs vary,copper,0.9167,nickel,0.0833,none,0.0,phrase:clad
United States,Half Dollar,USD,2005,2005,11.34,30.61,2.15,0.0,silver,Cu-Ni clad,copper,0.9167,nickel,0.0833,none,0.0,phrase:clad
United States,Dollar,USD,2005,2005,8.1,26.5,2.0,0.0,gold,Sacagawea Mn-brass,copper,0.7,zinc,0.3,none,0.0,phrase:brass
United States,Cent,USD,2006,2006,2.5,19.05,1.52,0.0,copper,Wheat/MM/Lincoln types vary,unknown,1.0,none,0.0,none,0.0,color:unknown
United States,Nickel,USD,2006,2006,5.0,21.21,1.95,0.0,silver,,copper,0.75,nickel,0.25,none,0.0,color:silver
United States,Dime,USD,2006,2006,2.268,17.91,1.35,0.0,silver,Cu-Ni clad,copper,0.9167,nickel,0.0833,none,0.0,phrase:clad
United States,Quarter,USD,2006,2006,5.67,24.26,1.75,0.0,silver,Cu-Ni clad; designs vary,copper,0.9167,nickel,0.0833,none,0.0,phrase:clad
United States,Half Dollar,USD,2006,2006,11.34,30.61,2.15,0.0,silver,Cu-Ni clad,copper,0.9167,nickel,0.0833,none,0.0,phrase:clad
United States,Dollar,USD,2006,2006,8.1,26.5,2.0,0.0,gold,Sacagawea Mn-brass,copper,0.7,zinc,0.3,none,0.0,phrase:brass
United States,Cent,USD,2007,2007,2.5,19.05,1.52,0.0,copper,Wheat/MM/Lincoln types vary,unknown,1.0,none,0.0,none,0.0,color:unknown
United States,Nickel,USD,2007,2007,5.0,21.21,1.95,0.0,silver,,copper,0.75,nickel,0.25,none,0.0,color:silver
United States,Dime,USD,2007,2007,2.268,17.91,1.35,0.0,silver,Cu-Ni clad,copper,0.9167,nickel,0.0833,none,0.0,phrase:clad
United States,Quarter,USD,2007,2007,5.67,24.26,1.75,0.0,silver,Cu-Ni clad; designs vary,copper,0.9167,nickel,0.0833,none,0.0,phrase:clad
United States,Half Dollar,USD,2007,2007,11.34,30.61,2.15,0.0,silver,Cu-Ni clad,copper,0.9167,nickel,0.0833,none,0.0,phrase:clad
United States,Dollar,USD,2007,2007,8.1,26.5,2.0,0.0,gold,Sacagawea Mn-brass,copper,0.7,zinc,0.3,none,0.0,phrase:brass
United States,Cent,USD,2008,2008,2.5,19.05,1.52,0.0,copper,Wheat/MM/Lincoln types vary,unknown,1.0,none,0.0,none,0.0,color:unknown
United States,Nickel,USD,2008,2008,5.0,21.21,1.95,0.0,silver,,copper,0.75,nickel,0.25,none,0.0,color:silver
United States,Dime,USD,2008,2008,2.268,17.91,1.35,0.0,silver,Cu-Ni clad,copper,0.9167,nickel,0.0833,none,0.0,phrase:clad
United States,Quarter,USD,2008,2008,5.67,24.26,1.75,0.0,silver,Cu-Ni clad; designs vary,copper,0.9167,nickel,0.0833,none,0.0,phrase:clad
United States,Half Dollar,USD,2008,2008,11.34,30.61,2.15,0.0,silver,Cu-Ni clad,copper,0.9167,nickel,0.0833,none,0.0,phrase:clad
United States,Dollar,USD,2008,2008,8.1,26.5,2.0,0.0,gold,Sacagawea Mn-brass,copper,0.7,zinc,0.3,none,0.0,phrase:brass
United States,Cent,USD,2009,2009,2.5,19.05,1.52,0.0,copper,Wheat/MM/Lincoln types vary,unknown,1.0,none,0.0,none,0.0,color:unknown
United States,Nickel,USD,2009,2009,5.0,21.21,1.95,0.0,silver,,copper,0.75,nickel,0.25,none,0.0,color:silver
United States,Dime,USD,2009,2009,2.268,17.91,1.35,0.0,silver,Cu-Ni clad,copper,0.9167,nickel,0.0833,none,0.0,phrase:clad
United States,Quarter,USD,2009,2009,5.67,24.26,1.75,0.0,silver,Cu-Ni clad; designs vary,copper,0.9167,nickel,0.0833,none,0.0,phrase:clad
United States,Half Dollar,USD,2009,2009,11.34,30.61,2.15,0.0,silver,Cu-Ni clad,copper,0.9167,nickel,0.0833,none,0.0,phrase:clad
United States,Dollar,USD,2009,2009,8.1,26.5,2.0,0.0,gold,Native American $1,copper,0.7,zinc,0.3,none,0.0,color:gold
United States,Cent,USD,2010,2010,2.5,19.05,1.52,0.0,copper,Wheat/MM/Lincoln types vary,unknown,1.0,none,0.0,none,0.0,color:unknown
United States,Nickel,USD,2010,2010,5.0,21.21,1.95,0.0,silver,,copper,0.75,nickel,0.25,none,0.0,color:silver
United States,Dime,USD,2010,2010,2.268,17.91,1.35,0.0,silver,Cu-Ni clad,copper,0.9167,nickel,0.0833,none,0.0,phrase:clad
United States,Quarter,USD,2010,2010,5.67,24.26,1.75,0.0,silver,Cu-Ni clad; designs vary,copper,0.9167,nickel,0.0833,none,0.0,phrase:clad
United States,Half Dollar,USD,2010,2010,11.34,30.61,2.15,0.0,silver,Cu-Ni clad,copper,0.9167,nickel,0.0833,none,0.0,phrase:clad
United States,Dollar,USD,2010,2010,8.1,26.5,2.0,0.0,gold,Native American $1,copper,0.7,zinc,0.3,none,0.0,color:gold
United States,Cent,USD,2011,2011,2.5,19.05,1.52,0.0,copper,Wheat/MM/Lincoln types vary,unknown,1.0,none,0.0,none,0.0,color:unknown
United States,Nickel,USD,2011,2011,5.0,21.21,1.95,0.0,silver,,copper,0.75,nickel,0.25,none,0.0,color:silver
United States,Dime,USD,2011,2011,2.268,17.91,1.35,0.0,silver,Cu-Ni clad,copper,0.9167,nickel,0.0833,none,0.0,phrase:clad
United States,Quarter,USD,2011,2011,5.67,24.26,1.75,0.0,silver,Cu-Ni clad; designs vary,copper,0.9167,nickel,0.0833,none,0.0,phrase:clad
United States,Half Dollar,USD,2011,2011,11.34,30.61,2.15,0.0,silver,Cu-Ni clad,copper,0.9167,nickel,0.0833,none,0.0,phrase:clad
United States,Dollar,USD,2011,2011,8.1,26.5,2.0,0.0,gold,Native American $1,copper,0.7,zinc,0.3,none,0.0,color:gold
United States,Cent,USD,2012,2012,2.5,19.05,1.52,0.0,copper,Wheat/MM/Lincoln types vary,unknown,1.0,none,0.0,none,0.0,color:unknown
United States,Nickel,USD,2012,2012,5.0,21.21,1.95,0.0,silver,,copper,0.75,nickel,0.25,none,0.0,color:silver
United States,Dime,USD,2012,2012,2.268,17.91,1.35,0.0,silver,Cu-Ni clad,copper,0.9167,nickel,0.0833,none,0.0,phrase:clad
United States,Quarter,USD,2012,2012,5.67,24.26,1.75,0.0,silver,Cu-Ni clad; designs vary,copper,0.9167,nickel,0.0833,none,0.0,phrase:clad
United States,Half Dollar,USD,2012,2012,11.34,30.61,2.15,0.0,silver,Cu-Ni clad,copper,0.9167,nickel,0.0833,none,0.0,phrase:clad
United States,Dollar,USD,2012,2012,8.1,26.5,2.0,0.0,gold,Native American $1,copper,0.7,zinc,0.3,none,0.0,color:gold
United States,Cent,USD,2013,2013,2.5,19.05,1.52,0.0,copper,Wheat/MM/Lincoln types vary,unknown,1.0,none,0.0,none,0.0,color:unknown
United States,Nickel,USD,2013,2013,5.0,21.21,1.95,0.0,silver,,copper,0.75,nickel,0.25,none,0.0,color:silver
United States,Dime,USD,2013,2013,2.268,17.91,1.35,0.0,silver,Cu-Ni clad,copper,0.9167,nickel,0.0833,none,0.0,phrase:clad
United States,Quarter,USD,2013,2013,5.67,24.26,1.75,0.0,silver,Cu-Ni clad; designs vary,copper,0.9167,nickel,0.0833,none,0.0,phrase:clad
United States,Half Dollar,USD,2013,2013,11.34,30.61,2.15,0.0,silver,Cu-Ni clad,copper,0.9167,nickel,0.0833,none,0.0,phrase:clad
United States,Dollar,USD,2013,2013,8.1,26.5,2.0,0.0,gold,Native American $1,copper,0.7,zinc,0.3,none,0.0,color:gold
United States,Cent,USD,2014,2014,2.5,19.05,1.52,0.0,copper,Wheat/MM/Lincoln types vary,unknown,1.0,none,0.0,none,0.0,color:unknown
United States,Nickel,USD,2014,2014,5.0,21.21,1.95,0.0,silver,,copper,0.75,nickel,0.25,none,0.0,color:silver
United States,Dime,USD,2014,2014,2.268,17.91,1.35,0.0,silver,Cu-Ni clad,copper,0.9167,nickel,0.0833,none,0.0,phrase:clad
United States,Quarter,USD,2014,2014,5.67,24.26,1.75,0.0,silver,Cu-Ni clad; designs vary,copper,0.9167,nickel,0.0833,none,0.0,phrase:clad
United States,Half Dollar,USD,2014,2014,11.34,30.61,2.15,0.0,silver,Cu-Ni clad,copper,0.9167,nickel,0.0833,none,0.0,phrase:clad
United States,Dollar,USD,2014,2014,8.1,26.5,2.0,0.0,gold,Native American $1,copper,0.7,zinc,0.3,none,0.0,color:gold
United States,Cent,USD,2015,2015,2.5,19.05,1.52,0.0,copper,Wheat/MM/Lincoln types vary,unknown,1.0,none,0.0,none,0.0,color:unknown
United States,Nickel,USD,2015,2015,5.0,21.21,1.95,0.0,silver,,copper,0.75,nickel,0.25,none,0.0,color:silver
United States,Dime,USD,2015,2015,2.268,17.91,1.35,0.0,silver,Cu-Ni clad,copper,0.9167,nickel,0.0833,none,0.0,phrase:clad
United States,Quarter,USD,2015,2015,5.67,24.26,1.75,0.0,silver,Cu-Ni clad; designs vary,copper,0.9167,nickel,0.0833,none,0.0,phrase:clad
United States,Half Dollar,USD,2015,2015,11.34,30.61,2.15,0.0,silver,Cu-Ni clad,copper,0.9167,nickel,0.0833,none,0.0,phrase:clad
United States,Dollar,USD,2015,2015,8.1,26.5,2.0,0.0,gold,Native American $1,copper,0.7,zinc,0.3,none,0.0,color:gold
United States,Cent,USD,2016,2016,2.5,19.05,1.52,0.0,copper,Wheat/MM/Lincoln types vary,unknown,1.0,none,0.0,none,0.0,color:unknown
United States,Nickel,USD,2016,2016,5.0,21.21,1.95,0.0,silver,,copper,0.75,nickel,0.25,none,0.0,color:silver
United States,Dime,USD,2016,2016,2.268,17.91,1.35,0.0,silver,Cu-Ni clad,copper,0.9167,nickel,0.0833,none,0.0,phrase:clad
United States,Quarter,USD,2016,2016,5.67,24.26,1.75,0.0,silver,Cu-Ni clad; designs vary,copper,0.9167,nickel,0.0833,none,0.0,phrase:clad
United States,Half Dollar,USD,2016,2016,11.34,30.61,2.15,0.0,silver,Cu-Ni clad,copper,0.9167,nickel,0.0833,none,0.0,phrase:clad
United States,Dollar,USD,2016,2016,8.1,26.5,2.0,0.0,gold,Native American $1,copper,0.7,zinc,0.3,none,0.0,color:gold
United States,Cent,USD,2017,2017,2.5,19.05,1.52,0.0,copper,Wheat/MM/Lincoln types vary,unknown,1.0,none,0.0,none,0.0,color:unknown
United States,Nickel,USD,2017,2017,5.0,21.21,1.95,0.0,silver,,copper,0.75,nickel,0.25,none,0.0,color:silver
United States,Dime,USD,2017,2017,2.268,17.91,1.35,0.0,silver,Cu-Ni clad,copper,0.9167,nickel,0.0833,none,0.0,phrase:clad
United States,Quarter,USD,2017,2017,5.67,24.26,1.75,0.0,silver,Cu-Ni clad; designs vary,copper,0.9167,nickel,0.0833,none,0.0,phrase:clad
United States,Half Dollar,USD,2017,2017,11.34,30.61,2.15,0.0,silver,Cu-Ni clad,copper,0.9167,nickel,0.0833,none,0.0,phrase:clad
United States,Dollar,USD,2017,2017,8.1,26.5,2.0,0.0,gold,Native American $1,copper,0.7,zinc,0.3,none,0.0,color:gold
United States,Cent,USD,2018,2018,2.5,19.05,1.52,0.0,copper,Wheat/MM/Lincoln types vary,unknown,1.0,none,0.0,none,0.0,color:unknown
United States,Nickel,USD,2018,2018,5.0,21.21,1.95,0.0,silver,,copper,0.75,nickel,0.25,none,0.0,color:silver
United States,Dime,USD,2018,2018,2.268,17.91,1.35,0.0,silver,Cu-Ni clad,copper,0.9167,nickel,0.0833,none,0.0,phrase:clad
United States,Quarter,USD,2018,2018,5.67,24.26,1.75,0.0,silver,Cu-Ni clad; designs vary,copper,0.9167,nickel,0.0833,none,0.0,phrase:clad
United States,Half Dollar,USD,2018,2018,11.34,30.61,2.15,0.0,silver,Cu-Ni clad,copper,0.9167,nickel,0.0833,none,0.0,phrase:clad
United States,Dollar,USD,2018,2018,8.1,26.5,2.0,0.0,gold,Native American $1,copper,0.7,zinc,0.3,none,0.0,color:gold
United States,Cent,USD,2019,2019,2.5,19.05,1.52,0.0,copper,Wheat/MM/Lincoln types vary,unknown,1.0,none,0.0,none,0.0,color:unknown
United States,Nickel,USD,2019,2019,5.0,21.21,1.95,0.0,silver,,copper,0.75,nickel,0.25,none,0.0,color:silver
United States,Dime,USD,2019,2019,2.268,17.91,1.35,0.0,silver,Cu-Ni clad,copper,0.9167,nickel,0.0833,none,0.0,phrase:clad
United States,Quarter,USD,2019,2019,5.67,24.26,1.75,0.0,silver,Cu-Ni clad; designs vary,copper,0.9167,nickel,0.0833,none,0.0,phrase:clad
United States,Half Dollar,USD,2019,2019,11.34,30.61,2.15,0.0,silver,Cu-Ni clad,copper,0.9167,nickel,0.0833,none,0.0,phrase:clad
United States,Dollar,USD,2019,2019,8.1,26.5,2.0,0.0,gold,Native American $1,copper,0.7,zinc,0.3,none,0.0,color:gold
United States,Cent,USD,2020,2020,2.5,19.05,1.52,0.0,copper,Wheat/MM/Lincoln types vary,unknown,1.0,none,0.0,none,0.0,color:unknown
United States,Nickel,USD,2020,2020,5.0,21.21,1.95,0.0,silver,,copper,0.75,nickel,0.25,none,0.0,color:silver
United States,Dime,USD,2020,2020,2.268,17.91,1.35,0.0,silver,Cu-Ni clad,copper,0.9167,nickel,0.0833,none,0.0,phrase:clad
United States,Quarter,USD,2020,2020,5.67,24.26,1.75,0.0,silver,Cu-Ni clad; designs vary,copper,0.9167,nickel,0.0833,none,0.0,phrase:clad
United States,Half Dollar,USD,2020,2020,11.34,30.61,2.15,0.0,silver,Cu-Ni clad,copper,0.9167,nickel,0.0833,none,0.0,phrase:clad
United States,Dollar,USD,2020,2020,8.1,26.5,2.0,0.0,gold,Native American $1,copper,0.7,zinc,0.3,none,0.0,color:gold
United States,Cent,USD,2021,2021,2.5,19.05,1.52,0.0,copper,Wheat/MM/Lincoln types vary,unknown,1.0,none,0.0,none,0.0,color:unknown
United States,Nickel,USD,2021,2021,5.0,21.21,1.95,0.0,silver,,copper,0.75,nickel,0.25,none,0.0,color:silver
United States,Dime,USD,2021,2021,2.268,17.91,1.35,0.0,silver,Cu-Ni clad,copper,0.9167,nickel,0.0833,none,0.0,phrase:clad
United States,Quarter,USD,2021,2021,5.67,24.26,1.75,0.0,silver,Cu-Ni clad; designs vary,copper,0.9167,nickel,0.0833,none,0.0,phrase:clad
United States,Half Dollar,USD,2021,2021,11.34,30.61,2.15,0.0,silver,Cu-Ni clad,copper,0.9167,nickel,0.0833,none,0.0,phrase:clad
United States,Dollar,USD,2021,2021,8.1,26.5,2.0,0.0,gold,Native American $1,copper,0.7,zinc,0.3,none,0.0,color:gold
United States,Cent,USD,2022,2022,2.5,19.05,1.52,0.0,copper,Wheat/MM/Lincoln types vary,unknown,1.0,none,0.0,none,0.0,color:unknown
United States,Nickel,USD,2022,2022,5.0,21.21,1.95,0.0,silver,,copper,0.75,nickel,0.25,none,0.0,color:silver
United States,Dime,USD,2022,2022,2.268,17.91,1.35,0.0,silver,Cu-Ni clad,copper,0.9167,nickel,0.0833,none,0.0,phrase:clad
United States,Quarter,USD,2022,2022,5.67,24.26,1.75,0.0,silver,Cu-Ni clad; designs vary,copper,0.9167,nickel,0.0833,none,0.0,phrase:clad
United States,Half Dollar,USD,2022,2022,11.34,30.61,2.15,0.0,silver,Cu-Ni clad,copper,0.9167,nickel,0.0833,none,0.0,phrase:clad
United States,Dollar,USD,2022,2022,8.1,26.5,2.0,0.0,gold,Native American $1,copper,0.7,zinc,0.3,none,0.0,color:gold
United States,Cent,USD,2023,2023,2.5,19.05,1.52,0.0,copper,Wheat/MM/Lincoln types vary,unknown,1.0,none,0.0,none,0.0,color:unknown
United States,Nickel,USD,2023,2023,5.0,21.21,1.95,0.0,silver,,copper,0.75,nickel,0.25,none,0.0,color:silver
United States,Dime,USD,2023,2023,2.268,17.91,1.35,0.0,silver,Cu-Ni clad,copper,0.9167,nickel,0.0833,none,0.0,phrase:clad
United States,Quarter,USD,2023,2023,5.67,24.26,1.75,0.0,silver,Cu-Ni clad; designs vary,copper,0.9167,nickel,0.0833,none,0.0,phrase:clad
United States,Half Dollar,USD,2023,2023,11.34,30.61,2.15,0.0,silver,Cu-Ni clad,copper,0.9167,nickel,0.0833,none,0.0,phrase:clad
United States,Dollar,USD,2023,2023,8.1,26.5,2.0,0.0,gold,Native American $1,copper,0.7,zinc,0.3,none,0.0,color:gold
United States,Cent,USD,2024,2024,2.5,19.05,1.52,0.0,copper,Wheat/MM/Lincoln types vary,unknown,1.0,none,0.0,none,0.0,color:unknown
United States,Nickel,USD,2024,2024,5.0,21.21,1.95,0.0,silver,,copper,0.75,nickel,0.25,none,0.0,color:silver
United States,Dime,USD,2024,2024,2.268,17.91,1.35,0.0,silver,Cu-Ni clad,copper,0.9167,nickel,0.0833,none,0.0,phrase:clad
United States,Quarter,USD,2024,2024,5.67,24.26,1.75,0.0,silver,Cu-Ni clad; designs vary,copper,0.9167,nickel,0.0833,none,0.0,phrase:clad
United States,Half Dollar,USD,2024,2024,11.34,30.61,2.15,0.0,silver,Cu-Ni clad,copper,0.9167,nickel,0.0833,none,0.0,phrase:clad
United States,Dollar,USD,2024,2024,8.1,26.5,2.0,0.0,gold,Native American $1,copper,0.7,zinc,0.3,none,0.0,color:gold
United States,Cent,USD,2025,2025,2.5,19.05,1.52,0.0,copper,Wheat/MM/Lincoln types vary,unknown,1.0,none,0.0,none,0.0,color:unknown
United States,Nickel,USD,2025,2025,5.0,21.21,1.95,0.0,silver,,copper,0.75,nickel,0.25,none,0.0,color:silver
United States,Dime,USD,2025,2025,2.268,17.91,1.35,0.0,silver,Cu-Ni clad,copper,0.9167,nickel,0.0833,none,0.0,phrase:clad
United States,Quarter,USD,2025,2025,5.67,24.26,1.75,0.0,silver,Cu-Ni clad; designs vary,copper,0.9167,nickel,0.0833,none,0.0,phrase:clad
United States,Half Dollar,USD,2025,2025,11.34,30.61,2.15,0.0,silver,Cu-Ni clad,copper,0.9167,nickel,0.0833,none,0.0,phrase:clad
United States,Dollar,USD,2025,2025,8.1,26.5,2.0,0.0,gold,Native American $1,copper,0.7,zinc,0.3,none,0.0,color:gold
Austria,1 cent,EUR,2002,2025,3.0,16.25,1.67,0.0,copper,Euro standard specs,unknown,1.0,none,0.0,none,0.0,color:unknown
Austria,2 cent,EUR,2002,2025,4.0,18.75,1.67,0.0,copper,Euro standard specs,unknown,1.0,none,0.0,none,0.0,color:unknown
Austria,5 cent,EUR,2002,2025,3.0,21.25,1.67,0.0,copper,Euro standard specs,unknown,1.0,none,0.0,none,0.0,color:unknown
Austria,10 cent,EUR,2002,2025,4.0,19.75,1.93,0.0,gold,Euro standard specs,copper,0.7,zinc,0.3,none,0.0,color:gold
Austria,20 cent,EUR,2002,2025,5.0,22.25,2.14,0.0,gold,Euro standard specs,copper,0.7,zinc,0.3,none,0.0,color:gold
Austria,50 cent,EUR,2002,2025,8.5,24.25,2.38,0.0,gold,Euro standard specs,copper,0.7,zinc,0.3,none,0.0,color:gold
Austria,1 euro,EUR,2002,2025,7.5,23.25,2.33,0.0,bimetal,Euro standard specs,unknown,1.0,none,0.0,none,0.0,color:unknown
Austria,2 euro,EUR,2002,2025,8.5,25.75,2.2,0.0,bimetal,Euro standard specs,unknown,1.0,none,0.0,none,0.0,color:unknown
Belgium,1 cent,EUR,2002,2025,3.0,16.25,1.67,0.0,copper,Euro standard specs,unknown,1.0,none,0.0,none,0.0,color:unknown
Belgium,2 cent,EUR,2002,2025,4.0,18.75,1.67,0.0,copper,Euro standard specs,unknown,1.0,none,0.0,none,0.0,color:unknown
Belgium,5 cent,EUR,2002,2025,3.0,21.25,1.67,0.0,copper,Euro standard specs,unknown,1.0,none,0.0,none,0.0,color:unknown
Belgium,10 cent,EUR,2002,2025,4.0,19.75,1.93,0.0,gold,Euro standard specs,copper,0.7,zinc,0.3,none,0.0,color:gold
Belgium,20 cent,EUR,2002,2025,5.0,22.25,2.14,0.0,gold,Euro standard specs,copper,0.7,zinc,0.3,none,0.0,color:gold
Belgium,50 cent,EUR,2002,2025,8.5,24.25,2.38,0.0,gold,Euro standard specs,copper,0.7,zinc,0.3,none,0.0,color:gold
Belgium,1 euro,EUR,2002,2025,7.5,23.25,2.33,0.0,bimetal,Euro standard specs,unknown,1.0,none,0.0,none,0.0,color:unknown
Belgium,2 euro,EUR,2002,2025,8.5,25.75,2.2,0.0,bimetal,Euro standard specs,unknown,1.0,none,0.0,none,0.0,color:unknown
Cyprus,1 cent,EUR,2002,2025,3.0,16.25,1.67,0.0,copper,Euro standard specs,unknown,1.0,none,0.0,none,0.0,color:unknown
Cyprus,2 cent,EUR,2002,2025,4.0,18.75,1.67,0.0,copper,Euro standard specs,unknown,1.0,none,0.0,none,0.0,color:unknown
Cyprus,5 cent,EUR,2002,2025,3.0,21.25,1.67,0.0,copper,Euro standard specs,unknown,1.0,none,0.0,none,0.0,color:unknown
Cyprus,10 cent,EUR,2002,2025,4.0,19.75,1.93,0.0,gold,Euro standard specs,copper,0.7,zinc,0.3,none,0.0,color:gold
Cyprus,20 cent,EUR,2002,2025,5.0,22.25,2.14,0.0,gold,Euro standard specs,copper,0.7,zinc,0.3,none,0.0,color:gold
Cyprus,50 cent,EUR,2002,2025,8.5,24.25,2.38,0.0,gold,Euro standard specs,copper,0.7,zinc,0.3,none,0.0,color:gold
Cyprus,1 euro,EUR,2002,2025,7.5,23.25,2.33,0.0,bimetal,Euro standard specs,unknown,1.0,none,0.0,none,0.0,color:unknown
Cyprus,2 euro,EUR,2002,2025,8.5,25.75,2.2,0.0,bimetal,Euro standard specs,unknown,1.0,none,0.0,none,0.0,color:unknown
Estonia,1 cent,EUR,2002,2025,3.0,16.25,1.67,0.0,copper,Euro standard specs,unknown,1.0,none,0.0,none,0.0,color:unknown
Estonia,2 cent,EUR,2002,2025,4.0,18.75,1.67,0.0,copper,Euro standard specs,unknown,1.0,none,0.0,none,0.0,color:unknown
Estonia,5 cent,EUR,2002,2025,3.0,21.25,1.67,0.0,copper,Euro standard specs,unknown,1.0,none,0.0,none,0.0,color:unknown
Estonia,10 cent,EUR,2002,2025,4.0,19.75,1.93,0.0,gold,Euro standard specs,copper,0.7,zinc,0.3,none,0.0,color:gold
Estonia,20 cent,EUR,2002,2025,5.0,22.25,2.14,0.0,gold,Euro standard specs,copper,0.7,zinc,0.3,none,0.0,color:gold
Estonia,50 cent,EUR,2002,2025,8.5,24.25,2.38,0.0,gold,Euro standard specs,copper,0.7,zinc,0.3,none,0.0,color:gold
Estonia,1 euro,EUR,2002,2025,7.5,23.25,2.33,0.0,bimetal,Euro standard specs,unknown,1.0,none,0.0,none,0.0,color:unknown
Estonia,2 euro,EUR,2002,2025,8.5,25.75,2.2,0.0,bimetal,Euro standard specs,unknown,1.0,none,0.0,none,0.0,color:unknown
Finland,1 cent,EUR,2002,2025,3.0,16.25,1.67,0.0,copper,Euro standard specs,unknown,1.0,none,0.0,none,0.0,color:unknown
Finland,2 cent,EUR,2002,2025,4.0,18.75,1.67,0.0,copper,Euro standard specs,unknown,1.0,none,0.0,none,0.0,color:unknown
Finland,5 cent,EUR,2002,2025,3.0,21.25,1.67,0.0,copper,Euro standard specs,unknown,1.0,none,0.0,none,0.0,color:unknown
Finland,10 cent,EUR,2002,2025,4.0,19.75,1.93,0.0,gold,Euro standard specs,copper,0.7,zinc,0.3,none,0.0,color:gold
Finland,20 cent,EUR,2002,2025,5.0,22.25,2.14,0.0,gold,Euro standard specs,copper,0.7,zinc,0.3,none,0.0,color:gold
Finland,50 cent,EUR,2002,2025,8.5,24.25,2.38,0.0,gold,Euro standard specs,copper,0.7,zinc,0.3,none,0.0,color:gold
Finland,1 euro,EUR,2002,2025,7.5,23.25,2.33,0.0,bimetal,Euro standard specs,unknown,1.0,none,0.0,none,0.0,color:unknown
Finland,2 euro,EUR,2002,2025,8.5,25.75,2.2,0.0,bimetal,Euro standard specs,unknown,1.0,none,0.0,none,0.0,color:unknown
France,1 cent,EUR,2002,2025,3.0,16.25,1.67,0.0,copper,Euro standard specs,unknown,1.0,none,0.0,none,0.0,color:unknown
France,2 cent,EUR,2002,2025,4.0,18.75,1.67,0.0,copper,Euro standard specs,unknown,1.0,none,0.0,none,0.0,color:unknown
France,5 cent,EUR,2002,2025,3.0,21.25,1.67,0.0,copper,Euro standard specs,unknown,1.0,none,0.0,none,0.0,color:unknown
France,10 cent,EUR,2002,2025,4.0,19.75,1.93,0.0,gold,Euro standard specs,copper,0.7,zinc,0.3,none,0.0,color:gold
France,20 cent,EUR,2002,2025,5.0,22.25,2.14,0.0,gold,Euro standard specs,copper,0.7,zinc,0.3,none,0.0,color:gold
France,50 cent,EUR,2002,2025,8.5,24.25,2.38,0.0,gold,Euro standard specs,copper,0.7,zinc,0.3,none,0.0,color:gold
France,1 euro,EUR,2002,2025,7.5,23.25,2.33,0.0,bimetal,Euro standard specs,unknown,1.0,none,0.0,none,0.0,color:unknown
France,2 euro,EUR,2002,2025,8.5,25.75,2.2,0.0,bimetal,Euro standard specs,unknown,1.0,none,0.0,none,0.0,color:unknown
Germany,1 cent,EUR,2002,2025,3.0,16.25,1.67,0.0,copper,Euro standard specs,unknown,1.0,none,0.0,none,0.0,color:unknown
Germany,2 cent,EUR,2002,2025,4.0,18.75,1.67,0.0,copper,Euro standard specs,unknown,1.0,none,0.0,none,0.0,color:unknown
Germany,5 cent,EUR,2002,2025,3.0,21.25,1.67,0.0,copper,Euro standard specs,unknown,1.0,none,0.0,none,0.0,color:unknown
Germany,10 cent,EUR,2002,2025,4.0,19.75,1.93,0.0,gold,Euro standard specs,copper,0.7,zinc,0.3,none,0.0,color:gold
Germany,20 cent,EUR,2002,2025,5.0,22.25,2.14,0.0,gold,Euro standard specs,copper,0.7,zinc,0.3,none,0.0,color:gold
Germany,50 cent,EUR,2002,2025,8.5,24.25,2.38,0.0,gold,Euro standard specs,copper,0.7,zinc,0.3,none,0.0,color:gold
Germany,1 euro,EUR,2002,2025,7.5,23.25,2.33,0.0,bimetal,Euro standard specs,unknown,1.0,none,0.0,none,0.0,color:unknown
Germany,2 euro,EUR,2002,2025,8.5,25.75,2.2,0.0,bimetal,Euro standard specs,unknown,1.0,none,0.0,none,0.0,color:unknown
Greece,1 cent,EUR,2002,2025,3.0,16.25,1.67,0.0,copper,Euro standard specs,unknown,1.0,none,0.0,none,0.0,color:unknown
Greece,2 cent,EUR,2002,2025,4.0,18.75,1.67,0.0,copper,Euro standard specs,unknown,1.0,none,0.0,none,0.0,color:unknown
Greece,5 cent,EUR,2002,2025,3.0,21.25,1.67,0.0,copper,Euro standard specs,unknown,1.0,none,0.0,none,0.0,color:unknown
Greece,10 cent,EUR,2002,2025,4.0,19.75,1.93,0.0,gold,Euro standard specs,copper,0.7,zinc,0.3,none,0.0,color:gold
Greece,20 cent,EUR,2002,2025,5.0,22.25,2.14,0.0,gold,Euro standard specs,copper,0.7,zinc,0.3,none,0.0,color:gold
Greece,50 cent,EUR,2002,2025,8.5,24.25,2.38,0.0,gold,Euro standard specs,copper,0.7,zinc,0.3,none,0.0,color:gold
Greece,1 euro,EUR,2002,2025,7.5,23.25,2.33,0.0,bimetal,Euro standard specs,unknown,1.0,none,0.0,none,0.0,color:unknown
Greece,2 euro,EUR,2002,2025,8.5,25.75,2.2,0.0,bimetal,Euro standard specs,unknown,1.0,none,0.0,none,0.0,color:unknown
Ireland,1 cent,EUR,2002,2025,3.0,16.25,1.67,0.0,copper,Euro standard specs,unknown,1.0,none,0.0,none,0.0,color:unknown
Ireland,2 cent,EUR,2002,2025,4.0,18.75,1.67,0.0,copper,Euro standard specs,unknown,1.0,none,0.0,none,0.0,color:unknown
Ireland,5 cent,EUR,2002,2025,3.0,21.25,1.67,0.0,copper,Euro standard specs,unknown,1.0,none,0.0,none,0.0,color:unknown
Ireland,10 cent,EUR,2002,2025,4.0,19.75,1.93,0.0,gold,Euro standard specs,copper,0.7,zinc,0.3,none,0.0,color:gold
Ireland,20 cent,EUR,2002,2025,5.0,22.25,2.14,0.0,gold,Euro standard specs,copper,0.7,zinc,0.3,none,0.0,color:gold
Ireland,50 cent,EUR,2002,2025,8.5,24.25,2.38,0.0,gold,Euro standard specs,copper,0.7,zinc,0.3,none,0.0,color:gold
Ireland,1 euro,EUR,2002,2025,7.5,23.25,2.33,0.0,bimetal,Euro standard specs,unknown,1.0,none,0.0,none,0.0,color:unknown
Ireland,2 euro,EUR,2002,2025,8.5,25.75,2.2,0.0,bimetal,Euro standard specs,unknown,1.0,none,0.0,none,0.0,color:unknown
Italy,1 cent,EUR,2002,2025,3.0,16.25,1.67,0.0,copper,Euro standard specs,unknown,1.0,none,0.0,none,0.0,color:unknown
Italy,2 cent,EUR,2002,2025,4.0,18.75,1.67,0.0,copper,Euro standard specs,unknown,1.0,none,0.0,none,0.0,color:unknown
Italy,5 cent,EUR,2002,2025,3.0,21.25,1.67,0.0,copper,Euro standard specs,unknown,1.0,none,0.0,none,0.0,color:unknown
Italy,10 cent,EUR,2002,2025,4.0,19.75,1.93,0.0,gold,Euro standard specs,copper,0.7,zinc,0.3,none,0.0,color:gold
Italy,20 cent,EUR,2002,2025,5.0,22.25,2.14,0.0,gold,Euro standard specs,copper,0.7,zinc,0.3,none,0.0,color:gold
Italy,50 cent,EUR,2002,2025,8.5,24.25,2.38,0.0,gold,Euro standard specs,copper,0.7,zinc,0.3,none,0.0,color:gold
Italy,1 euro,EUR,2002,2025,7.5,23.25,2.33,0.0,bimetal,Euro standard specs,unknown,1.0,none,0.0,none,0.0,color:unknown
Italy,2 euro,EUR,2002,2025,8.5,25.75,2.2,0.0,bimetal,Euro standard specs,unknown,1.0,none,0.0,none,0.0,color:unknown
Latvia,1 cent,EUR,2002,2025,3.0,16.25,1.67,0.0,copper,Euro standard specs,unknown,1.0,none,0.0,none,0.0,color:unknown
Latvia,2 cent,EUR,2002,2025,4.0,18.75,1.67,0.0,copper,Euro standard specs,unknown,1.0,none,0.0,none,0.0,color:unknown
Latvia,5 cent,EUR,2002,2025,3.0,21.25,1.67,0.0,copper,Euro standard specs,unknown,1.0,none,0.0,none,0.0,color:unknown
Latvia,10 cent,EUR,2002,2025,4.0,19.75,1.93,0.0,gold,Euro standard specs,copper,0.7,zinc,0.3,none,0.0,color:gold
Latvia,20 cent,EUR,2002,2025,5.0,22.25,2.14,0.0,gold,Euro standard specs,copper,0.7,zinc,0.3,none,0.0,color:gold
Latvia,50 cent,EUR,2002,2025,8.5,24.25,2.38,0.0,gold,Euro standard specs,copper,0.7,zinc,0.3,none,0.0,color:gold
Latvia,1 euro,EUR,2002,2025,7.5,23.25,2.33,0.0,bimetal,Euro standard specs,unknown,1.0,none,0.0,none,0.0,color:unknown
Latvia,2 euro,EUR,2002,2025,8.5,25.75,2.2,0.0,bimetal,Euro standard specs,unknown,1.0,none,0.0,none,0.0,color:unknown
Lithuania,1 cent,EUR,2002,2025,3.0,16.25,1.67,0.0,copper,Euro standard specs,unknown,1.0,none,0.0,none,0.0,color:unknown
Lithuania,2 cent,EUR,2002,2025,4.0,18.75,1.67,0.0,copper,Euro standard specs,unknown,1.0,none,0.0,none,0.0,color:unknown
Lithuania,5 cent,EUR,2002,2025,3.0,21.25,1.67,0.0,copper,Euro standard specs,unknown,1.0,none,0.0,none,0.0,color:unknown
Lithuania,10 cent,EUR,2002,2025,4.0,19.75,1.93,0.0,gold,Euro standard specs,copper,0.7,zinc,0.3,none,0.0,color:gold
Lithuania,20 cent,EUR,2002,2025,5.0,22.25,2.14,0.0,gold,Euro standard specs,copper,0.7,zinc,0.3,none,0.0,color:gold
Lithuania,50 cent,EUR,2002,2025,8.5,24.25,2.38,0.0,gold,Euro standard specs,copper,0.7,zinc,0.3,none,0.0,color:gold
Lithuania,1 euro,EUR,2002,2025,7.5,23.25,2.33,0.0,bimetal,Euro standard specs,unknown,1.0,none,0.0,none,0.0,color:unknown
Lithuania,2 euro,EUR,2002,2025,8.5,25.75,2.2,0.0,bimetal,Euro standard specs,unknown,1.0,none,0.0,none,0.0,color:unknown
Luxembourg,1 cent,EUR,2002,2025,3.0,16.25,1.67,0.0,copper,Euro standard specs,unknown,1.0,none,0.0,none,0.0,color:unknown
Luxembourg,2 cent,EUR,2002,2025,4.0,18.75,1.67,0.0,copper,Euro standard specs,unknown,1.0,none,0.0,none,0.0,color:unknown
Luxembourg,5 cent,EUR,2002,2025,3.0,21.25,1.67,0.0,copper,Euro standard specs,unknown,1.0,none,0.0,none,0.0,color:unknown
Luxembourg,10 cent,EUR,2002,2025,4.0,19.75,1.93,0.0,gold,Euro standard specs,copper,0.7,zinc,0.3,none,0.0,color:gold
Luxembourg,20 cent,EUR,2002,2025,5.0,22.25,2.14,0.0,gold,Euro standard specs,copper,0.7,zinc,0.3,none,0.0,color:gold
Luxembourg,50 cent,EUR,2002,2025,8.5,24.25,2.38,0.0,gold,Euro standard specs,copper,0.7,zinc,0.3,none,0.0,color:gold
Luxembourg,1 euro,EUR,2002,2025,7.5,23.25,2.33,0.0,bimetal,Euro standard specs,unknown,1.0,none,0.0,none,0.0,color:unknown
Luxembourg,2 euro,EUR,2002,2025,8.5,25.75,2.2,0.0,bimetal,Euro standard specs,unknown,1.0,none,0.0,none,0.0,color:unknown
Malta,1 cent,EUR,2002,2025,3.0,16.25,1.67,0.0,copper,Euro standard specs,unknown,1.0,none,0.0,none,0.0,color:unknown
Malta,2 cent,EUR,2002,2025,4.0,18.75,1.67,0.0,copper,Euro standard specs,unknown,1.0,none,0.0,none,0.0,color:unknown
Malta,5 cent,EUR,2002,2025,3.0,21.25,1.67,0.0,copper,Euro standard specs,unknown,1.0,none,0.0,none,0.0,color:unknown
Malta,10 cent,EUR,2002,2025,4.0,19.75,1.93,0.0,gold,Euro standard specs,copper,0.7,zinc,0.3,none,0.0,color:gold
Malta,20 cent,EUR,2002,2025,5.0,22.25,2.14,0.0,gold,Euro standard specs,copper,0.7,zinc,0.3,none,0.0,color:gold
Malta,50 cent,EUR,2002,2025,8.5,24.25,2.38,0.0,gold,Euro standard specs,copper,0.7,zinc,0.3,none,0.0,color:gold
Malta,1 euro,EUR,2002,2025,7.5,23.25,2.33,0.0,bimetal,Euro standard specs,unknown,1.0,none,0.0,none,0.0,color:unknown
Malta,2 euro,EUR,2002,2025,8.5,25.75,2.2,0.0,bimetal,Euro standard specs,unknown,1.0,none,0.0,none,0.0,color:unknown
Netherlands,1 cent,EUR,2002,2025,3.0,16.25,1.67,0.0,copper,Euro standard specs,unknown,1.0,none,0.0,none,0.0,color:unknown
Netherlands,2 cent,EUR,2002,2025,4.0,18.75,1.67,0.0,copper,Euro standard specs,unknown,1.0,none,0.0,none,0.0,color:unknown
Netherlands,5 cent,EUR,2002,2025,3.0,21.25,1.67,0.0,copper,Euro standard specs,unknown,1.0,none,0.0,none,0.0,color:unknown
Netherlands,10 cent,EUR,2002,2025,4.0,19.75,1.93,0.0,gold,Euro standard specs,copper,0.7,zinc,0.3,none,0.0,color:gold
Netherlands,20 cent,EUR,2002,2025,5.0,22.25,2.14,0.0,gold,Euro standard specs,copper,0.7,zinc,0.3,none,0.0,color:gold
Netherlands,50 cent,EUR,2002,2025,8.5,24.25,2.38,0.0,gold,Euro standard specs,copper,0.7,zinc,0.3,none,0.0,color:gold
Netherlands,1 euro,EUR,2002,2025,7.5,23.25,2.33,0.0,bimetal,Euro standard specs,unknown,1.0,none,0.0,none,0.0,color:unknown
Netherlands,2 euro,EUR,2002,2025,8.5,25.75,2.2,0.0,bimetal,Euro standard specs,unknown,1.0,none,0.0,none,0.0,color:unknown
Portugal,1 cent,EUR,2002,2025,3.0,16.25,1.67,0.0,copper,Euro standard specs,unknown,1.0,none,0.0,none,0.0,color:unknown
Portugal,2 cent,EUR,2002,2025,4.0,18.75,1.67,0.0,copper,Euro standard specs,unknown,1.0,none,0.0,none,0.0,color:unknown
Portugal,5 cent,EUR,2002,2025,3.0,21.25,1.67,0.0,copper,Euro standard specs,unknown,1.0,none,0.0,none,0.0,color:unknown
Portugal,10 cent,EUR,2002,2025,4.0,19.75,1.93,0.0,gold,Euro standard specs,copper,0.7,zinc,0.3,none,0.0,color:gold
Portugal,20 cent,EUR,2002,2025,5.0,22.25,2.14,0.0,gold,Euro standard specs,copper,0.7,zinc,0.3,none,0.0,color:gold
Portugal,50 cent,EUR,2002,2025,8.5,24.25,2.38,0.0,gold,Euro standard specs,copper,0.7,zinc,0.3,none,0.0,color:gold
Portugal,1 euro,EUR,2002,2025,7.5,23.25,2.33,0.0,bimetal,Euro standard specs,unknown,1.0,none,0.0,none,0.0,color:unknown
Portugal,2 euro,EUR,2002,2025,8.5,25.75,2.2,0.0,bimetal,Euro standard specs,unknown,1.0,none,0.0,none,0.0,color:unknown
Slovakia,1 cent,EUR,2002,2025,3.0,16.25,1.67,0.0,copper,Euro standard specs,unknown,1.0,none,0.0,none,0.0,color:unknown
Slovakia,2 cent,EUR,2002,2025,4.0,18.75,1.67,0.0,copper,Euro standard specs,unknown,1.0,none,0.0,none,0.0,color:unknown
Slovakia,5 cent,EUR,2002,2025,3.0,21.25,1.67,0.0,copper,Euro standard specs,unknown,1.0,none,0.0,none,0.0,color:unknown
Slovakia,10 cent,EUR,2002,2025,4.0,19.75,1.93,0.0,gold,Euro standard specs,copper,0.7,zinc,0.3,none,0.0,color:gold
Slovakia,20 cent,EUR,2002,2025,5.0,22.25,2.14,0.0,gold,Euro standard specs,copper,0.7,zinc,0.3,none,0.0,color:gold
Slovakia,50 cent,EUR,2002,2025,8.5,24.25,2.38,0.0,gold,Euro standard specs,copper,0.7,zinc,0.3,none,0.0,color:gold
Slovakia,1 euro,EUR,2002,2025,7.5,23.25,2.33,0.0,bimetal,Euro standard specs,unknown,1.0,none,0.0,none,0.0,color:unknown
Slovakia,2 euro,EUR,2002,2025,8.5,25.75,2.2,0.0,bimetal,Euro standard specs,unknown,1.0,none,0.0,none,0.0,color:unknown
Slovenia,1 cent,EUR,2002,2025,3.0,16.25,1.67,0.0,copper,Euro standard specs,unknown,1.0,none,0.0,none,0.0,color:unknown
Slovenia,2 cent,EUR,2002,2025,4.0,18.75,1.67,0.0,copper,Euro standard specs,unknown,1.0,none,0.0,none,0.0,color:unknown
Slovenia,5 cent,EUR,2002,2025,3.0,21.25,1.67,0.0,copper,Euro standard specs,unknown,1.0,none,0.0,none,0.0,color:unknown
Slovenia,10 cent,EUR,2002,2025,4.0,19.75,1.93,0.0,gold,Euro standard specs,copper,0.7,zinc,0.3,none,0.0,color:gold
Slovenia,20 cent,EUR,2002,2025,5.0,22.25,2.14,0.0,gold,Euro standard specs,copper,0.7,zinc,0.3,none,0.0,color:gold
Slovenia,50 cent,EUR,2002,2025,8.5,24.25,2.38,0.0,gold,Euro standard specs,copper,0.7,zinc,0.3,none,0.0,color:gold
Slovenia,1 euro,EUR,2002,2025,7.5,23.25,2.33,0.0,bimetal,Euro standard specs,unknown,1.0,none,0.0,none,0.0,color:unknown
Slovenia,2 euro,EUR,2002,2025,8.5,25.75,2.2,0.0,bimetal,Euro standard specs,unknown,1.0,none,0.0,none,0.0,color:unknown
Spain,1 cent,EUR,2002,2025,3.0,16.25,1.67,0.0,copper,Euro standard specs,unknown,1.0,none,0.0,none,0.0,color:unknown
Spain,2 cent,EUR,2002,2025,4.0,18.75,1.67,0.0,copper,Euro standard specs,unknown,1.0,none,0.0,none,0.0,color:unknown
Spain,5 cent,EUR,2002,2025,3.0,21.25,1.67,0.0,copper,Euro standard specs,unknown,1.0,none,0.0,none,0.0,color:unknown
Spain,10 cent,EUR,2002,2025,4.0,19.75,1.93,0.0,gold,Euro standard specs,copper,0.7,zinc,0.3,none,0.0,color:gold
Spain,20 cent,EUR,2002,2025,5.0,22.25,2.14,0.0,gold,Euro standard specs,copper,0.7,zinc,0.3,none,0.0,color:gold
Spain,50 cent,EUR,2002,2025,8.5,24.25,2.38,0.0,gold,Euro standard specs,copper,0.7,zinc,0.3,none,0.0,color:gold
Spain,1 euro,EUR,2002,2025,7.5,23.25,2.33,0.0,bimetal,Euro standard specs,unknown,1.0,none,0.0,none,0.0,color:unknown
Spain,2 euro,EUR,2002,2025,8.5,25.75,2.2,0.0,bimetal,Euro standard specs,unknown,1.0,none,0.0,none,0.0,color:unknown
Monaco,1 cent,EUR,2002,2025,3.0,16.25,1.67,0.0,copper,Euro standard specs,unknown,1.0,none,0.0,none,0.0,color:unknown
Monaco,2 cent,EUR,2002,2025,4.0,18.75,1.67,0.0,copper,Euro standard specs,unknown,1.0,none,0.0,none,0.0,color:unknown
Monaco,5 cent,EUR,2002,2025,3.0,21.25,1.67,0.0,copper,Euro standard specs,unknown,1.0,none,0.0,none,0.0,color:unknown
Monaco,10 cent,EUR,2002,2025,4.0,19.75,1.93,0.0,gold,Euro standard specs,copper,0.7,zinc,0.3,none,0.0,color:gold
Monaco,20 cent,EUR,2002,2025,5.0,22.25,2.14,0.0,gold,Euro standard specs,copper,0.7,zinc,0.3,none,0.0,color:gold
Monaco,50 cent,EUR,2002,2025,8.5,24.25,2.38,0.0,gold,Euro standard specs,copper,0.7,zinc,0.3,none,0.0,color:gold
Monaco,1 euro,EUR,2002,2025,7.5,23.25,2.33,0.0,bimetal,Euro standard specs,unknown,1.0,none,0.0,none,0.0,color:unknown
Monaco,2 euro,EUR,2002,2025,8.5,25.75,2.2,0.0,bimetal,Euro standard specs,unknown,1.0,none,0.0,none,0.0,color:unknown
San Marino,1 cent,EUR,2002,2025,3.0,16.25,1.67,0.0,copper,Euro standard specs,unknown,1.0,none,0.0,none,0.0,color:unknown
San Marino,2 cent,EUR,2002,2025,4.0,18.75,1.67,0.0,copper,Euro standard specs,unknown,1.0,none,0.0,none,0.0,color:unknown
San Marino,5 cent,EUR,2002,2025,3.0,21.25,1.67,0.0,copper,Euro standard specs,unknown,1.0,none,0.0,none,0.0,color:unknown
San Marino,10 cent,EUR,2002,2025,4.0,19.75,1.93,0.0,gold,Euro standard specs,copper,0.7,zinc,0.3,none,0.0,color:gold
San Marino,20 cent,EUR,2002,2025,5.0,22.25,2.14,0.0,gold,Euro standard specs,copper,0.7,zinc,0.3,none,0.0,color:gold
San Marino,50 cent,EUR,2002,2025,8.5,24.25,2.38,0.0,gold,Euro standard specs,copper,0.7,zinc,0.3,none,0.0,color:gold
San Marino,1 euro,EUR,2002,2025,7.5,23.25,2.33,0.0,bimetal,Euro standard specs,unknown,1.0,none,0.0,none,0.0,color:unknown
San Marino,2 euro,EUR,2002,2025,8.5,25.75,2.2,0.0,bimetal,Euro standard specs,unknown,1.0,none,0.0,none,0.0,color:unknown
Vatican City,1 cent,EUR,2002,2025,3.0,16.25,1.67,0.0,copper,Euro standard specs,unknown,1.0,none,0.0,none,0.0,color:unknown
Vatican City,2 cent,EUR,2002,2025,4.0,18.75,1.67,0.0,copper,Euro standard specs,unknown,1.0,none,0.0,none,0.0,color:unknown
Vatican City,5 cent,EUR,2002,2025,3.0,21.25,1.67,0.0,copper,Euro standard specs,unknown,1.0,none,0.0,none,0.0,color:unknown
Vatican City,10 cent,EUR,2002,2025,4.0,19.75,1.93,0.0,gold,Euro standard specs,copper,0.7,zinc,0.3,none,0.0,color:gold
Vatican City,20 cent,EUR,2002,2025,5.0,22.25,2.14,0.0,gold,Euro standard specs,copper,0.7,zinc,0.3,none,0.0,color:gold
Vatican City,50 cent,EUR,2002,2025,8.5,24.25,2.38,0.0,gold,Euro standard specs,copper,0.7,zinc,0.3,none,0.0,color:gold
Vatican City,1 euro,EUR,2002,2025,7.5,23.25,2.33,0.0,bimetal,Euro standard specs,unknown,1.0,none,0.0,none,0.0,color:unknown
Vatican City,2 euro,EUR,2002,2025,8.5,25.75,2.2,0.0,bimetal,Euro standard specs,unknown,1.0,none,0.0,none,0.0,color:unknown
Andorra,1 cent,EUR,2002,2025,3.0,16.25,1.67,0.0,copper,Euro standard specs,unknown,1.0,none,0.0,none,0.0,color:unknown
Andorra,2 cent,EUR,2002,2025,4.0,18.75,1.67,0.0,copper,Euro standard specs,unknown,1.0,none,0.0,none,0.0,color:unknown
Andorra,5 cent,EUR,2002,2025,3.0,21.25,1.67,0.0,copper,Euro standard specs,unknown,1.0,none,0.0,none,0.0,color:unknown
Andorra,10 cent,EUR,2002,2025,4.0,19.75,1.93,0.0,gold,Euro standard specs,copper,0.7,zinc,0.3,none,0.0,color:gold
Andorra,20 cent,EUR,2002,2025,5.0,22.25,2.14,0.0,gold,Euro standard specs,copper,0.7,zinc,0.3,none,0.0,color:gold
Andorra,50 cent,EUR,2002,2025,8.5,24.25,2.38,0.0,gold,Euro standard specs,copper,0.7,zinc,0.3,none,0.0,color:gold
Andorra,1 euro,EUR,2002,2025,7.5,23.25,2.33,0.0,bimetal,Euro standard specs,unknown,1.0,none,0.0,none,0.0,color:unknown
Andorra,2 euro,EUR,2002,2025,8.5,25.75,2.2,0.0,bimetal,Euro standard specs,unknown,1.0,none,0.0,none,0.0,color:unknown
Japan,1 Yen,JPY,1950,2025,1.0,20.0,1.5,0.0,silver,Aluminum,aluminum,1.0,none,0.0,none,0.0,notes:metals
Japan,5 Yen,JPY,1950,2025,3.75,22.0,1.5,5.0,gold,Brass; holed,copper,0.7,zinc,0.3,none,0.0,phrase:brass
Japan,10 Yen,JPY,1950,2025,4.5,23.5,1.5,0.0,brown,Bronze,copper,0.95,tin,0.05,none,0.0,phrase:bronze
Japan,50 Yen,JPY,1950,2025,4.0,21.0,1.7,4.0,silver,Cu-Ni; holed,copper,0.75,nickel,0.25,none,0.0,color:silver
Japan,100 Yen,JPY,1950,2025,4.8,22.6,1.7,0.0,silver,Cu-Ni,copper,0.75,nickel,0.25,none,0.0,color:silver
Japan,500 Yen,JPY,1950,2025,7.0,26.5,2.0,0.0,gold,Nickel-brass,copper,0.7,zinc,0.24,nickel,0.06,phrase:nickel-brass
United Kingdom,1p,GBP,1971,2025,3.56,20.3,1.65,0.0,copper,Decimal issues; sizes changed for 5p/10p in 1990s,unknown,1.0,none,0.0,none,0.0,color:unknown
United Kingdom,2p,GBP,1971,2025,7.12,25.91,1.85,0.0,copper,Decimal issues; sizes changed for 5p/10p in 1990s,unknown,1.0,none,0.0,none,0.0,color:unknown
United Kingdom,5p,GBP,1971,2025,3.25,18.0,1.77,0.0,silver,Decimal issues; sizes changed for 5p/10p in 1990s,copper,0.75,nickel,0.25,none,0.0,color:silver
United Kingdom,10p,GBP,1971,2025,6.5,24.5,1.85,0.0,silver,Decimal issues; sizes changed for 5p/10p in 1990s,copper,0.75,nickel,0.25,none,0.0,color:silver
United Kingdom,20p,GBP,1971,2025,5.0,21.4,1.7,0.0,silver,Decimal issues; sizes changed for 5p/10p in 1990s,copper,0.75,nickel,0.25,none,0.0,color:silver
United Kingdom,50p,GBP,1971,2025,8.0,27.3,1.78,0.0,silver,Decimal issues; sizes changed for 5p/10p in 1990s,copper,0.75,nickel,0.25,none,0.0,color:silver
United Kingdom,£1,GBP,1971,2025,8.75,23.03,2.8,0.0,bimetal,Decimal issues; sizes changed for 5p/10p in 1990s,unknown,1.0,none,0.0,none,0.0,color:unknown
United Kingdom,£2,GBP,1971,2025,12.0,28.4,2.5,0.0,bimetal,Decimal issues; sizes changed for 5p/10p in 1990s,unknown,1.0,none,0.0,none,0.0,color:unknown
Canada,1 cent,CAD,1968,2025,2.35,19.05,1.45,0.0,copper,Specs vary by era; estimates,unknown,1.0,none,0.0,none,0.0,color:unknown
Canada,5 cents,CAD,1968,2025,3.95,21.2,1.76,0.0,silver,Specs vary by era; estimates,copper,0.75,nickel,0.25,none,0.0,color:silver
Canada,10 cents,CAD,1968,2025,1.75,18.03,1.22,0.0,silver,Specs vary by era; estimates,copper,0.75,nickel,0.25,none,0.0,color:silver
Canada,25 cents,CAD,1968,2025,4.4,23.88,1.58,0.0,silver,Specs vary by era; estimates,copper,0.75,nickel,0.25,none,0.0,color:silver
Canada,50 cents,CAD,1968,2025,6.9,27.13,1.95,0.0,silver,Specs vary by era; estimates,copper,0.75,nickel,0.25,none,0.0,color:silver
Canada,$1 Loonie,CAD,1968,2025,6.27,26.5,1.95,0.0,gold,Specs vary by era; estimates,copper,0.7,zinc,0.3,none,0.0,color:gold
Canada,$2 Toonie,CAD,1968,2025,6.92,28.0,1.75,0.0,bimetal,Specs vary by era; estimates,unknown,1.0,none,0.0,none,0.0,color:unknown
United Kingdom,Penny,GBP,1900,1900,9.45,30.81,1.62,0.0,brown,Pre-decimal bronze penny,copper,0.95,tin,0.05,none,0.0,phrase:bronze
United Kingdom,Penny,GBP,1901,1901,9.45,30.81,1.62,0.0,brown,Pre-decimal bronze penny,copper,0.95,tin,0.05,none,0.0,phrase:bronze
United Kingdom,Penny,GBP,1902,1902,9.45,30.81,1.62,0.0,brown,Pre-decimal bronze penny,copper,0.95,tin,0.05,none,0.0,phrase:bronze
United Kingdom,Penny,GBP,1903,1903,9.45,30.81,1.62,0.0,brown,Pre-decimal bronze penny,copper,0.95,tin,0.05,none,0.0,phrase:bronze
United Kingdom,Penny,GBP,1904,1904,9.45,30.81,1.62,0.0,brown,Pre-decimal bronze penny,copper,0.95,tin,0.05,none,0.0,phrase:bronze
United Kingdom,Penny,GBP,1905,1905,9.45,30.81,1.62,0.0,brown,Pre-decimal bronze penny,copper,0.95,tin,0.05,none,0.0,phrase:bronze
United Kingdom,Penny,GBP,1906,1906,9.45,30.81,1.62,0.0,brown,Pre-decimal bronze penny,copper,0.95,tin,0.05,none,0.0,phrase:bronze
United Kingdom,Penny,GBP,1907,1907,9.45,30.81,1.62,0.0,brown,Pre-decimal bronze penny,copper,0.95,tin,0.05,none,0.0,phrase:bronze
United Kingdom,Penny,GBP,1908,1908,9.45,30.81,1.62,0.0,brown,Pre-decimal bronze penny,copper,0.95,tin,0.05,none,0.0,phrase:bronze
United Kingdom,Penny,GBP,1909,1909,9.45,30.81,1.62,0.0,brown,Pre-decimal bronze penny,copper,0.95,tin,0.05,none,0.0,phrase:bronze
United Kingdom,Penny,GBP,1910,1910,9.45,30.81,1.62,0.0,brown,Pre-decimal bronze penny,copper,0.95,tin,0.05,none,0.0,phrase:bronze
United Kingdom,Penny,GBP,1911,1911,9.45,30.81,1.62,0.0,brown,Pre-decimal bronze penny,copper,0.95,tin,0.05,none,0.0,phrase:bronze
United Kingdom,Penny,GBP,1912,1912,9.45,30.81,1.62,0.0,brown,Pre-decimal bronze penny,copper,0.95,tin,0.05,none,0.0,phrase:bronze
United Kingdom,Penny,GBP,1913,1913,9.45,30.81,1.62,0.0,brown,Pre-decimal bronze penny,copper,0.95,tin,0.05,none,0.0,phrase:bronze
United Kingdom,Penny,GBP,1914,1914,9.45,30.81,1.62,0.0,brown,Pre-decimal bronze penny,copper,0.95,tin,0.05,none,0.0,phrase:bronze
United Kingdom,Penny,GBP,1915,1915,9.45,30.81,1.62,0.0,brown,Pre-decimal bronze penny,copper,0.95,tin,0.05,none,0.0,phrase:bronze
United Kingdom,Penny,GBP,1916,1916,9.45,30.81,1.62,0.0,brown,Pre-decimal bronze penny,copper,0.95,tin,0.05,none,0.0,phrase:bronze
United Kingdom,Penny,GBP,1917,1917,9.45,30.81,1.62,0.0,brown,Pre-decimal bronze penny,copper,0.95,tin,0.05,none,0.0,phrase:bronze
United Kingdom,Penny,GBP,1918,1918,9.45,30.81,1.62,0.0,brown,Pre-decimal bronze penny,copper,0.95,tin,0.05,none,0.0,phrase:bronze
United Kingdom,Penny,GBP,1919,1919,9.45,30.81,1.62,0.0,brown,Pre-decimal bronze penny,copper,0.95,tin,0.05,none,0.0,phrase:bronze
United Kingdom,Penny,GBP,1920,1920,9.45,30.81,1.62,0.0,brown,Pre-decimal bronze penny,copper,0.95,tin,0.05,none,0.0,phrase:bronze
United Kingdom,Penny,GBP,1921,1921,9.45,30.81,1.62,0.0,brown,Pre-decimal bronze penny,copper,0.95,tin,0.05,none,0.0,phrase:bronze
United Kingdom,Penny,GBP,1922,1922,9.45,30.81,1.62,0.0,brown,Pre-decimal bronze penny,copper,0.95,tin,0.05,none,0.0,phrase:bronze
United Kingdom,Penny,GBP,1923,1923,9.45,30.81,1.62,0.0,brown,Pre-decimal bronze penny,copper,0.95,tin,0.05,none,0.0,phrase:bronze
United Kingdom,Penny,GBP,1924,1924,9.45,30.81,1.62,0.0,brown,Pre-decimal bronze penny,copper,0.95,tin,0.05,none,0.0,phrase:bronze
United Kingdom,Penny,GBP,1925,1925,9.45,30.81,1.62,0.0,brown,Pre-decimal bronze penny,copper,0.95,tin,0.05,none,0.0,phrase:bronze
United Kingdom,Penny,GBP,1926,1926,9.45,30.81,1.62,0.0,brown,Pre-decimal bronze penny,copper,0.95,tin,0.05,none,0.0,phrase:bronze
United Kingdom,Penny,GBP,1927,1927,9.45,30.81,1.62,0.0,brown,Pre-decimal bronze penny,copper,0.95,tin,0.05,none,0.0,phrase:bronze
United Kingdom,Penny,GBP,1928,1928,9.45,30.81,1.62,0.0,brown,Pre-decimal bronze penny,copper,0.95,tin,0.05,none,0.0,phrase:bronze
United Kingdom,Penny,GBP,1929,1929,9.45,30.81,1.62,0.0,brown,Pre-decimal bronze penny,copper,0.95,tin,0.05,none,0.0,phrase:bronze
United Kingdom,Penny,GBP,1930,1930,9.45,30.81,1.62,0.0,brown,Pre-decimal bronze penny,copper,0.95,tin,0.05,none,0.0,phrase:bronze
United Kingdom,Penny,GBP,1931,1931,9.45,30.81,1.62,0.0,brown,Pre-decimal bronze penny,copper,0.95,tin,0.05,none,0.0,phrase:bronze
United Kingdom,Penny,GBP,1932,1932,9.45,30.81,1.62,0.0,brown,Pre-decimal bronze penny,copper,0.95,tin,0.05,none,0.0,phrase:bronze
United Kingdom,Penny,GBP,1933,1933,9.45,30.81,1.62,0.0,brown,Pre-decimal bronze penny,copper,0.95,tin,0.05,none,0.0,phrase:bronze
United Kingdom,Penny,GBP,1934,1934,9.45,30.81,1.62,0.0,brown,Pre-decimal bronze penny,copper,0.95,tin,0.05,none,0.0,phrase:bronze
United Kingdom,Penny,GBP,1935,1935,9.45,30.81,1.62,0.0,brown,Pre-decimal bronze penny,copper,0.95,tin,0.05,none,0.0,phrase:bronze
United Kingdom,Penny,GBP,1936,1936,9.45,30.81,1.62,0.0,brown,Pre-decimal bronze penny,copper,0.95,tin,0.05,none,0.0,phrase:bronze
United Kingdom,Penny,GBP,1937,1937,9.45,30.81,1.62,0.0,brown,Pre-decimal bronze penny,copper,0.95,tin,0.05,none,0.0,phrase:bronze
United Kingdom,Penny,GBP,1938,1938,9.45,30.81,1.62,0.0,brown,Pre-decimal bronze penny,copper,0.95,tin,0.05,none,0.0,phrase:bronze
United Kingdom,Penny,GBP,1939,1939,9.45,30.81,1.62,0.0,brown,Pre-decimal bronze penny,copper,0.95,tin,0.05,none,0.0,phrase:bronze
United Kingdom,Penny,GBP,1940,1940,9.45,30.81,1.62,0.0,brown,Pre-decimal bronze penny,copper,0.95,tin,0.05,none,0.0,phrase:bronze
United Kingdom,Penny,GBP,1941,1941,9.45,30.81,1.62,0.0,brown,Pre-decimal bronze penny,copper,0.95,tin,0.05,none,0.0,phrase:bronze
United Kingdom,Penny,GBP,1942,1942,9.45,30.81,1.62,0.0,brown,Pre-decimal bronze penny,copper,0.95,tin,0.05,none,0.0,phrase:bronze
United Kingdom,Penny,GBP,1943,1943,9.45,30.81,1.62,0.0,brown,Pre-decimal bronze penny,copper,0.95,tin,0.05,none,0.0,phrase:bronze
United Kingdom,Penny,GBP,1944,1944,9.45,30.81,1.62,0.0,brown,Pre-decimal bronze penny,copper,0.95,tin,0.05,none,0.0,phrase:bronze
United Kingdom,Penny,GBP,1945,1945,9.45,30.81,1.62,0.0,brown,Pre-decimal bronze penny,copper,0.95,tin,0.05,none,0.0,phrase:bronze
United Kingdom,Penny,GBP,1946,1946,9.45,30.81,1.62,0.0,brown,Pre-decimal bronze penny,copper,0.95,tin,0.05,none,0.0,phrase:bronze
United Kingdom,Penny,GBP,1947,1947,9.45,30.81,1.62,0.0,brown,Pre-decimal bronze penny,copper,0.95,tin,0.05,none,0.0,phrase:bronze
United Kingdom,Penny,GBP,1948,1948,9.45,30.81,1.62,0.0,brown,Pre-decimal bronze penny,copper,0.95,tin,0.05,none,0.0,phrase:bronze
United Kingdom,Penny,GBP,1949,1949,9.45,30.81,1.62,0.0,brown,Pre-decimal bronze penny,copper,0.95,tin,0.05,none,0.0,phrase:bronze
United Kingdom,Penny,GBP,1950,1950,9.45,30.81,1.62,0.0,brown,Pre-decimal bronze penny,copper,0.95,tin,0.05,none,0.0,phrase:bronze
United Kingdom,Penny,GBP,1951,1951,9.45,30.81,1.62,0.0,brown,Pre-decimal bronze penny,copper,0.95,tin,0.05,none,0.0,phrase:bronze
United Kingdom,Penny,GBP,1952,1952,9.45,30.81,1.62,0.0,brown,Pre-decimal bronze penny,copper,0.95,tin,0.05,none,0.0,phrase:bronze
United Kingdom,Penny,GBP,1953,1953,9.45,30.81,1.62,0.0,brown,Pre-decimal bronze penny,copper,0.95,tin,0.05,none,0.0,phrase:bronze
United Kingdom,Penny,GBP,1954,1954,9.45,30.81,1.62,0.0,brown,Pre-decimal bronze penny,copper,0.95,tin,0.05,none,0.0,phrase:bronze
United Kingdom,Penny,GBP,1955,1955,9.45,30.81,1.62,0.0,brown,Pre-decimal bronze penny,copper,0.95,tin,0.05,none,0.0,phrase:bronze
United Kingdom,Penny,GBP,1956,1956,9.45,30.81,1.62,0.0,brown,Pre-decimal bronze penny,copper,0.95,tin,0.05,none,0.0,phrase:bronze
United Kingdom,Penny,GBP,1957,1957,9.45,30.81,1.62,0.0,brown,Pre-decimal bronze penny,copper,0.95,tin,0.05,none,0.0,phrase:bronze
United Kingdom,Penny,GBP,1958,1958,9.45,30.81,1.62,0.0,brown,Pre-decimal bronze penny,copper,0.95,tin,0.05,none,0.0,phrase:bronze
United Kingdom,Penny,GBP,1959,1959,9.45,30.81,1.62,0.0,brown,Pre-decimal bronze penny,copper,0.95,tin,0.05,none,0.0,phrase:bronze
United Kingdom,Penny,GBP,1960,1960,9.45,30.81,1.62,0.0,brown,Pre-decimal bronze penny,copper,0.95,tin,0.05,none,0.0,phrase:bronze
United Kingdom,Penny,GBP,1961,1961,9.45,30.81,1.62,0.0,brown,Pre-decimal bronze penny,copper,0.95,tin,0.05,none,0.0,phrase:bronze
United Kingdom,Penny,GBP,1962,1962,9.45,30.81,1.62,0.0,brown,Pre-decimal bronze penny,copper,0.95,tin,0.05,none,0.0,phrase:bronze
United Kingdom,Penny,GBP,1963,1963,9.45,30.81,1.62,0.0,brown,Pre-decimal bronze penny,copper,0.95,tin,0.05,none,0.0,phrase:bronze
United Kingdom,Penny,GBP,1964,1964,9.45,30.81,1.62,0.0,brown,Pre-decimal bronze penny,copper,0.95,tin,0.05,none,0.0,phrase:bronze
United Kingdom,Penny,GBP,1965,1965,9.45,30.81,1.62,0.0,brown,Pre-decimal bronze penny,copper,0.95,tin,0.05,none,0.0,phrase:bronze
United Kingdom,Penny,GBP,1966,1966,9.45,30.81,1.62,0.0,brown,Pre-decimal bronze penny,copper,0.95,tin,0.05,none,0.0,phrase:bronze
United Kingdom,Penny,GBP,1967,1967,9.45,30.81,1.62,0.0,brown,Pre-decimal bronze penny,copper,0.95,tin,0.05,none,0.0,phrase:bronze
United Kingdom,Penny,GBP,1968,1968,9.45,30.81,1.62,0.0,brown,Pre-decimal bronze penny,copper,0.95,tin,0.05,none,0.0,phrase:bronze
United Kingdom,Penny,GBP,1969,1969,9.45,30.81,1.62,0.0,brown,Pre-decimal bronze penny,copper,0.95,tin,0.05,none,0.0,phrase:bronze
United Kingdom,Penny,GBP,1970,1970,9.45,30.81,1.62,0.0,brown,Pre-decimal bronze penny,copper,0.95,tin,0.05,none,0.0,phrase:bronze
